poi_id,day,hour,busy
POI0001,Mo,6,0
POI0001,Mo,7,0
POI0001,Mo,8,0
POI0001,Mo,9,17
POI0001,Mo,10,28
POI0001,Mo,11,38
POI0001,Mo,12,44
POI0001,Mo,13,47
POI0001,Mo,14,50
POI0001,Mo,15,51
POI0001,Mo,16,53
POI0001,Mo,17,55
POI0001,Mo,18,57
POI0001,Mo,19,62
POI0001,Mo,20,65
POI0001,Mo,21,63
POI0001,Mo,22,51
POI0001,Mo,23,0
POI0001,Tu,6,0
POI0001,Tu,7,0
POI0001,Tu,8,0
POI0001,Tu,9,17
POI0001,Tu,10,29
POI0001,Tu,11,40
POI0001,Tu,12,46
POI0001,Tu,13,50
POI0001,Tu,14,52
POI0001,Tu,15,54
POI0001,Tu,16,56
POI0001,Tu,17,58
POI0001,Tu,18,61
POI0001,Tu,19,65
POI0001,Tu,20,67
POI0001,Tu,21,65
POI0001,Tu,22,53
POI0001,Tu,23,0
POI0001,We,6,0
POI0001,We,7,0
POI0001,We,8,0
POI0001,We,9,16
POI0001,We,10,26
POI0001,We,11,35
POI0001,We,12,40
POI0001,We,13,43
POI0001,We,14,46
POI0001,We,15,49
POI0001,We,16,51
POI0001,We,17,53
POI0001,We,18,55
POI0001,We,19,60
POI0001,We,20,65
POI0001,We,21,66
POI0001,We,22,56
POI0001,We,23,0
POI0001,Th,6,0
POI0001,Th,7,0
POI0001,Th,8,0
POI0001,Th,9,17
POI0001,Th,10,29
POI0001,Th,11,40
POI0001,Th,12,46
POI0001,Th,13,49
POI0001,Th,14,52
POI0001,Th,15,55
POI0001,Th,16,58
POI0001,Th,17,61
POI0001,Th,18,65
POI0001,Th,19,70
POI0001,Th,21,72
POI0001,Th,22,59
POI0001,Th,23,0
POI0001,Fr,6,0
POI0001,Fr,7,0
POI0001,Fr,8,0
POI0001,Fr,9,20
POI0001,Fr,10,33
POI0001,Fr,11,45
POI0001,Fr,12,52
POI0001,Fr,13,56
POI0001,Fr,14,59
POI0001,Fr,15,62
POI0001,Fr,16,65
POI0001,Fr,17,67
POI0001,Fr,18,71
POI0001,Fr,19,75
POI0001,Fr,20,81
POI0001,Fr,21,81
POI0001,Fr,22,70
POI0001,Fr,23,0
POI0001,Sa,6,0
POI0001,Sa,7,0
POI0001,Sa,8,0
POI0001,Sa,9,25
POI0001,Sa,10,40
POI0001,Sa,11,54
POI0001,Sa,12,62
POI0001,Sa,13,66
POI0001,Sa,14,70
POI0001,Sa,15,74
POI0001,Sa,16,80
POI0001,Sa,17,84
POI0001,Sa,18,89
POI0001,Sa,19,95
POI0001,Sa,20,100
POI0001,Sa,21,98
POI0001,Sa,22,85
POI0001,Sa,23,0
POI0001,Su,6,0
POI0001,Su,7,0
POI0001,Su,8,0
POI0001,Su,9,18
POI0001,Su,10,31
POI0001,Su,11,42
POI0001,Su,12,49
POI0001,Su,13,53
POI0001,Su,14,56
POI0001,Su,15,59
POI0001,Su,16,61
POI0001,Su,17,63
POI0001,Su,18,65
POI0001,Su,19,68
POI0001,Su,20,71
POI0001,Su,21,68
POI0001,Su,22,55
POI0001,Su,23,0
POI0002,Mo,6,0
POI0002,Mo,7,0
POI0002,Mo,8,0
POI0002,Mo,9,30
POI0002,Mo,10,47
POI0002,Mo,11,63
POI0002,Mo,12,77
POI0002,Mo,13,85
POI0002,Mo,14,87
POI0002,Mo,15,84
POI0002,Mo,16,74
POI0002,Mo,17,58
POI0002,Mo,18,0
POI0002,Mo,19,0
POI0002,Mo,20,0
POI0002,Mo,21,0
POI0002,Mo,22,0
POI0002,Mo,23,0
POI0002,We,6,0
POI0002,We,7,0
POI0002,We,8,0
POI0002,We,9,33
POI0002,We,10,51
POI0002,We,11,68
POI0002,We,12,82
POI0002,We,13,90
POI0002,We,14,91
POI0002,We,15,89
POI0002,We,16,85
POI0002,We,17,80
POI0002,We,18,72
POI0002,We,19,59
POI0002,We,20,43
POI0002,We,21,0
POI0002,We,22,0
POI0002,We,23,0
POI0002,Th,6,0
POI0002,Th,7,0
POI0002,Th,8,0
POI0002,Th,9,34
POI0002,Th,10,52
POI0002,Th,11,69
POI0002,Th,12,79
POI0002,Th,13,83
POI0002,Th,14,84
POI0002,Th,15,81
POI0002,Th,16,73
POI0002,Th,17,60
POI0002,Th,18,0
POI0002,Th,19,0
POI0002,Th,20,0
POI0002,Th,21,0
POI0002,Th,22,0
POI0002,Th,23,0
POI0002,Fr,6,0
POI0002,Fr,7,0
POI0002,Fr,8,0
POI0002,Fr,9,29
POI0002,Fr,10,46
POI0002,Fr,11,62
POI0002,Fr,12,74
POI0002,Fr,13,81
POI0002,Fr,14,84
POI0002,Fr,15,86
POI0002,Fr,16,85
POI0002,Fr,17,83
POI0002,Fr,18,77
POI0002,Fr,19,66
POI0002,Fr,20,50
POI0002,Fr,21,0
POI0002,Fr,22,0
POI0002,Fr,23,0
POI0002,Sa,6,0
POI0002,Sa,7,0
POI0002,Sa,8,0
POI0002,Sa,9,31
POI0002,Sa,10,50
POI0002,Sa,11,70
POI0002,Sa,12,84
POI0002,Sa,13,92
POI0002,Sa,14,98
POI0002,Sa,15,100
POI0002,Sa,16,94
POI0002,Sa,17,78
POI0002,Sa,18,0
POI0002,Sa,19,0
POI0002,Sa,20,0
POI0002,Sa,21,0
POI0002,Sa,22,0
POI0002,Sa,23,0
POI0002,Su,6,0
POI0002,Su,7,0
POI0002,Su,8,0
POI0002,Su,9,30
POI0002,Su,10,47
POI0002,Su,11,63
POI0002,Su,12,73
POI0002,Su,13,80
POI0002,Su,14,83
POI0002,Su,15,84
POI0002,Su,16,78
POI0002,Su,17,64
POI0002,Su,18,0
POI0002,Su,19,0
POI0002,Su,20,0
POI0002,Su,21,0
POI0002,Su,22,0
POI0002,Su,23,0
POI0003,Mo,6,0
POI0003,Mo,7,9
POI0003,Mo,8,21
POI0003,Mo,9,40
POI0003,Mo,10,58
POI0003,Mo,11,69
POI0003,Mo,12,74
POI0003,Mo,13,76
POI0003,Mo,14,78
POI0003,Mo,15,78
POI0003,Mo,16,73
POI0003,Mo,17,62
POI0003,Mo,18,46
POI0003,Mo,19,0
POI0003,Mo,20,0
POI0003,Mo,21,0
POI0003,Mo,22,0
POI0003,Mo,23,0
POI0003,Tu,6,0
POI0003,Tu,7,8
POI0003,Tu,8,19
POI0003,Tu,9,36
POI0003,Tu,10,53
POI0003,Tu,11,66
POI0003,Tu,12,73
POI0003,Tu,13,76
POI0003,Tu,14,78
POI0003,Tu,15,77
POI0003,Tu,16,72
POI0003,Tu,17,61
POI0003,Tu,18,47
POI0003,Tu,19,0
POI0003,Tu,20,0
POI0003,Tu,21,0
POI0003,Tu,22,0
POI0003,Tu,23,0
POI0003,We,6,0
POI0003,We,7,8
POI0003,We,8,19
POI0003,We,9,36
POI0003,We,10,53
POI0003,We,11,64
POI0003,We,12,70
POI0003,We,13,72
POI0003,We,14,74
POI0003,We,15,74
POI0003,We,16,70
POI0003,We,17,60
POI0003,We,18,46
POI0003,We,19,0
POI0003,We,20,0
POI0003,We,21,0
POI0003,We,22,0
POI0003,We,23,0
POI0003,Th,6,0
POI0003,Th,7,7
POI0003,Th,8,19
POI0003,Th,9,36
POI0003,Th,10,53
POI0003,Th,11,65
POI0003,Th,12,72
POI0003,Th,13,77
POI0003,Th,14,82
POI0003,Th,15,84
POI0003,Th,16,80
POI0003,Th,17,73
POI0003,Th,18,65
POI0003,Th,19,57
POI0003,Th,21,33
POI0003,Th,22,0
POI0003,Th,23,0
POI0003,Fr,6,0
POI0003,Fr,7,8
POI0003,Fr,8,21
POI0003,Fr,9,40
POI0003,Fr,10,59
POI0003,Fr,11,73
POI0003,Fr,12,79
POI0003,Fr,13,83
POI0003,Fr,14,85
POI0003,Fr,15,87
POI0003,Fr,16,84
POI0003,Fr,17,74
POI0003,Fr,18,57
POI0003,Fr,19,0
POI0003,Fr,20,0
POI0003,Fr,21,0
POI0003,Fr,22,0
POI0003,Fr,23,0
POI0003,Sa,6,0
POI0003,Sa,7,0
POI0003,Sa,8,21
POI0003,Sa,9,43
POI0003,Sa,10,64
POI0003,Sa,11,78
POI0003,Sa,12,84
POI0003,Sa,13,89
POI0003,Sa,14,95
POI0003,Sa,15,100
POI0003,Sa,16,99
POI0003,Sa,17,91
POI0003,Sa,18,75
POI0003,Sa,19,54
POI0003,Sa,20,0
POI0003,Sa,21,0
POI0003,Sa,22,0
POI0003,Sa,23,0
POI0003,Su,6,0
POI0003,Su,7,0
POI0003,Su,8,19
POI0003,Su,9,35
POI0003,Su,10,52
POI0003,Su,11,64
POI0003,Su,12,70
POI0003,Su,13,76
POI0003,Su,14,81
POI0003,Su,15,85
POI0003,Su,16,84
POI0003,Su,17,77
POI0003,Su,18,62
POI0003,Su,19,42
POI0003,Su,20,0
POI0003,Su,21,0
POI0003,Su,22,0
POI0003,Su,23,0
POI0007,Mo,6,0
POI0007,Mo,7,0
POI0007,Mo,8,0
POI0007,Mo,9,16
POI0007,Mo,10,24
POI0007,Mo,11,30
POI0007,Mo,12,34
POI0007,Mo,13,36
POI0007,Mo,14,39
POI0007,Mo,15,42
POI0007,Mo,16,44
POI0007,Mo,17,46
POI0007,Mo,18,49
POI0007,Mo,19,55
POI0007,Mo,20,64
POI0007,Mo,21,71
POI0007,Mo,22,75
POI0007,Mo,23,0
POI0007,Tu,6,0
POI0007,Tu,7,0
POI0007,Tu,8,0
POI0007,Tu,9,14
POI0007,Tu,10,22
POI0007,Tu,11,28
POI0007,Tu,12,32
POI0007,Tu,13,35
POI0007,Tu,14,40
POI0007,Tu,15,43
POI0007,Tu,16,45
POI0007,Tu,17,44
POI0007,Tu,18,49
POI0007,Tu,19,55
POI0007,Tu,20,66
POI0007,Tu,21,71
POI0007,Tu,22,73
POI0007,Tu,23,0
POI0007,We,6,0
POI0007,We,7,0
POI0007,We,8,0
POI0007,We,9,14
POI0007,We,10,21
POI0007,We,11,26
POI0007,We,12,30
POI0007,We,13,32
POI0007,We,14,34
POI0007,We,15,37
POI0007,We,16,39
POI0007,We,17,44
POI0007,We,18,49
POI0007,We,19,55
POI0007,We,20,65
POI0007,We,21,72
POI0007,We,22,75
POI0007,We,23,0
POI0007,Th,6,0
POI0007,Th,7,0
POI0007,Th,8,0
POI0007,Th,9,15
POI0007,Th,10,24
POI0007,Th,11,30
POI0007,Th,12,33
POI0007,Th,13,35
POI0007,Th,14,37
POI0007,Th,15,40
POI0007,Th,16,44
POI0007,Th,17,49
POI0007,Th,18,56
POI0007,Th,19,63
POI0007,Th,21,82
POI0007,Th,22,89
POI0007,Th,23,0
POI0007,Fr,6,0
POI0007,Fr,7,0
POI0007,Fr,8,0
POI0007,Fr,9,17
POI0007,Fr,10,26
POI0007,Fr,11,33
POI0007,Fr,12,38
POI0007,Fr,13,42
POI0007,Fr,14,48
POI0007,Fr,15,52
POI0007,Fr,16,56
POI0007,Fr,17,57
POI0007,Fr,18,60
POI0007,Fr,19,63
POI0007,Fr,20,73
POI0007,Fr,21,84
POI0007,Fr,22,93
POI0007,Fr,23,0
POI0007,Sa,6,0
POI0007,Sa,7,0
POI0007,Sa,8,0
POI0007,Sa,9,20
POI0007,Sa,10,33
POI0007,Sa,11,42
POI0007,Sa,12,48
POI0007,Sa,13,53
POI0007,Sa,14,59
POI0007,Sa,15,65
POI0007,Sa,16,70
POI0007,Sa,17,74
POI0007,Sa,18,78
POI0007,Sa,19,82
POI0007,Sa,20,90
POI0007,Sa,21,96
POI0007,Sa,22,100
POI0007,Sa,23,0
POI0007,Su,6,0
POI0007,Su,7,0
POI0007,Su,8,0
POI0007,Su,9,18
POI0007,Su,10,29
POI0007,Su,11,36
POI0007,Su,12,42
POI0007,Su,13,45
POI0007,Su,14,49
POI0007,Su,15,51
POI0007,Su,16,53
POI0007,Su,17,54
POI0007,Su,18,56
POI0007,Su,19,59
POI0007,Su,20,67
POI0007,Su,21,76
POI0007,Su,22,83
POI0007,Su,23,0
POI0008,Tu,6,0
POI0008,Tu,7,0
POI0008,Tu,8,0
POI0008,Tu,9,37
POI0008,Tu,10,58
POI0008,Tu,11,77
POI0008,Tu,12,90
POI0008,Tu,13,97
POI0008,Tu,14,100
POI0008,Tu,15,96
POI0008,Tu,16,83
POI0008,Tu,17,63
POI0008,Tu,18,0
POI0008,Tu,19,0
POI0008,Tu,20,0
POI0008,Tu,21,0
POI0008,Tu,22,0
POI0008,Tu,23,0
POI0008,We,6,0
POI0008,We,7,0
POI0008,We,8,0
POI0008,We,9,32
POI0008,We,10,51
POI0008,We,11,68
POI0008,We,12,78
POI0008,We,13,83
POI0008,We,14,83
POI0008,We,15,80
POI0008,We,16,69
POI0008,We,17,53
POI0008,We,18,0
POI0008,We,19,0
POI0008,We,20,0
POI0008,We,21,0
POI0008,We,22,0
POI0008,We,23,0
POI0008,Th,6,0
POI0008,Th,7,0
POI0008,Th,8,0
POI0008,Th,9,31
POI0008,Th,10,48
POI0008,Th,11,64
POI0008,Th,12,74
POI0008,Th,13,81
POI0008,Th,14,86
POI0008,Th,15,89
POI0008,Th,16,94
POI0008,Th,17,97
POI0008,Th,18,98
POI0008,Th,19,88
POI0008,Th,21,43
POI0008,Th,22,0
POI0008,Th,23,0
POI0008,Fr,6,0
POI0008,Fr,7,0
POI0008,Fr,8,0
POI0008,Fr,9,27
POI0008,Fr,10,45
POI0008,Fr,11,60
POI0008,Fr,12,70
POI0008,Fr,13,77
POI0008,Fr,14,81
POI0008,Fr,15,82
POI0008,Fr,16,73
POI0008,Fr,17,55
POI0008,Fr,18,0
POI0008,Fr,19,0
POI0008,Fr,20,0
POI0008,Fr,21,0
POI0008,Fr,22,0
POI0008,Fr,23,0
POI0008,Sa,6,0
POI0008,Sa,7,0
POI0008,Sa,8,0
POI0008,Sa,9,30
POI0008,Sa,10,50
POI0008,Sa,11,68
POI0008,Sa,12,81
POI0008,Sa,13,89
POI0008,Sa,14,94
POI0008,Sa,15,94
POI0008,Sa,16,85
POI0008,Sa,17,66
POI0008,Sa,18,0
POI0008,Sa,19,0
POI0008,Sa,20,0
POI0008,Sa,21,0
POI0008,Sa,22,0
POI0008,Sa,23,0
POI0008,Su,6,0
POI0008,Su,7,0
POI0008,Su,8,0
POI0008,Su,9,24
POI0008,Su,10,42
POI0008,Su,11,60
POI0008,Su,12,73
POI0008,Su,13,82
POI0008,Su,14,87
POI0008,Su,15,87
POI0008,Su,16,78
POI0008,Su,17,59
POI0008,Su,18,0
POI0008,Su,19,0
POI0008,Su,20,0
POI0008,Su,21,0
POI0008,Su,22,0
POI0008,Su,23,0
POI0009,Mo,0,11
POI0009,Mo,1,6
POI0009,Mo,2,4
POI0009,Mo,3,3
POI0009,Mo,4,3
POI0009,Mo,5,3
POI0009,Mo,6,6
POI0009,Mo,7,9
POI0009,Mo,8,12
POI0009,Mo,9,18
POI0009,Mo,10,24
POI0009,Mo,11,30
POI0009,Mo,12,34
POI0009,Mo,13,37
POI0009,Mo,14,39
POI0009,Mo,15,43
POI0009,Mo,16,48
POI0009,Mo,17,51
POI0009,Mo,18,52
POI0009,Mo,19,48
POI0009,Mo,20,41
POI0009,Mo,21,34
POI0009,Mo,22,27
POI0009,Mo,23,20
POI0009,Tu,0,16
POI0009,Tu,1,8
POI0009,Tu,2,3
POI0009,Tu,3,3
POI0009,Tu,4,2
POI0009,Tu,5,4
POI0009,Tu,6,7
POI0009,Tu,7,11
POI0009,Tu,8,15
POI0009,Tu,9,20
POI0009,Tu,10,25
POI0009,Tu,11,30
POI0009,Tu,12,36
POI0009,Tu,13,40
POI0009,Tu,14,41
POI0009,Tu,15,43
POI0009,Tu,16,46
POI0009,Tu,17,51
POI0009,Tu,18,54
POI0009,Tu,19,52
POI0009,Tu,20,48
POI0009,Tu,21,42
POI0009,Tu,22,36
POI0009,Tu,23,28
POI0009,We,0,17
POI0009,We,1,8
POI0009,We,2,4
POI0009,We,3,3
POI0009,We,4,3
POI0009,We,5,4
POI0009,We,6,6
POI0009,We,7,9
POI0009,We,8,12
POI0009,We,9,17
POI0009,We,10,23
POI0009,We,11,29
POI0009,We,12,34
POI0009,We,13,38
POI0009,We,14,41
POI0009,We,15,43
POI0009,We,16,47
POI0009,We,17,50
POI0009,We,18,51
POI0009,We,19,48
POI0009,We,20,44
POI0009,We,21,40
POI0009,We,22,37
POI0009,We,23,30
POI0009,Th,0,19
POI0009,Th,1,11
POI0009,Th,2,6
POI0009,Th,3,5
POI0009,Th,4,4
POI0009,Th,5,5
POI0009,Th,6,7
POI0009,Th,7,10
POI0009,Th,8,15
POI0009,Th,9,23
POI0009,Th,10,30
POI0009,Th,11,37
POI0009,Th,12,43
POI0009,Th,13,47
POI0009,Th,14,49
POI0009,Th,15,50
POI0009,Th,16,52
POI0009,Th,17,56
POI0009,Th,18,58
POI0009,Th,19,55
POI0009,Th,21,44
POI0009,Th,22,39
POI0009,Th,23,32
POI0009,Fr,0,35
POI0009,Fr,1,20
POI0009,Fr,2,12
POI0009,Fr,3,8
POI0009,Fr,4,6
POI0009,Fr,5,6
POI0009,Fr,6,7
POI0009,Fr,7,9
POI0009,Fr,8,14
POI0009,Fr,9,21
POI0009,Fr,10,28
POI0009,Fr,11,33
POI0009,Fr,12,38
POI0009,Fr,13,42
POI0009,Fr,14,47
POI0009,Fr,15,51
POI0009,Fr,16,56
POI0009,Fr,17,60
POI0009,Fr,18,62
POI0009,Fr,19,63
POI0009,Fr,20,64
POI0009,Fr,21,67
POI0009,Fr,22,65
POI0009,Fr,23,56
POI0009,Sa,0,40
POI0009,Sa,1,25
POI0009,Sa,2,15
POI0009,Sa,3,10
POI0009,Sa,4,8
POI0009,Sa,5,7
POI0009,Sa,6,6
POI0009,Sa,7,8
POI0009,Sa,8,14
POI0009,Sa,9,23
POI0009,Sa,10,33
POI0009,Sa,11,41
POI0009,Sa,12,47
POI0009,Sa,13,54
POI0009,Sa,14,63
POI0009,Sa,15,73
POI0009,Sa,16,82
POI0009,Sa,17,84
POI0009,Sa,18,81
POI0009,Sa,19,70
POI0009,Sa,20,64
POI0009,Sa,21,62
POI0009,Sa,22,63
POI0009,Sa,23,58
POI0009,Su,0,10
POI0009,Su,1,7
POI0009,Su,2,5
POI0009,Su,3,5
POI0009,Su,4,7
POI0009,Su,5,8
POI0009,Su,6,9
POI0009,Su,7,13
POI0009,Su,8,23
POI0009,Su,9,41
POI0009,Su,10,65
POI0009,Su,11,86
POI0009,Su,12,99
POI0009,Su,13,100
POI0009,Su,14,95
POI0009,Su,15,86
POI0009,Su,16,79
POI0009,Su,17,74
POI0009,Su,18,65
POI0009,Su,19,53
POI0009,Su,20,41
POI0009,Su,21,33
POI0009,Su,22,25
POI0009,Su,23,19
POI0010,Th,6,0
POI0010,Th,7,0
POI0010,Th,8,0
POI0010,Th,9,38
POI0010,Th,10,51
POI0010,Th,11,63
POI0010,Th,12,76
POI0010,Th,13,85
POI0010,Th,14,89
POI0010,Th,15,92
POI0010,Th,16,93
POI0010,Th,17,91
POI0010,Th,18,82
POI0010,Th,19,68
POI0010,Th,20,0
POI0010,Th,21,0
POI0010,Th,22,0
POI0010,Th,23,0
POI0010,Fr,6,0
POI0010,Fr,7,0
POI0010,Fr,8,0
POI0010,Fr,9,31
POI0010,Fr,10,43
POI0010,Fr,11,51
POI0010,Fr,12,59
POI0010,Fr,13,64
POI0010,Fr,14,70
POI0010,Fr,15,77
POI0010,Fr,16,82
POI0010,Fr,17,83
POI0010,Fr,18,76
POI0010,Fr,19,66
POI0010,Fr,20,0
POI0010,Fr,21,0
POI0010,Fr,22,0
POI0010,Fr,23,0
POI0010,Sa,6,0
POI0010,Sa,7,0
POI0010,Sa,8,0
POI0010,Sa,9,16
POI0010,Sa,10,26
POI0010,Sa,11,38
POI0010,Sa,12,48
POI0010,Sa,13,60
POI0010,Sa,14,75
POI0010,Sa,15,87
POI0010,Sa,16,95
POI0010,Sa,17,94
POI0010,Sa,18,84
POI0010,Sa,19,71
POI0010,Sa,20,0
POI0010,Sa,21,0
POI0010,Sa,22,0
POI0010,Sa,23,0
POI0010,Su,6,0
POI0010,Su,7,0
POI0010,Su,8,0
POI0010,Su,9,0
POI0010,Su,10,0
POI0010,Su,11,0
POI0010,Su,12,0
POI0010,Su,13,44
POI0010,Su,14,60
POI0010,Su,15,75
POI0010,Su,16,85
POI0010,Su,17,86
POI0010,Su,18,74
POI0010,Su,19,0
POI0010,Su,20,0
POI0010,Su,21,0
POI0010,Su,22,0
POI0010,Su,23,0
POI0011,Mo,6,0
POI0011,Mo,7,0
POI0011,Mo,8,0
POI0011,Mo,9,0
POI0011,Mo,10,35
POI0011,Mo,11,49
POI0011,Mo,12,59
POI0011,Mo,13,66
POI0011,Mo,14,73
POI0011,Mo,15,74
POI0011,Mo,16,70
POI0011,Mo,17,59
POI0011,Mo,18,0
POI0011,Mo,19,0
POI0011,Mo,20,0
POI0011,Mo,21,0
POI0011,Mo,22,0
POI0011,Mo,23,0
POI0011,Tu,6,0
POI0011,Tu,7,0
POI0011,Tu,8,0
POI0011,Tu,9,0
POI0011,Tu,10,37
POI0011,Tu,11,48
POI0011,Tu,12,57
POI0011,Tu,13,62
POI0011,Tu,14,66
POI0011,Tu,15,68
POI0011,Tu,16,64
POI0011,Tu,17,54
POI0011,Tu,18,0
POI0011,Tu,19,0
POI0011,Tu,20,0
POI0011,Tu,21,0
POI0011,Tu,22,0
POI0011,Tu,23,0
POI0011,We,6,0
POI0011,We,7,0
POI0011,We,8,0
POI0011,We,9,0
POI0011,We,10,33
POI0011,We,11,46
POI0011,We,12,54
POI0011,We,13,59
POI0011,We,14,64
POI0011,We,15,67
POI0011,We,16,64
POI0011,We,17,55
POI0011,We,18,0
POI0011,We,19,0
POI0011,We,20,0
POI0011,We,21,0
POI0011,We,22,0
POI0011,We,23,0
POI0011,Th,6,0
POI0011,Th,7,0
POI0011,Th,8,0
POI0011,Th,9,0
POI0011,Th,10,35
POI0011,Th,11,49
POI0011,Th,12,60
POI0011,Th,13,67
POI0011,Th,14,71
POI0011,Th,15,72
POI0011,Th,16,67
POI0011,Th,17,56
POI0011,Th,18,0
POI0011,Th,19,0
POI0011,Th,20,0
POI0011,Th,21,0
POI0011,Th,22,0
POI0011,Th,23,0
POI0011,Fr,6,0
POI0011,Fr,7,0
POI0011,Fr,8,0
POI0011,Fr,9,0
POI0011,Fr,10,38
POI0011,Fr,11,53
POI0011,Fr,12,64
POI0011,Fr,13,69
POI0011,Fr,14,75
POI0011,Fr,15,78
POI0011,Fr,16,75
POI0011,Fr,17,64
POI0011,Fr,18,0
POI0011,Fr,19,0
POI0011,Fr,20,0
POI0011,Fr,21,0
POI0011,Fr,22,0
POI0011,Fr,23,0
POI0011,Sa,6,0
POI0011,Sa,7,0
POI0011,Sa,8,0
POI0011,Sa,9,0
POI0011,Sa,10,42
POI0011,Sa,11,62
POI0011,Sa,12,74
POI0011,Sa,13,83
POI0011,Sa,14,91
POI0011,Sa,15,100
POI0011,Sa,16,99
POI0011,Sa,17,84
POI0011,Sa,18,0
POI0011,Sa,19,0
POI0011,Sa,20,0
POI0011,Sa,21,0
POI0011,Sa,22,0
POI0011,Sa,23,0
POI0011,Su,6,0
POI0011,Su,7,0
POI0011,Su,8,0
POI0011,Su,9,0
POI0011,Su,10,37
POI0011,Su,11,55
POI0011,Su,12,67
POI0011,Su,13,71
POI0011,Su,14,76
POI0011,Su,15,80
POI0011,Su,16,77
POI0011,Su,17,66
POI0011,Su,18,0
POI0011,Su,19,0
POI0011,Su,20,0
POI0011,Su,21,0
POI0011,Su,22,0
POI0011,Su,23,0
POI0012,Mo,6,0
POI0012,Mo,7,0
POI0012,Mo,8,0
POI0012,Mo,9,0
POI0012,Mo,10,22
POI0012,Mo,11,32
POI0012,Mo,12,40
POI0012,Mo,13,46
POI0012,Mo,14,49
POI0012,Mo,15,52
POI0012,Mo,16,54
POI0012,Mo,17,52
POI0012,Mo,18,45
POI0012,Mo,19,32
POI0012,Mo,20,0
POI0012,Mo,21,0
POI0012,Mo,22,0
POI0012,Mo,23,0
POI0012,Tu,6,0
POI0012,Tu,7,0
POI0012,Tu,8,0
POI0012,Tu,9,0
POI0012,Tu,10,24
POI0012,Tu,11,32
POI0012,Tu,12,39
POI0012,Tu,13,44
POI0012,Tu,14,49
POI0012,Tu,15,53
POI0012,Tu,16,55
POI0012,Tu,17,53
POI0012,Tu,18,46
POI0012,Tu,19,34
POI0012,Tu,20,0
POI0012,Tu,21,0
POI0012,Tu,22,0
POI0012,Tu,23,0
POI0012,We,6,0
POI0012,We,7,0
POI0012,We,8,0
POI0012,We,9,0
POI0012,We,10,24
POI0012,We,11,32
POI0012,We,12,38
POI0012,We,13,43
POI0012,We,14,47
POI0012,We,15,50
POI0012,We,16,51
POI0012,We,17,50
POI0012,We,18,43
POI0012,We,19,32
POI0012,We,20,0
POI0012,We,21,0
POI0012,We,22,0
POI0012,We,23,0
POI0012,Th,6,0
POI0012,Th,7,0
POI0012,Th,8,0
POI0012,Th,9,0
POI0012,Th,10,23
POI0012,Th,11,32
POI0012,Th,12,40
POI0012,Th,13,46
POI0012,Th,14,51
POI0012,Th,15,56
POI0012,Th,16,59
POI0012,Th,17,58
POI0012,Th,18,50
POI0012,Th,19,36
POI0012,Th,20,0
POI0012,Th,21,0
POI0012,Th,22,0
POI0012,Th,23,0
POI0012,Fr,6,0
POI0012,Fr,7,0
POI0012,Fr,8,0
POI0012,Fr,9,0
POI0012,Fr,10,21
POI0012,Fr,11,30
POI0012,Fr,12,38
POI0012,Fr,13,45
POI0012,Fr,14,52
POI0012,Fr,15,58
POI0012,Fr,16,61
POI0012,Fr,17,59
POI0012,Fr,18,49
POI0012,Fr,19,34
POI0012,Fr,20,0
POI0012,Fr,21,0
POI0012,Fr,22,0
POI0012,Fr,23,0
POI0012,Sa,6,0
POI0012,Sa,7,0
POI0012,Sa,8,0
POI0012,Sa,9,0
POI0012,Sa,10,27
POI0012,Sa,11,40
POI0012,Sa,12,51
POI0012,Sa,13,62
POI0012,Sa,14,75
POI0012,Sa,15,90
POI0012,Sa,16,100
POI0012,Sa,17,98
POI0012,Sa,18,81
POI0012,Sa,19,54
POI0012,Sa,20,0
POI0012,Sa,21,0
POI0012,Sa,22,0
POI0012,Sa,23,0
POI0012,Su,6,0
POI0012,Su,7,0
POI0012,Su,8,0
POI0012,Su,9,0
POI0012,Su,10,0
POI0012,Su,11,28
POI0012,Su,12,38
POI0012,Su,13,47
POI0012,Su,14,56
POI0012,Su,15,65
POI0012,Su,16,71
POI0012,Su,17,69
POI0012,Su,18,55
POI0012,Su,19,37
POI0012,Su,20,0
POI0012,Su,21,0
POI0012,Su,22,0
POI0012,Su,23,0
POI0024,Mo,6,0
POI0024,Mo,7,13
POI0024,Mo,8,23
POI0024,Mo,9,35
POI0024,Mo,10,45
POI0024,Mo,11,51
POI0024,Mo,12,54
POI0024,Mo,13,58
POI0024,Mo,14,63
POI0024,Mo,15,64
POI0024,Mo,16,63
POI0024,Mo,17,58
POI0024,Mo,18,54
POI0024,Mo,19,48
POI0024,Mo,20,41
POI0024,Mo,21,32
POI0024,Mo,22,25
POI0024,Mo,23,20
POI0024,Tu,6,0
POI0024,Tu,7,14
POI0024,Tu,8,24
POI0024,Tu,9,35
POI0024,Tu,10,46
POI0024,Tu,11,54
POI0024,Tu,12,58
POI0024,Tu,13,62
POI0024,Tu,14,63
POI0024,Tu,15,63
POI0024,Tu,16,60
POI0024,Tu,17,59
POI0024,Tu,18,54
POI0024,Tu,19,48
POI0024,Tu,20,42
POI0024,Tu,21,36
POI0024,Tu,22,31
POI0024,Tu,23,24
POI0024,We,6,0
POI0024,We,7,15
POI0024,We,8,24
POI0024,We,9,34
POI0024,We,10,42
POI0024,We,11,48
POI0024,We,12,50
POI0024,We,13,55
POI0024,We,14,60
POI0024,We,15,62
POI0024,We,16,62
POI0024,We,17,60
POI0024,We,18,57
POI0024,We,19,53
POI0024,We,20,49
POI0024,We,21,45
POI0024,We,22,38
POI0024,We,23,27
POI0024,Th,6,0
POI0024,Th,7,13
POI0024,Th,8,24
POI0024,Th,9,36
POI0024,Th,10,46
POI0024,Th,11,53
POI0024,Th,12,57
POI0024,Th,13,62
POI0024,Th,14,65
POI0024,Th,15,68
POI0024,Th,16,65
POI0024,Th,17,62
POI0024,Th,18,57
POI0024,Th,19,53
POI0024,Th,21,41
POI0024,Th,22,34
POI0024,Th,23,26
POI0024,Fr,6,0
POI0024,Fr,7,13
POI0024,Fr,8,21
POI0024,Fr,9,31
POI0024,Fr,10,40
POI0024,Fr,11,48
POI0024,Fr,12,56
POI0024,Fr,13,60
POI0024,Fr,14,64
POI0024,Fr,15,68
POI0024,Fr,16,70
POI0024,Fr,17,67
POI0024,Fr,18,62
POI0024,Fr,19,55
POI0024,Fr,20,52
POI0024,Fr,21,48
POI0024,Fr,22,42
POI0024,Fr,23,32
POI0024,Sa,6,0
POI0024,Sa,7,10
POI0024,Sa,8,20
POI0024,Sa,9,32
POI0024,Sa,10,44
POI0024,Sa,11,52
POI0024,Sa,12,58
POI0024,Sa,13,65
POI0024,Sa,14,75
POI0024,Sa,15,89
POI0024,Sa,16,98
POI0024,Sa,17,100
POI0024,Sa,18,89
POI0024,Sa,19,75
POI0024,Sa,20,64
POI0024,Sa,21,53
POI0024,Sa,22,44
POI0024,Sa,23,34
POI0024,Su,6,0
POI0024,Su,7,12
POI0024,Su,8,21
POI0024,Su,9,31
POI0024,Su,10,39
POI0024,Su,11,47
POI0024,Su,12,53
POI0024,Su,13,57
POI0024,Su,14,64
POI0024,Su,15,71
POI0024,Su,16,76
POI0024,Su,17,75
POI0024,Su,18,69
POI0024,Su,19,59
POI0024,Su,20,48
POI0024,Su,21,38
POI0024,Su,22,28
POI0024,Su,23,20
POI0025,Mo,0,8
POI0025,Mo,1,4
POI0025,Mo,2,2
POI0025,Mo,3,1
POI0025,Mo,4,1
POI0025,Mo,5,2
POI0025,Mo,6,4
POI0025,Mo,7,9
POI0025,Mo,8,14
POI0025,Mo,9,21
POI0025,Mo,10,30
POI0025,Mo,11,38
POI0025,Mo,12,43
POI0025,Mo,13,49
POI0025,Mo,14,53
POI0025,Mo,15,56
POI0025,Mo,16,57
POI0025,Mo,17,54
POI0025,Mo,18,50
POI0025,Mo,19,43
POI0025,Mo,20,35
POI0025,Mo,21,27
POI0025,Mo,22,20
POI0025,Mo,23,14
POI0025,Tu,0,8
POI0025,Tu,1,4
POI0025,Tu,2,2
POI0025,Tu,3,2
POI0025,Tu,4,2
POI0025,Tu,5,3
POI0025,Tu,6,6
POI0025,Tu,7,9
POI0025,Tu,8,13
POI0025,Tu,9,19
POI0025,Tu,10,27
POI0025,Tu,11,34
POI0025,Tu,12,42
POI0025,Tu,13,47
POI0025,Tu,14,50
POI0025,Tu,15,52
POI0025,Tu,16,53
POI0025,Tu,17,54
POI0025,Tu,18,52
POI0025,Tu,19,49
POI0025,Tu,20,41
POI0025,Tu,21,33
POI0025,Tu,22,24
POI0025,Tu,23,16
POI0025,We,0,9
POI0025,We,1,5
POI0025,We,2,3
POI0025,We,3,2
POI0025,We,4,2
POI0025,We,5,3
POI0025,We,6,5
POI0025,We,7,9
POI0025,We,8,15
POI0025,We,9,23
POI0025,We,10,33
POI0025,We,11,44
POI0025,We,12,49
POI0025,We,13,53
POI0025,We,14,53
POI0025,We,15,55
POI0025,We,16,58
POI0025,We,17,61
POI0025,We,18,61
POI0025,We,19,56
POI0025,We,20,46
POI0025,We,21,36
POI0025,We,22,25
POI0025,We,23,17
POI0025,Th,0,9
POI0025,Th,1,4
POI0025,Th,2,1
POI0025,Th,3,1
POI0025,Th,4,1
POI0025,Th,5,2
POI0025,Th,6,4
POI0025,Th,7,9
POI0025,Th,8,16
POI0025,Th,9,26
POI0025,Th,10,37
POI0025,Th,11,47
POI0025,Th,12,52
POI0025,Th,13,56
POI0025,Th,14,58
POI0025,Th,15,62
POI0025,Th,16,64
POI0025,Th,17,64
POI0025,Th,18,63
POI0025,Th,19,58
POI0025,Th,20,50
POI0025,Th,21,41
POI0025,Th,23,20
POI0025,Fr,0,11
POI0025,Fr,1,5
POI0025,Fr,2,2
POI0025,Fr,3,1
POI0025,Fr,4,2
POI0025,Fr,5,2
POI0025,Fr,6,4
POI0025,Fr,7,8
POI0025,Fr,8,15
POI0025,Fr,9,26
POI0025,Fr,10,41
POI0025,Fr,11,57
POI0025,Fr,12,64
POI0025,Fr,13,67
POI0025,Fr,14,69
POI0025,Fr,15,74
POI0025,Fr,16,77
POI0025,Fr,17,76
POI0025,Fr,18,70
POI0025,Fr,19,60
POI0025,Fr,20,49
POI0025,Fr,21,39
POI0025,Fr,22,29
POI0025,Fr,23,21
POI0025,Sa,0,12
POI0025,Sa,1,7
POI0025,Sa,2,4
POI0025,Sa,3,2
POI0025,Sa,4,1
POI0025,Sa,5,1
POI0025,Sa,6,2
POI0025,Sa,7,5
POI0025,Sa,8,11
POI0025,Sa,9,23
POI0025,Sa,10,37
POI0025,Sa,11,50
POI0025,Sa,12,59
POI0025,Sa,13,67
POI0025,Sa,14,79
POI0025,Sa,15,92
POI0025,Sa,16,100
POI0025,Sa,17,98
POI0025,Sa,18,88
POI0025,Sa,19,74
POI0025,Sa,20,56
POI0025,Sa,21,42
POI0025,Sa,22,29
POI0025,Sa,23,21
POI0025,Su,0,5
POI0025,Su,1,2
POI0025,Su,2,1
POI0025,Su,3,1
POI0025,Su,4,1
POI0025,Su,5,2
POI0025,Su,6,3
POI0025,Su,7,6
POI0025,Su,8,11
POI0025,Su,9,21
POI0025,Su,10,32
POI0025,Su,11,42
POI0025,Su,12,48
POI0025,Su,13,52
POI0025,Su,14,60
POI0025,Su,15,68
POI0025,Su,16,73
POI0025,Su,17,71
POI0025,Su,18,63
POI0025,Su,19,50
POI0025,Su,20,38
POI0025,Su,21,27
POI0025,Su,22,18
POI0025,Su,23,11
POI0027,Mo,6,0
POI0027,Mo,7,0
POI0027,Mo,8,0
POI0027,Mo,9,54
POI0027,Mo,10,74
POI0027,Mo,11,87
POI0027,Mo,12,94
POI0027,Mo,13,97
POI0027,Mo,14,100
POI0027,Mo,15,95
POI0027,Mo,16,83
POI0027,Mo,17,62
POI0027,Mo,18,44
POI0027,Mo,19,0
POI0027,Mo,20,0
POI0027,Mo,21,0
POI0027,Mo,22,0
POI0027,Mo,23,0
POI0027,Tu,6,0
POI0027,Tu,7,0
POI0027,Tu,8,0
POI0027,Tu,9,55
POI0027,Tu,10,73
POI0027,Tu,11,84
POI0027,Tu,12,89
POI0027,Tu,13,91
POI0027,Tu,14,92
POI0027,Tu,15,88
POI0027,Tu,16,75
POI0027,Tu,17,56
POI0027,Tu,18,37
POI0027,Tu,19,0
POI0027,Tu,20,0
POI0027,Tu,21,0
POI0027,Tu,22,0
POI0027,Tu,23,0
POI0027,We,6,0
POI0027,We,7,0
POI0027,We,8,0
POI0027,We,9,56
POI0027,We,10,74
POI0027,We,11,84
POI0027,We,12,88
POI0027,We,13,90
POI0027,We,14,91
POI0027,We,15,86
POI0027,We,16,76
POI0027,We,17,59
POI0027,We,18,40
POI0027,We,19,0
POI0027,We,20,0
POI0027,We,21,0
POI0027,We,22,0
POI0027,We,23,0
POI0027,Th,6,0
POI0027,Th,7,0
POI0027,Th,8,0
POI0027,Th,9,52
POI0027,Th,10,70
POI0027,Th,11,82
POI0027,Th,12,87
POI0027,Th,13,91
POI0027,Th,14,92
POI0027,Th,15,86
POI0027,Th,16,75
POI0027,Th,17,56
POI0027,Th,18,40
POI0027,Th,19,0
POI0027,Th,20,0
POI0027,Th,21,0
POI0027,Th,22,0
POI0027,Th,23,0
POI0027,Fr,6,0
POI0027,Fr,7,0
POI0027,Fr,8,0
POI0027,Fr,9,45
POI0027,Fr,10,64
POI0027,Fr,11,77
POI0027,Fr,12,83
POI0027,Fr,13,87
POI0027,Fr,14,88
POI0027,Fr,15,84
POI0027,Fr,16,72
POI0027,Fr,17,55
POI0027,Fr,18,40
POI0027,Fr,19,0
POI0027,Fr,20,0
POI0027,Fr,21,0
POI0027,Fr,22,0
POI0027,Fr,23,0
POI0027,Sa,6,0
POI0027,Sa,7,0
POI0027,Sa,8,0
POI0027,Sa,9,41
POI0027,Sa,10,62
POI0027,Sa,11,78
POI0027,Sa,12,85
POI0027,Sa,13,89
POI0027,Sa,14,94
POI0027,Sa,15,98
POI0027,Sa,16,91
POI0027,Sa,17,75
POI0027,Sa,18,54
POI0027,Sa,19,0
POI0027,Sa,20,0
POI0027,Sa,21,0
POI0027,Sa,22,0
POI0027,Sa,23,0
POI0027,Su,6,0
POI0027,Su,7,0
POI0027,Su,8,0
POI0027,Su,9,36
POI0027,Su,10,56
POI0027,Su,11,72
POI0027,Su,12,78
POI0027,Su,13,81
POI0027,Su,14,84
POI0027,Su,15,85
POI0027,Su,16,77
POI0027,Su,17,62
POI0027,Su,18,43
POI0027,Su,19,0
POI0027,Su,20,0
POI0027,Su,21,0
POI0027,Su,22,0
POI0027,Su,23,0
POI0031,Mo,6,0
POI0031,Mo,7,13
POI0031,Mo,8,20
POI0031,Mo,9,28
POI0031,Mo,10,35
POI0031,Mo,11,39
POI0031,Mo,12,41
POI0031,Mo,13,42
POI0031,Mo,14,44
POI0031,Mo,15,45
POI0031,Mo,16,47
POI0031,Mo,17,47
POI0031,Mo,18,47
POI0031,Mo,19,47
POI0031,Mo,20,45
POI0031,Mo,21,40
POI0031,Mo,22,32
POI0031,Mo,23,0
POI0031,Tu,6,0
POI0031,Tu,7,16
POI0031,Tu,8,26
POI0031,Tu,9,35
POI0031,Tu,10,41
POI0031,Tu,11,45
POI0031,Tu,12,49
POI0031,Tu,13,52
POI0031,Tu,14,56
POI0031,Tu,15,57
POI0031,Tu,16,58
POI0031,Tu,17,59
POI0031,Tu,18,55
POI0031,Tu,19,52
POI0031,Tu,20,48
POI0031,Tu,21,42
POI0031,Tu,22,32
POI0031,Tu,23,0
POI0031,We,6,0
POI0031,We,7,19
POI0031,We,8,35
POI0031,We,9,52
POI0031,We,10,64
POI0031,We,11,69
POI0031,We,12,72
POI0031,We,13,73
POI0031,We,14,74
POI0031,We,15,72
POI0031,We,16,70
POI0031,We,17,68
POI0031,We,18,62
POI0031,We,19,58
POI0031,We,20,53
POI0031,We,21,46
POI0031,We,22,36
POI0031,We,23,0
POI0031,Th,6,0
POI0031,Th,7,14
POI0031,Th,8,24
POI0031,Th,9,36
POI0031,Th,10,44
POI0031,Th,11,49
POI0031,Th,12,53
POI0031,Th,13,57
POI0031,Th,14,61
POI0031,Th,15,63
POI0031,Th,16,65
POI0031,Th,17,65
POI0031,Th,18,64
POI0031,Th,19,61
POI0031,Th,21,49
POI0031,Th,22,37
POI0031,Th,23,0
POI0031,Fr,6,0
POI0031,Fr,7,15
POI0031,Fr,8,26
POI0031,Fr,9,37
POI0031,Fr,10,45
POI0031,Fr,11,50
POI0031,Fr,12,54
POI0031,Fr,13,60
POI0031,Fr,14,65
POI0031,Fr,15,69
POI0031,Fr,16,71
POI0031,Fr,17,70
POI0031,Fr,18,67
POI0031,Fr,19,66
POI0031,Fr,20,65
POI0031,Fr,21,60
POI0031,Fr,22,48
POI0031,Fr,23,0
POI0031,Sa,6,0
POI0031,Sa,7,13
POI0031,Sa,8,20
POI0031,Sa,9,27
POI0031,Sa,10,33
POI0031,Sa,11,39
POI0031,Sa,12,46
POI0031,Sa,13,56
POI0031,Sa,14,67
POI0031,Sa,15,77
POI0031,Sa,16,83
POI0031,Sa,17,88
POI0031,Sa,18,91
POI0031,Sa,19,98
POI0031,Sa,20,100
POI0031,Sa,21,94
POI0031,Sa,22,79
POI0031,Sa,23,0
POI0031,Su,6,0
POI0031,Su,7,13
POI0031,Su,8,20
POI0031,Su,9,29
POI0031,Su,10,37
POI0031,Su,11,46
POI0031,Su,12,53
POI0031,Su,13,64
POI0031,Su,14,73
POI0031,Su,15,82
POI0031,Su,16,86
POI0031,Su,17,84
POI0031,Su,18,78
POI0031,Su,19,70
POI0031,Su,20,64
POI0031,Su,21,56
POI0031,Su,22,45
POI0031,Su,23,0
POI0035,Mo,6,0
POI0035,Mo,7,4
POI0035,Mo,8,9
POI0035,Mo,9,18
POI0035,Mo,10,28
POI0035,Mo,11,37
POI0035,Mo,12,45
POI0035,Mo,13,51
POI0035,Mo,14,54
POI0035,Mo,15,54
POI0035,Mo,16,52
POI0035,Mo,17,44
POI0035,Mo,18,34
POI0035,Mo,19,24
POI0035,Mo,20,0
POI0035,Mo,21,0
POI0035,Mo,22,0
POI0035,Mo,23,0
POI0035,Tu,6,0
POI0035,Tu,7,3
POI0035,Tu,8,6
POI0035,Tu,9,11
POI0035,Tu,10,18
POI0035,Tu,11,28
POI0035,Tu,12,41
POI0035,Tu,13,50
POI0035,Tu,14,53
POI0035,Tu,15,53
POI0035,Tu,16,52
POI0035,Tu,17,49
POI0035,Tu,18,42
POI0035,Tu,19,32
POI0035,Tu,20,0
POI0035,Tu,21,0
POI0035,Tu,22,0
POI0035,Tu,23,0
POI0035,We,6,0
POI0035,We,7,5
POI0035,We,8,10
POI0035,We,9,17
POI0035,We,10,28
POI0035,We,11,40
POI0035,We,12,51
POI0035,We,13,60
POI0035,We,14,64
POI0035,We,15,65
POI0035,We,16,61
POI0035,We,17,53
POI0035,We,18,43
POI0035,We,19,31
POI0035,We,20,0
POI0035,We,21,0
POI0035,We,22,0
POI0035,We,23,0
POI0035,Th,6,0
POI0035,Th,7,4
POI0035,Th,8,9
POI0035,Th,9,18
POI0035,Th,10,30
POI0035,Th,11,44
POI0035,Th,12,56
POI0035,Th,13,65
POI0035,Th,14,68
POI0035,Th,15,68
POI0035,Th,16,65
POI0035,Th,17,56
POI0035,Th,18,44
POI0035,Th,19,30
POI0035,Th,20,0
POI0035,Th,21,0
POI0035,Th,22,0
POI0035,Th,23,0
POI0035,Fr,6,0
POI0035,Fr,7,4
POI0035,Fr,8,9
POI0035,Fr,9,17
POI0035,Fr,10,28
POI0035,Fr,11,42
POI0035,Fr,12,54
POI0035,Fr,13,64
POI0035,Fr,14,70
POI0035,Fr,15,73
POI0035,Fr,16,72
POI0035,Fr,17,64
POI0035,Fr,18,51
POI0035,Fr,19,35
POI0035,Fr,20,0
POI0035,Fr,21,0
POI0035,Fr,22,0
POI0035,Fr,23,0
POI0035,Sa,6,0
POI0035,Sa,7,4
POI0035,Sa,8,9
POI0035,Sa,9,19
POI0035,Sa,10,32
POI0035,Sa,11,47
POI0035,Sa,12,62
POI0035,Sa,13,75
POI0035,Sa,14,87
POI0035,Sa,15,97
POI0035,Sa,16,100
POI0035,Sa,17,91
POI0035,Sa,18,70
POI0035,Sa,19,45
POI0035,Sa,20,0
POI0035,Sa,21,0
POI0035,Sa,22,0
POI0035,Sa,23,0
POI0035,Su,6,0
POI0035,Su,7,3
POI0035,Su,8,8
POI0035,Su,9,18
POI0035,Su,10,30
POI0035,Su,11,43
POI0035,Su,12,54
POI0035,Su,13,64
POI0035,Su,14,75
POI0035,Su,15,83
POI0035,Su,16,85
POI0035,Su,17,76
POI0035,Su,18,57
POI0035,Su,19,36
POI0035,Su,20,0
POI0035,Su,21,0
POI0035,Su,22,0
POI0035,Su,23,0
POI0036,Mo,6,0
POI0036,Mo,7,0
POI0036,Mo,8,0
POI0036,Mo,9,18
POI0036,Mo,10,30
POI0036,Mo,11,43
POI0036,Mo,12,55
POI0036,Mo,13,62
POI0036,Mo,14,61
POI0036,Mo,15,59
POI0036,Mo,16,56
POI0036,Mo,17,49
POI0036,Mo,18,38
POI0036,Mo,19,0
POI0036,Mo,20,0
POI0036,Mo,21,0
POI0036,Mo,22,0
POI0036,Mo,23,0
POI0036,Tu,6,0
POI0036,Tu,7,0
POI0036,Tu,8,0
POI0036,Tu,9,18
POI0036,Tu,10,30
POI0036,Tu,11,43
POI0036,Tu,12,54
POI0036,Tu,13,59
POI0036,Tu,14,58
POI0036,Tu,15,56
POI0036,Tu,16,55
POI0036,Tu,17,51
POI0036,Tu,18,44
POI0036,Tu,19,0
POI0036,Tu,20,0
POI0036,Tu,21,0
POI0036,Tu,22,0
POI0036,Tu,23,0
POI0036,We,6,0
POI0036,We,7,0
POI0036,We,8,0
POI0036,We,9,16
POI0036,We,10,28
POI0036,We,11,42
POI0036,We,12,57
POI0036,We,13,63
POI0036,We,14,61
POI0036,We,15,57
POI0036,We,16,55
POI0036,We,17,51
POI0036,We,18,44
POI0036,We,19,0
POI0036,We,20,0
POI0036,We,21,0
POI0036,We,22,0
POI0036,We,23,0
POI0036,Th,6,0
POI0036,Th,7,0
POI0036,Th,8,0
POI0036,Th,9,19
POI0036,Th,10,33
POI0036,Th,11,49
POI0036,Th,12,61
POI0036,Th,13,66
POI0036,Th,14,63
POI0036,Th,15,61
POI0036,Th,16,61
POI0036,Th,17,57
POI0036,Th,18,50
POI0036,Th,19,0
POI0036,Th,20,0
POI0036,Th,21,0
POI0036,Th,22,0
POI0036,Th,23,0
POI0036,Fr,6,0
POI0036,Fr,7,0
POI0036,Fr,8,0
POI0036,Fr,9,18
POI0036,Fr,10,32
POI0036,Fr,11,47
POI0036,Fr,12,58
POI0036,Fr,13,64
POI0036,Fr,14,66
POI0036,Fr,15,69
POI0036,Fr,16,69
POI0036,Fr,17,64
POI0036,Fr,18,54
POI0036,Fr,19,0
POI0036,Fr,20,0
POI0036,Fr,21,0
POI0036,Fr,22,0
POI0036,Fr,23,0
POI0036,Sa,6,0
POI0036,Sa,7,0
POI0036,Sa,8,0
POI0036,Sa,9,20
POI0036,Sa,10,37
POI0036,Sa,11,53
POI0036,Sa,12,63
POI0036,Sa,13,72
POI0036,Sa,14,81
POI0036,Sa,15,93
POI0036,Sa,16,100
POI0036,Sa,17,96
POI0036,Sa,18,78
POI0036,Sa,19,0
POI0036,Sa,20,0
POI0036,Sa,21,0
POI0036,Sa,22,0
POI0036,Sa,23,0
POI0036,Su,6,0
POI0036,Su,7,0
POI0036,Su,8,0
POI0036,Su,9,17
POI0036,Su,10,32
POI0036,Su,11,43
POI0036,Su,12,48
POI0036,Su,13,52
POI0036,Su,14,59
POI0036,Su,15,71
POI0036,Su,16,77
POI0036,Su,17,72
POI0036,Su,18,55
POI0036,Su,19,0
POI0036,Su,20,0
POI0036,Su,21,0
POI0036,Su,22,0
POI0036,Su,23,0
POI0037,Mo,6,0
POI0037,Mo,7,4
POI0037,Mo,8,9
POI0037,Mo,9,18
POI0037,Mo,10,28
POI0037,Mo,11,37
POI0037,Mo,12,45
POI0037,Mo,13,51
POI0037,Mo,14,54
POI0037,Mo,15,54
POI0037,Mo,16,52
POI0037,Mo,17,44
POI0037,Mo,18,34
POI0037,Mo,19,24
POI0037,Mo,20,0
POI0037,Mo,21,0
POI0037,Mo,22,0
POI0037,Mo,23,0
POI0037,Tu,6,0
POI0037,Tu,7,3
POI0037,Tu,8,6
POI0037,Tu,9,11
POI0037,Tu,10,18
POI0037,Tu,11,28
POI0037,Tu,12,41
POI0037,Tu,13,50
POI0037,Tu,14,53
POI0037,Tu,15,53
POI0037,Tu,16,52
POI0037,Tu,17,49
POI0037,Tu,18,42
POI0037,Tu,19,32
POI0037,Tu,20,0
POI0037,Tu,21,0
POI0037,Tu,22,0
POI0037,Tu,23,0
POI0037,We,6,0
POI0037,We,7,5
POI0037,We,8,10
POI0037,We,9,17
POI0037,We,10,28
POI0037,We,11,40
POI0037,We,12,51
POI0037,We,13,60
POI0037,We,14,64
POI0037,We,15,65
POI0037,We,16,61
POI0037,We,17,53
POI0037,We,18,43
POI0037,We,19,31
POI0037,We,20,0
POI0037,We,21,0
POI0037,We,22,0
POI0037,We,23,0
POI0037,Th,6,0
POI0037,Th,7,4
POI0037,Th,8,9
POI0037,Th,9,18
POI0037,Th,10,30
POI0037,Th,11,44
POI0037,Th,12,56
POI0037,Th,13,65
POI0037,Th,14,68
POI0037,Th,15,68
POI0037,Th,16,65
POI0037,Th,17,56
POI0037,Th,18,44
POI0037,Th,19,30
POI0037,Th,20,0
POI0037,Th,21,0
POI0037,Th,22,0
POI0037,Th,23,0
POI0037,Fr,6,0
POI0037,Fr,7,4
POI0037,Fr,8,9
POI0037,Fr,9,17
POI0037,Fr,10,28
POI0037,Fr,11,42
POI0037,Fr,12,54
POI0037,Fr,13,64
POI0037,Fr,14,70
POI0037,Fr,15,73
POI0037,Fr,16,72
POI0037,Fr,17,64
POI0037,Fr,18,51
POI0037,Fr,19,35
POI0037,Fr,20,0
POI0037,Fr,21,0
POI0037,Fr,22,0
POI0037,Fr,23,0
POI0037,Sa,6,0
POI0037,Sa,7,4
POI0037,Sa,8,9
POI0037,Sa,9,19
POI0037,Sa,10,32
POI0037,Sa,11,47
POI0037,Sa,12,62
POI0037,Sa,13,75
POI0037,Sa,14,87
POI0037,Sa,15,97
POI0037,Sa,16,100
POI0037,Sa,17,91
POI0037,Sa,18,70
POI0037,Sa,19,45
POI0037,Sa,20,0
POI0037,Sa,21,0
POI0037,Sa,22,0
POI0037,Sa,23,0
POI0037,Su,6,0
POI0037,Su,7,3
POI0037,Su,8,8
POI0037,Su,9,18
POI0037,Su,10,30
POI0037,Su,11,43
POI0037,Su,12,54
POI0037,Su,13,64
POI0037,Su,14,75
POI0037,Su,15,83
POI0037,Su,16,85
POI0037,Su,17,76
POI0037,Su,18,57
POI0037,Su,19,36
POI0037,Su,20,0
POI0037,Su,21,0
POI0037,Su,22,0
POI0037,Su,23,0
POI0038,Tu,6,0
POI0038,Tu,7,0
POI0038,Tu,8,0
POI0038,Tu,9,0
POI0038,Tu,10,29
POI0038,Tu,11,42
POI0038,Tu,12,54
POI0038,Tu,13,62
POI0038,Tu,14,71
POI0038,Tu,15,73
POI0038,Tu,16,66
POI0038,Tu,17,47
POI0038,Tu,18,0
POI0038,Tu,19,0
POI0038,Tu,20,0
POI0038,Tu,21,0
POI0038,Tu,22,0
POI0038,Tu,23,0
POI0038,We,6,0
POI0038,We,7,0
POI0038,We,8,0
POI0038,We,9,0
POI0038,We,10,22
POI0038,We,11,35
POI0038,We,12,45
POI0038,We,13,53
POI0038,We,14,60
POI0038,We,15,65
POI0038,We,16,58
POI0038,We,17,40
POI0038,We,18,0
POI0038,We,19,0
POI0038,We,20,0
POI0038,We,21,0
POI0038,We,22,0
POI0038,We,23,0
POI0038,Th,6,0
POI0038,Th,7,0
POI0038,Th,8,0
POI0038,Th,9,0
POI0038,Th,10,28
POI0038,Th,11,42
POI0038,Th,12,54
POI0038,Th,13,61
POI0038,Th,14,68
POI0038,Th,15,72
POI0038,Th,16,65
POI0038,Th,17,44
POI0038,Th,18,0
POI0038,Th,19,0
POI0038,Th,20,0
POI0038,Th,21,0
POI0038,Th,22,0
POI0038,Th,23,0
POI0038,Fr,6,0
POI0038,Fr,7,0
POI0038,Fr,8,0
POI0038,Fr,9,0
POI0038,Fr,10,26
POI0038,Fr,11,40
POI0038,Fr,12,50
POI0038,Fr,13,57
POI0038,Fr,14,66
POI0038,Fr,15,74
POI0038,Fr,16,74
POI0038,Fr,17,63
POI0038,Fr,18,44
POI0038,Fr,19,25
POI0038,Fr,20,0
POI0038,Fr,21,0
POI0038,Fr,22,0
POI0038,Fr,23,0
POI0038,Sa,6,0
POI0038,Sa,7,0
POI0038,Sa,8,0
POI0038,Sa,9,0
POI0038,Sa,10,32
POI0038,Sa,11,53
POI0038,Sa,12,68
POI0038,Sa,13,79
POI0038,Sa,14,90
POI0038,Sa,15,99
POI0038,Sa,16,100
POI0038,Sa,17,84
POI0038,Sa,18,59
POI0038,Sa,19,32
POI0038,Sa,20,0
POI0038,Sa,21,0
POI0038,Sa,22,0
POI0038,Sa,23,0
POI0038,Su,6,0
POI0038,Su,7,0
POI0038,Su,8,0
POI0038,Su,9,0
POI0038,Su,10,28
POI0038,Su,11,46
POI0038,Su,12,59
POI0038,Su,13,73
POI0038,Su,14,88
POI0038,Su,15,98
POI0038,Su,16,89
POI0038,Su,17,63
POI0038,Su,18,0
POI0038,Su,19,0
POI0038,Su,20,0
POI0038,Su,21,0
POI0038,Su,22,0
POI0038,Su,23,0
POI0041,Mo,6,0
POI0041,Mo,7,0
POI0041,Mo,8,0
POI0041,Mo,9,0
POI0041,Mo,10,0
POI0041,Mo,11,0
POI0041,Mo,12,0
POI0041,Mo,13,0
POI0041,Mo,14,0
POI0041,Mo,15,0
POI0041,Mo,16,0
POI0041,Mo,17,0
POI0041,Mo,18,0
POI0041,Mo,19,28
POI0041,Mo,20,35
POI0041,Mo,21,40
POI0041,Mo,22,32
POI0041,Mo,23,0
POI0041,Tu,6,0
POI0041,Tu,7,0
POI0041,Tu,8,0
POI0041,Tu,9,0
POI0041,Tu,10,0
POI0041,Tu,11,0
POI0041,Tu,12,0
POI0041,Tu,13,0
POI0041,Tu,14,0
POI0041,Tu,15,0
POI0041,Tu,16,0
POI0041,Tu,17,0
POI0041,Tu,18,0
POI0041,Tu,19,29
POI0041,Tu,20,42
POI0041,Tu,21,45
POI0041,Tu,22,36
POI0041,Tu,23,0
POI0041,We,6,0
POI0041,We,7,0
POI0041,We,8,0
POI0041,We,9,0
POI0041,We,10,0
POI0041,We,11,0
POI0041,We,12,0
POI0041,We,13,0
POI0041,We,14,0
POI0041,We,15,0
POI0041,We,16,0
POI0041,We,17,0
POI0041,We,18,0
POI0041,We,19,34
POI0041,We,20,44
POI0041,We,21,48
POI0041,We,22,51
POI0041,We,23,0
POI0041,Th,6,0
POI0041,Th,7,0
POI0041,Th,8,0
POI0041,Th,9,0
POI0041,Th,10,0
POI0041,Th,11,0
POI0041,Th,12,0
POI0041,Th,13,0
POI0041,Th,14,0
POI0041,Th,15,0
POI0041,Th,16,0
POI0041,Th,17,0
POI0041,Th,18,0
POI0041,Th,19,42
POI0041,Th,21,64
POI0041,Th,22,58
POI0041,Th,23,53
POI0041,Fr,6,0
POI0041,Fr,7,0
POI0041,Fr,8,0
POI0041,Fr,9,0
POI0041,Fr,10,0
POI0041,Fr,11,0
POI0041,Fr,12,0
POI0041,Fr,13,0
POI0041,Fr,14,0
POI0041,Fr,15,0
POI0041,Fr,16,0
POI0041,Fr,17,0
POI0041,Fr,18,0
POI0041,Fr,19,71
POI0041,Fr,20,86
POI0041,Fr,21,100
POI0041,Fr,22,94
POI0041,Fr,23,78
POI0041,Sa,6,0
POI0041,Sa,7,0
POI0041,Sa,8,0
POI0041,Sa,9,0
POI0041,Sa,10,0
POI0041,Sa,11,0
POI0041,Sa,12,10
POI0041,Sa,13,14
POI0041,Sa,14,14
POI0041,Sa,15,0
POI0041,Sa,16,0
POI0041,Sa,17,0
POI0041,Sa,18,0
POI0041,Sa,19,58
POI0041,Sa,20,73
POI0041,Sa,21,83
POI0041,Sa,22,77
POI0041,Sa,23,60
POI0041,Su,6,0
POI0041,Su,7,0
POI0041,Su,8,0
POI0041,Su,9,0
POI0041,Su,10,0
POI0041,Su,11,0
POI0041,Su,12,15
POI0041,Su,13,22
POI0041,Su,14,21
POI0041,Su,15,0
POI0041,Su,16,0
POI0041,Su,17,0
POI0041,Su,18,0
POI0041,Su,19,22
POI0041,Su,20,30
POI0041,Su,21,38
POI0041,Su,22,36
POI0041,Su,23,0
POI0044,Tu,6,0
POI0044,Tu,7,0
POI0044,Tu,8,0
POI0044,Tu,9,0
POI0044,Tu,10,44
POI0044,Tu,11,61
POI0044,Tu,12,70
POI0044,Tu,13,75
POI0044,Tu,14,78
POI0044,Tu,15,81
POI0044,Tu,16,72
POI0044,Tu,17,56
POI0044,Tu,18,0
POI0044,Tu,19,0
POI0044,Tu,20,0
POI0044,Tu,21,0
POI0044,Tu,22,0
POI0044,Tu,23,0
POI0044,We,6,0
POI0044,We,7,0
POI0044,We,8,0
POI0044,We,9,0
POI0044,We,10,34
POI0044,We,11,48
POI0044,We,12,60
POI0044,We,13,67
POI0044,We,14,74
POI0044,We,15,75
POI0044,We,16,71
POI0044,We,17,56
POI0044,We,18,0
POI0044,We,19,0
POI0044,We,20,0
POI0044,We,21,0
POI0044,We,22,0
POI0044,We,23,0
POI0044,Th,6,0
POI0044,Th,7,0
POI0044,Th,8,0
POI0044,Th,9,0
POI0044,Th,10,40
POI0044,Th,11,56
POI0044,Th,12,69
POI0044,Th,13,75
POI0044,Th,14,80
POI0044,Th,15,82
POI0044,Th,16,76
POI0044,Th,17,60
POI0044,Th,18,0
POI0044,Th,19,0
POI0044,Th,20,0
POI0044,Th,21,0
POI0044,Th,22,0
POI0044,Th,23,0
POI0044,Fr,6,0
POI0044,Fr,7,0
POI0044,Fr,8,0
POI0044,Fr,9,0
POI0044,Fr,10,36
POI0044,Fr,11,51
POI0044,Fr,12,63
POI0044,Fr,13,72
POI0044,Fr,14,79
POI0044,Fr,15,83
POI0044,Fr,16,80
POI0044,Fr,17,75
POI0044,Fr,18,69
POI0044,Fr,19,57
POI0044,Fr,20,41
POI0044,Fr,21,0
POI0044,Fr,22,0
POI0044,Fr,23,0
POI0044,Sa,6,0
POI0044,Sa,7,0
POI0044,Sa,8,0
POI0044,Sa,9,0
POI0044,Sa,10,39
POI0044,Sa,11,57
POI0044,Sa,12,70
POI0044,Sa,13,80
POI0044,Sa,14,91
POI0044,Sa,15,100
POI0044,Sa,16,93
POI0044,Sa,17,71
POI0044,Sa,18,0
POI0044,Sa,19,0
POI0044,Sa,20,0
POI0044,Sa,21,0
POI0044,Sa,22,0
POI0044,Sa,23,0
POI0044,Su,6,0
POI0044,Su,7,0
POI0044,Su,8,0
POI0044,Su,9,0
POI0044,Su,10,37
POI0044,Su,11,57
POI0044,Su,12,72
POI0044,Su,13,83
POI0044,Su,14,93
POI0044,Su,15,98
POI0044,Su,16,89
POI0044,Su,17,64
POI0044,Su,18,0
POI0044,Su,19,0
POI0044,Su,20,0
POI0044,Su,21,0
POI0044,Su,22,0
POI0044,Su,23,0
POI0049,Tu,6,0
POI0049,Tu,7,0
POI0049,Tu,8,0
POI0049,Tu,9,0
POI0049,Tu,10,0
POI0049,Tu,11,0
POI0049,Tu,12,0
POI0049,Tu,13,0
POI0049,Tu,14,25
POI0049,Tu,15,34
POI0049,Tu,16,39
POI0049,Tu,17,49
POI0049,Tu,18,63
POI0049,Tu,19,80
POI0049,Tu,20,82
POI0049,Tu,21,69
POI0049,Tu,22,49
POI0049,Tu,23,0
POI0049,We,6,0
POI0049,We,7,0
POI0049,We,8,0
POI0049,We,9,0
POI0049,We,10,0
POI0049,We,11,0
POI0049,We,12,0
POI0049,We,13,0
POI0049,We,14,37
POI0049,We,15,46
POI0049,We,16,50
POI0049,We,17,57
POI0049,We,18,67
POI0049,We,19,80
POI0049,We,20,81
POI0049,We,21,64
POI0049,We,22,44
POI0049,We,23,0
POI0049,Th,6,0
POI0049,Th,7,0
POI0049,Th,8,0
POI0049,Th,9,0
POI0049,Th,10,0
POI0049,Th,11,0
POI0049,Th,12,0
POI0049,Th,13,0
POI0049,Th,14,32
POI0049,Th,15,47
POI0049,Th,16,55
POI0049,Th,17,63
POI0049,Th,18,72
POI0049,Th,19,80
POI0049,Th,21,61
POI0049,Th,22,41
POI0049,Th,23,0
POI0049,Fr,6,0
POI0049,Fr,7,0
POI0049,Fr,8,0
POI0049,Fr,9,0
POI0049,Fr,10,0
POI0049,Fr,11,0
POI0049,Fr,12,0
POI0049,Fr,13,0
POI0049,Fr,14,33
POI0049,Fr,15,46
POI0049,Fr,16,50
POI0049,Fr,17,54
POI0049,Fr,18,57
POI0049,Fr,19,65
POI0049,Fr,20,66
POI0049,Fr,21,55
POI0049,Fr,22,38
POI0049,Fr,23,0
POI0049,Sa,6,0
POI0049,Sa,7,0
POI0049,Sa,8,0
POI0049,Sa,9,0
POI0049,Sa,10,0
POI0049,Sa,11,0
POI0049,Sa,12,0
POI0049,Sa,13,0
POI0049,Sa,14,56
POI0049,Sa,15,74
POI0049,Sa,16,81
POI0049,Sa,17,84
POI0049,Sa,18,83
POI0049,Sa,19,95
POI0049,Sa,20,100
POI0049,Sa,21,85
POI0049,Sa,22,57
POI0049,Sa,23,0
POI0049,Su,6,0
POI0049,Su,7,0
POI0049,Su,8,0
POI0049,Su,9,0
POI0049,Su,10,0
POI0049,Su,11,0
POI0049,Su,12,0
POI0049,Su,13,0
POI0049,Su,14,56
POI0049,Su,15,76
POI0049,Su,16,83
POI0049,Su,17,81
POI0049,Su,18,64
POI0049,Su,19,46
POI0049,Su,20,0
POI0049,Su,21,0
POI0049,Su,22,0
POI0049,Su,23,0
POI0050,Mo,0,3
POI0050,Mo,1,2
POI0050,Mo,2,2
POI0050,Mo,3,2
POI0050,Mo,4,2
POI0050,Mo,5,2
POI0050,Mo,6,3
POI0050,Mo,7,5
POI0050,Mo,8,9
POI0050,Mo,9,15
POI0050,Mo,10,23
POI0050,Mo,11,30
POI0050,Mo,12,35
POI0050,Mo,13,41
POI0050,Mo,14,44
POI0050,Mo,15,49
POI0050,Mo,16,50
POI0050,Mo,17,47
POI0050,Mo,18,38
POI0050,Mo,19,28
POI0050,Mo,20,19
POI0050,Mo,21,12
POI0050,Mo,22,8
POI0050,Mo,23,5
POI0050,Tu,0,4
POI0050,Tu,1,2
POI0050,Tu,2,1
POI0050,Tu,3,1
POI0050,Tu,4,1
POI0050,Tu,5,3
POI0050,Tu,6,4
POI0050,Tu,7,6
POI0050,Tu,8,11
POI0050,Tu,9,17
POI0050,Tu,10,25
POI0050,Tu,11,32
POI0050,Tu,12,36
POI0050,Tu,13,41
POI0050,Tu,14,44
POI0050,Tu,15,49
POI0050,Tu,16,51
POI0050,Tu,17,49
POI0050,Tu,18,42
POI0050,Tu,19,32
POI0050,Tu,20,22
POI0050,Tu,21,14
POI0050,Tu,22,9
POI0050,Tu,23,7
POI0050,We,0,3
POI0050,We,1,2
POI0050,We,2,1
POI0050,We,3,1
POI0050,We,4,2
POI0050,We,5,3
POI0050,We,6,4
POI0050,We,7,6
POI0050,We,8,10
POI0050,We,9,15
POI0050,We,10,22
POI0050,We,11,28
POI0050,We,12,34
POI0050,We,13,39
POI0050,We,14,42
POI0050,We,15,46
POI0050,We,16,49
POI0050,We,17,48
POI0050,We,18,41
POI0050,We,19,32
POI0050,We,20,22
POI0050,We,21,14
POI0050,We,22,10
POI0050,We,23,6
POI0050,Th,0,3
POI0050,Th,1,3
POI0050,Th,2,2
POI0050,Th,3,2
POI0050,Th,4,2
POI0050,Th,5,3
POI0050,Th,6,4
POI0050,Th,7,6
POI0050,Th,8,10
POI0050,Th,9,16
POI0050,Th,10,23
POI0050,Th,11,31
POI0050,Th,12,39
POI0050,Th,13,45
POI0050,Th,14,49
POI0050,Th,15,52
POI0050,Th,16,54
POI0050,Th,17,52
POI0050,Th,18,45
POI0050,Th,19,35
POI0050,Th,21,15
POI0050,Th,22,9
POI0050,Th,23,6
POI0050,Fr,0,5
POI0050,Fr,1,3
POI0050,Fr,2,2
POI0050,Fr,3,2
POI0050,Fr,4,2
POI0050,Fr,5,2
POI0050,Fr,6,3
POI0050,Fr,7,6
POI0050,Fr,8,10
POI0050,Fr,9,17
POI0050,Fr,10,27
POI0050,Fr,11,37
POI0050,Fr,12,44
POI0050,Fr,13,50
POI0050,Fr,14,55
POI0050,Fr,15,60
POI0050,Fr,16,61
POI0050,Fr,17,55
POI0050,Fr,18,45
POI0050,Fr,19,35
POI0050,Fr,20,25
POI0050,Fr,21,17
POI0050,Fr,22,11
POI0050,Fr,23,7
POI0050,Sa,0,6
POI0050,Sa,1,4
POI0050,Sa,2,3
POI0050,Sa,3,2
POI0050,Sa,4,2
POI0050,Sa,5,2
POI0050,Sa,6,2
POI0050,Sa,7,4
POI0050,Sa,8,9
POI0050,Sa,9,19
POI0050,Sa,10,31
POI0050,Sa,11,44
POI0050,Sa,12,53
POI0050,Sa,13,62
POI0050,Sa,14,76
POI0050,Sa,15,92
POI0050,Sa,16,100
POI0050,Sa,17,92
POI0050,Sa,18,72
POI0050,Sa,19,47
POI0050,Sa,20,29
POI0050,Sa,21,17
POI0050,Sa,22,11
POI0050,Sa,23,8
POI0050,Su,0,4
POI0050,Su,1,2
POI0050,Su,2,2
POI0050,Su,3,2
POI0050,Su,4,2
POI0050,Su,5,2
POI0050,Su,6,3
POI0050,Su,7,5
POI0050,Su,8,8
POI0050,Su,9,17
POI0050,Su,10,28
POI0050,Su,11,41
POI0050,Su,12,53
POI0050,Su,13,63
POI0050,Su,14,72
POI0050,Su,15,83
POI0050,Su,16,87
POI0050,Su,17,80
POI0050,Su,18,63
POI0050,Su,19,42
POI0050,Su,20,25
POI0050,Su,21,14
POI0050,Su,22,9
POI0050,Su,23,6
POI0052,Mo,6,0
POI0052,Mo,7,0
POI0052,Mo,8,0
POI0052,Mo,9,0
POI0052,Mo,10,24
POI0052,Mo,11,38
POI0052,Mo,12,51
POI0052,Mo,13,58
POI0052,Mo,14,63
POI0052,Mo,15,66
POI0052,Mo,16,68
POI0052,Mo,17,66
POI0052,Mo,18,58
POI0052,Mo,19,43
POI0052,Mo,20,25
POI0052,Mo,21,0
POI0052,Mo,22,0
POI0052,Mo,23,0
POI0052,Tu,6,0
POI0052,Tu,7,0
POI0052,Tu,8,0
POI0052,Tu,9,0
POI0052,Tu,10,22
POI0052,Tu,11,34
POI0052,Tu,12,45
POI0052,Tu,13,52
POI0052,Tu,14,57
POI0052,Tu,15,62
POI0052,Tu,16,65
POI0052,Tu,17,65
POI0052,Tu,18,58
POI0052,Tu,19,45
POI0052,Tu,20,27
POI0052,Tu,21,0
POI0052,Tu,22,0
POI0052,Tu,23,0
POI0052,We,6,0
POI0052,We,7,0
POI0052,We,8,0
POI0052,We,9,0
POI0052,We,10,22
POI0052,We,11,34
POI0052,We,12,45
POI0052,We,13,52
POI0052,We,14,57
POI0052,We,15,61
POI0052,We,16,65
POI0052,We,17,65
POI0052,We,18,59
POI0052,We,19,45
POI0052,We,20,27
POI0052,We,21,0
POI0052,We,22,0
POI0052,We,23,0
POI0052,Th,6,0
POI0052,Th,7,0
POI0052,Th,8,0
POI0052,Th,9,0
POI0052,Th,10,23
POI0052,Th,11,35
POI0052,Th,12,47
POI0052,Th,13,55
POI0052,Th,14,61
POI0052,Th,15,66
POI0052,Th,16,68
POI0052,Th,17,68
POI0052,Th,18,60
POI0052,Th,19,45
POI0052,Th,20,27
POI0052,Th,21,0
POI0052,Th,22,0
POI0052,Th,23,0
POI0052,Fr,6,0
POI0052,Fr,7,0
POI0052,Fr,8,0
POI0052,Fr,9,0
POI0052,Fr,10,24
POI0052,Fr,11,37
POI0052,Fr,12,49
POI0052,Fr,13,57
POI0052,Fr,14,63
POI0052,Fr,15,70
POI0052,Fr,16,73
POI0052,Fr,17,72
POI0052,Fr,18,64
POI0052,Fr,19,48
POI0052,Fr,20,28
POI0052,Fr,21,0
POI0052,Fr,22,0
POI0052,Fr,23,0
POI0052,Sa,6,0
POI0052,Sa,7,0
POI0052,Sa,8,0
POI0052,Sa,9,0
POI0052,Sa,10,29
POI0052,Sa,11,46
POI0052,Sa,12,61
POI0052,Sa,13,73
POI0052,Sa,14,84
POI0052,Sa,15,93
POI0052,Sa,16,100
POI0052,Sa,17,98
POI0052,Sa,18,87
POI0052,Sa,19,66
POI0052,Sa,20,39
POI0052,Sa,21,0
POI0052,Sa,22,0
POI0052,Sa,23,0
POI0052,Su,6,0
POI0052,Su,7,0
POI0052,Su,8,0
POI0052,Su,9,0
POI0052,Su,10,0
POI0052,Su,11,33
POI0052,Su,12,48
POI0052,Su,13,58
POI0052,Su,14,67
POI0052,Su,15,74
POI0052,Su,16,78
POI0052,Su,17,75
POI0052,Su,18,63
POI0052,Su,19,44
POI0052,Su,20,0
POI0052,Su,21,0
POI0052,Su,22,0
POI0052,Su,23,0
POI0053,Mo,6,0
POI0053,Mo,7,0
POI0053,Mo,8,15
POI0053,Mo,9,22
POI0053,Mo,10,30
POI0053,Mo,11,38
POI0053,Mo,12,44
POI0053,Mo,13,46
POI0053,Mo,14,50
POI0053,Mo,15,53
POI0053,Mo,16,53
POI0053,Mo,17,50
POI0053,Mo,18,41
POI0053,Mo,19,31
POI0053,Mo,20,0
POI0053,Mo,21,0
POI0053,Mo,22,0
POI0053,Mo,23,0
POI0053,Tu,6,0
POI0053,Tu,7,0
POI0053,Tu,8,17
POI0053,Tu,9,26
POI0053,Tu,10,35
POI0053,Tu,11,42
POI0053,Tu,12,48
POI0053,Tu,13,51
POI0053,Tu,14,54
POI0053,Tu,15,53
POI0053,Tu,16,52
POI0053,Tu,17,51
POI0053,Tu,18,47
POI0053,Tu,19,39
POI0053,Tu,20,0
POI0053,Tu,21,0
POI0053,Tu,22,0
POI0053,Tu,23,0
POI0053,We,6,0
POI0053,We,7,0
POI0053,We,8,16
POI0053,We,9,22
POI0053,We,10,28
POI0053,We,11,35
POI0053,We,12,39
POI0053,We,13,44
POI0053,We,14,48
POI0053,We,15,53
POI0053,We,16,54
POI0053,We,17,50
POI0053,We,18,44
POI0053,We,19,33
POI0053,We,20,0
POI0053,We,21,0
POI0053,We,22,0
POI0053,We,23,0
POI0053,Th,6,0
POI0053,Th,7,0
POI0053,Th,8,15
POI0053,Th,9,22
POI0053,Th,10,30
POI0053,Th,11,36
POI0053,Th,12,40
POI0053,Th,13,45
POI0053,Th,14,52
POI0053,Th,15,57
POI0053,Th,16,61
POI0053,Th,17,58
POI0053,Th,18,53
POI0053,Th,19,47
POI0053,Th,20,0
POI0053,Th,21,0
POI0053,Th,22,0
POI0053,Th,23,0
POI0053,Fr,6,0
POI0053,Fr,7,0
POI0053,Fr,8,17
POI0053,Fr,9,26
POI0053,Fr,10,37
POI0053,Fr,11,47
POI0053,Fr,12,53
POI0053,Fr,13,56
POI0053,Fr,14,58
POI0053,Fr,15,61
POI0053,Fr,16,62
POI0053,Fr,17,61
POI0053,Fr,18,56
POI0053,Fr,19,47
POI0053,Fr,20,0
POI0053,Fr,21,0
POI0053,Fr,22,0
POI0053,Fr,23,0
POI0053,Sa,6,0
POI0053,Sa,7,0
POI0053,Sa,8,14
POI0053,Sa,9,23
POI0053,Sa,10,38
POI0053,Sa,11,49
POI0053,Sa,12,58
POI0053,Sa,13,63
POI0053,Sa,14,76
POI0053,Sa,15,88
POI0053,Sa,16,100
POI0053,Sa,17,99
POI0053,Sa,18,86
POI0053,Sa,19,63
POI0053,Sa,20,0
POI0053,Sa,21,0
POI0053,Sa,22,0
POI0053,Sa,23,0
POI0053,Su,6,0
POI0053,Su,7,0
POI0053,Su,8,15
POI0053,Su,9,30
POI0053,Su,10,47
POI0053,Su,11,58
POI0053,Su,12,62
POI0053,Su,13,61
POI0053,Su,14,63
POI0053,Su,15,70
POI0053,Su,16,76
POI0053,Su,17,79
POI0053,Su,18,86
POI0053,Su,19,74
POI0053,Su,20,0
POI0053,Su,21,0
POI0053,Su,22,0
POI0053,Su,23,0
POI0054,Tu,6,0
POI0054,Tu,7,0
POI0054,Tu,8,0
POI0054,Tu,9,0
POI0054,Tu,10,44
POI0054,Tu,11,59
POI0054,Tu,12,62
POI0054,Tu,13,60
POI0054,Tu,14,60
POI0054,Tu,15,62
POI0054,Tu,16,60
POI0054,Tu,17,50
POI0054,Tu,18,0
POI0054,Tu,19,0
POI0054,Tu,20,0
POI0054,Tu,21,0
POI0054,Tu,22,0
POI0054,Tu,23,0
POI0054,We,6,0
POI0054,We,7,0
POI0054,We,8,0
POI0054,We,9,0
POI0054,We,10,44
POI0054,We,11,54
POI0054,We,12,57
POI0054,We,13,54
POI0054,We,14,55
POI0054,We,15,58
POI0054,We,16,57
POI0054,We,17,46
POI0054,We,18,0
POI0054,We,19,0
POI0054,We,20,0
POI0054,We,21,0
POI0054,We,22,0
POI0054,We,23,0
POI0054,Th,6,0
POI0054,Th,7,0
POI0054,Th,8,0
POI0054,Th,9,0
POI0054,Th,10,34
POI0054,Th,11,45
POI0054,Th,12,50
POI0054,Th,13,54
POI0054,Th,14,57
POI0054,Th,15,60
POI0054,Th,16,63
POI0054,Th,17,59
POI0054,Th,18,51
POI0054,Th,19,39
POI0054,Th,21,0
POI0054,Th,22,0
POI0054,Th,23,0
POI0054,Fr,6,0
POI0054,Fr,7,0
POI0054,Fr,8,0
POI0054,Fr,9,0
POI0054,Fr,10,35
POI0054,Fr,11,46
POI0054,Fr,12,49
POI0054,Fr,13,51
POI0054,Fr,14,54
POI0054,Fr,15,59
POI0054,Fr,16,55
POI0054,Fr,17,44
POI0054,Fr,18,0
POI0054,Fr,19,0
POI0054,Fr,20,0
POI0054,Fr,21,0
POI0054,Fr,22,0
POI0054,Fr,23,0
POI0054,Sa,6,0
POI0054,Sa,7,0
POI0054,Sa,8,0
POI0054,Sa,9,0
POI0054,Sa,10,44
POI0054,Sa,11,65
POI0054,Sa,12,76
POI0054,Sa,13,82
POI0054,Sa,14,89
POI0054,Sa,15,90
POI0054,Sa,16,85
POI0054,Sa,17,64
POI0054,Sa,18,0
POI0054,Sa,19,0
POI0054,Sa,20,0
POI0054,Sa,21,0
POI0054,Sa,22,0
POI0054,Sa,23,0
POI0054,Su,6,0
POI0054,Su,7,0
POI0054,Su,8,0
POI0054,Su,9,0
POI0054,Su,10,42
POI0054,Su,11,61
POI0054,Su,12,70
POI0054,Su,13,78
POI0054,Su,14,88
POI0054,Su,15,100
POI0054,Su,16,92
POI0054,Su,17,67
POI0054,Su,18,0
POI0054,Su,19,0
POI0054,Su,20,0
POI0054,Su,21,0
POI0054,Su,22,0
POI0054,Su,23,0
POI0056,Tu,6,0
POI0056,Tu,7,0
POI0056,Tu,8,0
POI0056,Tu,9,0
POI0056,Tu,10,0
POI0056,Tu,11,0
POI0056,Tu,12,43
POI0056,Tu,13,47
POI0056,Tu,14,47
POI0056,Tu,15,40
POI0056,Tu,16,0
POI0056,Tu,17,0
POI0056,Tu,18,0
POI0056,Tu,19,72
POI0056,Tu,20,76
POI0056,Tu,21,70
POI0056,Tu,22,60
POI0056,Tu,23,49
POI0056,We,6,0
POI0056,We,7,0
POI0056,We,8,0
POI0056,We,9,0
POI0056,We,10,0
POI0056,We,11,0
POI0056,We,12,47
POI0056,We,13,47
POI0056,We,14,47
POI0056,We,15,40
POI0056,We,16,0
POI0056,We,17,0
POI0056,We,18,0
POI0056,We,19,52
POI0056,We,20,67
POI0056,We,21,60
POI0056,We,22,52
POI0056,We,23,40
POI0056,Th,6,0
POI0056,Th,7,0
POI0056,Th,8,0
POI0056,Th,9,0
POI0056,Th,10,0
POI0056,Th,11,0
POI0056,Th,12,60
POI0056,Th,13,60
POI0056,Th,14,54
POI0056,Th,15,49
POI0056,Th,16,0
POI0056,Th,17,0
POI0056,Th,18,0
POI0056,Th,19,47
POI0056,Th,20,56
POI0056,Th,21,65
POI0056,Th,23,52
POI0056,Fr,6,0
POI0056,Fr,7,0
POI0056,Fr,8,0
POI0056,Fr,9,0
POI0056,Fr,10,0
POI0056,Fr,11,0
POI0056,Fr,12,60
POI0056,Fr,13,65
POI0056,Fr,14,78
POI0056,Fr,15,65
POI0056,Fr,16,0
POI0056,Fr,17,0
POI0056,Fr,18,0
POI0056,Fr,19,89
POI0056,Fr,20,100
POI0056,Fr,21,94
POI0056,Fr,22,78
POI0056,Fr,23,52
POI0056,Sa,6,0
POI0056,Sa,7,0
POI0056,Sa,8,0
POI0056,Sa,9,0
POI0056,Sa,10,0
POI0056,Sa,11,0
POI0056,Sa,12,47
POI0056,Sa,13,69
POI0056,Sa,14,72
POI0056,Sa,15,67
POI0056,Sa,16,0
POI0056,Sa,17,0
POI0056,Sa,18,0
POI0056,Sa,19,65
POI0056,Sa,20,78
POI0056,Sa,21,83
POI0056,Sa,22,69
POI0056,Sa,23,61
POI0058,Mo,6,0
POI0058,Mo,7,0
POI0058,Mo,8,15
POI0058,Mo,9,24
POI0058,Mo,10,34
POI0058,Mo,11,45
POI0058,Mo,12,58
POI0058,Mo,13,67
POI0058,Mo,14,69
POI0058,Mo,15,68
POI0058,Mo,16,64
POI0058,Mo,17,58
POI0058,Mo,18,50
POI0058,Mo,19,38
POI0058,Mo,20,24
POI0058,Mo,21,14
POI0058,Mo,22,8
POI0058,Mo,23,0
POI0058,Tu,6,0
POI0058,Tu,7,0
POI0058,Tu,8,21
POI0058,Tu,9,31
POI0058,Tu,10,45
POI0058,Tu,11,60
POI0058,Tu,12,75
POI0058,Tu,13,85
POI0058,Tu,14,83
POI0058,Tu,15,80
POI0058,Tu,16,75
POI0058,Tu,17,69
POI0058,Tu,18,62
POI0058,Tu,19,51
POI0058,Tu,20,41
POI0058,Tu,21,31
POI0058,Tu,22,21
POI0058,Tu,23,0
POI0058,We,6,0
POI0058,We,7,0
POI0058,We,8,18
POI0058,We,9,29
POI0058,We,10,40
POI0058,We,11,53
POI0058,We,12,69
POI0058,We,13,78
POI0058,We,14,77
POI0058,We,15,71
POI0058,We,16,66
POI0058,We,17,62
POI0058,We,18,56
POI0058,We,19,49
POI0058,We,20,42
POI0058,We,21,32
POI0058,We,22,24
POI0058,We,23,0
POI0058,Th,6,0
POI0058,Th,7,0
POI0058,Th,8,18
POI0058,Th,9,27
POI0058,Th,10,40
POI0058,Th,11,53
POI0058,Th,12,69
POI0058,Th,13,78
POI0058,Th,14,76
POI0058,Th,15,71
POI0058,Th,16,69
POI0058,Th,17,66
POI0058,Th,18,60
POI0058,Th,19,51
POI0058,Th,21,31
POI0058,Th,22,21
POI0058,Th,23,0
POI0058,Fr,6,0
POI0058,Fr,7,0
POI0058,Fr,8,15
POI0058,Fr,9,23
POI0058,Fr,10,33
POI0058,Fr,11,43
POI0058,Fr,12,54
POI0058,Fr,13,59
POI0058,Fr,14,61
POI0058,Fr,15,60
POI0058,Fr,16,59
POI0058,Fr,17,56
POI0058,Fr,18,52
POI0058,Fr,19,46
POI0058,Fr,20,43
POI0058,Fr,21,37
POI0058,Fr,22,28
POI0058,Fr,23,0
POI0058,Sa,6,0
POI0058,Sa,7,0
POI0058,Sa,8,9
POI0058,Sa,9,15
POI0058,Sa,10,22
POI0058,Sa,11,31
POI0058,Sa,12,42
POI0058,Sa,13,56
POI0058,Sa,14,73
POI0058,Sa,15,88
POI0058,Sa,16,98
POI0058,Sa,17,100
POI0058,Sa,18,93
POI0058,Sa,19,76
POI0058,Sa,20,61
POI0058,Sa,21,43
POI0058,Sa,22,30
POI0058,Sa,23,0
POI0058,Su,6,0
POI0058,Su,7,0
POI0058,Su,8,6
POI0058,Su,9,11
POI0058,Su,10,17
POI0058,Su,11,24
POI0058,Su,12,33
POI0058,Su,13,45
POI0058,Su,14,61
POI0058,Su,15,77
POI0058,Su,16,85
POI0058,Su,17,85
POI0058,Su,18,67
POI0058,Su,19,45
POI0058,Su,20,24
POI0058,Su,21,12
POI0058,Su,22,7
POI0058,Su,23,0
POI0059,Mo,6,0
POI0059,Mo,7,0
POI0059,Mo,8,0
POI0059,Mo,9,0
POI0059,Mo,10,0
POI0059,Mo,11,0
POI0059,Mo,12,50
POI0059,Mo,13,57
POI0059,Mo,14,60
POI0059,Mo,15,60
POI0059,Mo,16,56
POI0059,Mo,17,47
POI0059,Mo,18,38
POI0059,Mo,19,0
POI0059,Mo,20,0
POI0059,Mo,21,0
POI0059,Mo,22,0
POI0059,Mo,23,0
POI0059,We,6,0
POI0059,We,7,0
POI0059,We,8,0
POI0059,We,9,0
POI0059,We,10,0
POI0059,We,11,38
POI0059,We,12,48
POI0059,We,13,54
POI0059,We,14,56
POI0059,We,15,57
POI0059,We,16,54
POI0059,We,17,47
POI0059,We,18,40
POI0059,We,19,32
POI0059,We,20,0
POI0059,We,21,0
POI0059,We,22,0
POI0059,We,23,0
POI0059,Th,6,0
POI0059,Th,7,0
POI0059,Th,8,0
POI0059,Th,9,0
POI0059,Th,10,0
POI0059,Th,11,0
POI0059,Th,12,51
POI0059,Th,13,57
POI0059,Th,14,61
POI0059,Th,15,62
POI0059,Th,16,60
POI0059,Th,17,52
POI0059,Th,18,41
POI0059,Th,19,0
POI0059,Th,20,0
POI0059,Th,21,0
POI0059,Th,22,0
POI0059,Th,23,0
POI0059,Fr,6,0
POI0059,Fr,7,0
POI0059,Fr,8,0
POI0059,Fr,9,0
POI0059,Fr,10,0
POI0059,Fr,11,0
POI0059,Fr,12,53
POI0059,Fr,13,62
POI0059,Fr,14,68
POI0059,Fr,15,70
POI0059,Fr,16,69
POI0059,Fr,17,67
POI0059,Fr,18,62
POI0059,Fr,19,0
POI0059,Fr,20,0
POI0059,Fr,21,0
POI0059,Fr,22,0
POI0059,Fr,23,0
POI0059,Sa,6,0
POI0059,Sa,7,0
POI0059,Sa,8,0
POI0059,Sa,9,0
POI0059,Sa,10,0
POI0059,Sa,11,53
POI0059,Sa,12,66
POI0059,Sa,13,76
POI0059,Sa,14,86
POI0059,Sa,15,96
POI0059,Sa,16,100
POI0059,Sa,17,95
POI0059,Sa,18,83
POI0059,Sa,19,0
POI0059,Sa,20,0
POI0059,Sa,21,0
POI0059,Sa,22,0
POI0059,Sa,23,0
POI0059,Su,6,0
POI0059,Su,7,0
POI0059,Su,8,0
POI0059,Su,9,0
POI0059,Su,10,0
POI0059,Su,11,57
POI0059,Su,12,73
POI0059,Su,13,82
POI0059,Su,14,87
POI0059,Su,15,91
POI0059,Su,16,92
POI0059,Su,17,84
POI0059,Su,18,67
POI0059,Su,19,0
POI0059,Su,20,0
POI0059,Su,21,0
POI0059,Su,22,0
POI0059,Su,23,0
POI0061,Mo,6,0
POI0061,Mo,7,0
POI0061,Mo,8,0
POI0061,Mo,9,0
POI0061,Mo,10,24
POI0061,Mo,11,37
POI0061,Mo,12,47
POI0061,Mo,13,53
POI0061,Mo,14,57
POI0061,Mo,15,60
POI0061,Mo,16,59
POI0061,Mo,17,52
POI0061,Mo,18,42
POI0061,Mo,19,31
POI0061,Mo,20,0
POI0061,Mo,21,0
POI0061,Mo,22,0
POI0061,Mo,23,0
POI0061,Tu,6,0
POI0061,Tu,7,0
POI0061,Tu,8,0
POI0061,Tu,9,0
POI0061,Tu,10,31
POI0061,Tu,11,38
POI0061,Tu,12,43
POI0061,Tu,13,50
POI0061,Tu,14,53
POI0061,Tu,15,56
POI0061,Tu,16,54
POI0061,Tu,17,52
POI0061,Tu,18,44
POI0061,Tu,19,37
POI0061,Tu,20,0
POI0061,Tu,21,0
POI0061,Tu,22,0
POI0061,Tu,23,0
POI0061,We,6,0
POI0061,We,7,0
POI0061,We,8,0
POI0061,We,9,0
POI0061,We,10,26
POI0061,We,11,33
POI0061,We,12,41
POI0061,We,13,42
POI0061,We,14,48
POI0061,We,15,50
POI0061,We,16,53
POI0061,We,17,52
POI0061,We,18,45
POI0061,We,19,33
POI0061,We,20,0
POI0061,We,21,0
POI0061,We,22,0
POI0061,We,23,0
POI0061,Th,6,0
POI0061,Th,7,0
POI0061,Th,8,0
POI0061,Th,9,0
POI0061,Th,10,28
POI0061,Th,11,36
POI0061,Th,12,43
POI0061,Th,13,47
POI0061,Th,14,51
POI0061,Th,15,51
POI0061,Th,16,54
POI0061,Th,17,52
POI0061,Th,18,49
POI0061,Th,19,40
POI0061,Th,20,0
POI0061,Th,21,0
POI0061,Th,22,0
POI0061,Th,23,0
POI0061,Fr,6,0
POI0061,Fr,7,0
POI0061,Fr,8,0
POI0061,Fr,9,0
POI0061,Fr,10,27
POI0061,Fr,11,33
POI0061,Fr,12,41
POI0061,Fr,13,48
POI0061,Fr,14,53
POI0061,Fr,15,57
POI0061,Fr,16,56
POI0061,Fr,17,52
POI0061,Fr,18,49
POI0061,Fr,19,45
POI0061,Fr,20,0
POI0061,Fr,21,0
POI0061,Fr,22,0
POI0061,Fr,23,0
POI0061,Sa,6,0
POI0061,Sa,7,0
POI0061,Sa,8,0
POI0061,Sa,9,0
POI0061,Sa,10,33
POI0061,Sa,11,42
POI0061,Sa,12,50
POI0061,Sa,13,58
POI0061,Sa,14,72
POI0061,Sa,15,83
POI0061,Sa,16,88
POI0061,Sa,17,79
POI0061,Sa,18,65
POI0061,Sa,19,51
POI0061,Sa,20,0
POI0061,Sa,21,0
POI0061,Sa,22,0
POI0061,Sa,23,0
POI0061,Su,6,0
POI0061,Su,7,0
POI0061,Su,8,0
POI0061,Su,9,0
POI0061,Su,10,28
POI0061,Su,11,36
POI0061,Su,12,45
POI0061,Su,13,46
POI0061,Su,14,55
POI0061,Su,15,69
POI0061,Su,16,89
POI0061,Su,17,100
POI0061,Su,18,97
POI0061,Su,19,73
POI0061,Su,20,0
POI0061,Su,21,0
POI0061,Su,22,0
POI0061,Su,23,0
POI0063,Mo,0,30
POI0063,Mo,1,24
POI0063,Mo,2,24
POI0063,Mo,3,18
POI0063,Mo,4,15
POI0063,Mo,5,21
POI0063,Mo,6,27
POI0063,Mo,7,24
POI0063,Mo,8,27
POI0063,Mo,9,21
POI0063,Mo,10,21
POI0063,Mo,11,33
POI0063,Mo,12,39
POI0063,Mo,13,48
POI0063,Mo,14,54
POI0063,Mo,15,66
POI0063,Mo,16,69
POI0063,Mo,17,69
POI0063,Mo,18,63
POI0063,Mo,19,54
POI0063,Mo,20,48
POI0063,Mo,21,51
POI0063,Mo,22,51
POI0063,Mo,23,45
POI0063,Tu,0,21
POI0063,Tu,1,21
POI0063,Tu,2,21
POI0063,Tu,3,30
POI0063,Tu,4,39
POI0063,Tu,5,42
POI0063,Tu,6,36
POI0063,Tu,7,33
POI0063,Tu,8,27
POI0063,Tu,9,30
POI0063,Tu,10,27
POI0063,Tu,11,33
POI0063,Tu,12,42
POI0063,Tu,13,54
POI0063,Tu,14,66
POI0063,Tu,15,63
POI0063,Tu,16,66
POI0063,Tu,17,66
POI0063,Tu,18,66
POI0063,Tu,19,66
POI0063,Tu,20,66
POI0063,Tu,21,54
POI0063,Tu,22,39
POI0063,Tu,23,36
POI0063,We,0,72
POI0063,We,1,45
POI0063,We,2,30
POI0063,We,3,18
POI0063,We,4,9
POI0063,We,5,9
POI0063,We,6,15
POI0063,We,7,18
POI0063,We,8,27
POI0063,We,9,30
POI0063,We,10,45
POI0063,We,11,48
POI0063,We,12,51
POI0063,We,13,48
POI0063,We,14,48
POI0063,We,15,51
POI0063,We,16,60
POI0063,We,17,87
POI0063,We,18,100
POI0063,We,19,90
POI0063,We,20,60
POI0063,We,21,45
POI0063,We,22,57
POI0063,We,23,72
POI0063,Th,0,45
POI0063,Th,1,33
POI0063,Th,2,21
POI0063,Th,3,18
POI0063,Th,4,21
POI0063,Th,5,21
POI0063,Th,6,27
POI0063,Th,7,24
POI0063,Th,8,30
POI0063,Th,9,33
POI0063,Th,10,39
POI0063,Th,11,51
POI0063,Th,12,51
POI0063,Th,13,54
POI0063,Th,14,63
POI0063,Th,15,63
POI0063,Th,16,66
POI0063,Th,17,63
POI0063,Th,18,57
POI0063,Th,19,54
POI0063,Th,20,54
POI0063,Th,21,54
POI0063,Th,23,48
POI0063,Fr,0,30
POI0063,Fr,1,21
POI0063,Fr,2,18
POI0063,Fr,3,9
POI0063,Fr,4,6
POI0063,Fr,5,6
POI0063,Fr,6,12
POI0063,Fr,7,15
POI0063,Fr,8,18
POI0063,Fr,9,12
POI0063,Fr,10,15
POI0063,Fr,11,24
POI0063,Fr,12,33
POI0063,Fr,13,42
POI0063,Fr,14,60
POI0063,Fr,15,63
POI0063,Fr,16,45
POI0063,Fr,17,45
POI0063,Fr,18,48
POI0063,Fr,19,63
POI0063,Fr,20,69
POI0063,Fr,21,78
POI0063,Fr,22,69
POI0063,Fr,23,48
POI0063,Sa,0,66
POI0063,Sa,1,51
POI0063,Sa,2,39
POI0063,Sa,3,30
POI0063,Sa,4,27
POI0063,Sa,5,18
POI0063,Sa,6,21
POI0063,Sa,7,27
POI0063,Sa,8,21
POI0063,Sa,9,27
POI0063,Sa,10,30
POI0063,Sa,11,39
POI0063,Sa,12,48
POI0063,Sa,13,48
POI0063,Sa,14,54
POI0063,Sa,15,54
POI0063,Sa,16,60
POI0063,Sa,17,75
POI0063,Sa,18,81
POI0063,Sa,19,81
POI0063,Sa,20,81
POI0063,Sa,21,84
POI0063,Sa,22,96
POI0063,Sa,23,93
POI0063,Su,0,30
POI0063,Su,1,30
POI0063,Su,2,42
POI0063,Su,3,48
POI0063,Su,4,51
POI0063,Su,5,42
POI0063,Su,6,33
POI0063,Su,7,24
POI0063,Su,8,21
POI0063,Su,9,15
POI0063,Su,10,18
POI0063,Su,11,18
POI0063,Su,12,30
POI0063,Su,13,33
POI0063,Su,14,48
POI0063,Su,15,57
POI0063,Su,16,63
POI0063,Su,17,63
POI0063,Su,18,75
POI0063,Su,19,84
POI0063,Su,20,93
POI0063,Su,21,78
POI0063,Su,22,66
POI0063,Su,23,39
POI0065,Mo,6,0
POI0065,Mo,7,0
POI0065,Mo,8,0
POI0065,Mo,9,0
POI0065,Mo,10,0
POI0065,Mo,11,0
POI0065,Mo,12,41
POI0065,Mo,13,33
POI0065,Mo,14,20
POI0065,Mo,15,0
POI0065,Mo,16,0
POI0065,Mo,17,0
POI0065,Mo,18,0
POI0065,Mo,19,58
POI0065,Mo,20,72
POI0065,Mo,21,69
POI0065,Mo,22,49
POI0065,Mo,23,0
POI0065,Tu,6,0
POI0065,Tu,7,0
POI0065,Tu,8,0
POI0065,Tu,9,0
POI0065,Tu,10,0
POI0065,Tu,11,0
POI0065,Tu,12,43
POI0065,Tu,13,44
POI0065,Tu,14,43
POI0065,Tu,15,0
POI0065,Tu,16,0
POI0065,Tu,17,0
POI0065,Tu,18,0
POI0065,Tu,19,70
POI0065,Tu,20,83
POI0065,Tu,21,73
POI0065,Tu,22,53
POI0065,Tu,23,0
POI0065,We,6,0
POI0065,We,7,0
POI0065,We,8,0
POI0065,We,9,0
POI0065,We,10,0
POI0065,We,11,0
POI0065,We,12,49
POI0065,We,13,50
POI0065,We,14,41
POI0065,We,15,0
POI0065,We,16,0
POI0065,We,17,0
POI0065,We,18,0
POI0065,We,19,73
POI0065,We,20,90
POI0065,We,21,84
POI0065,We,22,64
POI0065,We,23,0
POI0065,Th,6,0
POI0065,Th,7,0
POI0065,Th,8,0
POI0065,Th,9,0
POI0065,Th,10,0
POI0065,Th,11,0
POI0065,Th,12,55
POI0065,Th,13,52
POI0065,Th,14,36
POI0065,Th,15,0
POI0065,Th,16,0
POI0065,Th,17,0
POI0065,Th,18,0
POI0065,Th,19,64
POI0065,Th,21,78
POI0065,Th,22,56
POI0065,Th,23,0
POI0065,Fr,6,0
POI0065,Fr,7,0
POI0065,Fr,8,0
POI0065,Fr,9,0
POI0065,Fr,10,0
POI0065,Fr,11,0
POI0065,Fr,12,32
POI0065,Fr,13,43
POI0065,Fr,14,43
POI0065,Fr,15,0
POI0065,Fr,16,0
POI0065,Fr,17,0
POI0065,Fr,18,0
POI0065,Fr,19,75
POI0065,Fr,20,83
POI0065,Fr,21,66
POI0065,Fr,22,43
POI0065,Fr,23,0
POI0065,Sa,6,0
POI0065,Sa,7,0
POI0065,Sa,8,0
POI0065,Sa,9,0
POI0065,Sa,10,0
POI0065,Sa,11,0
POI0065,Sa,12,41
POI0065,Sa,13,53
POI0065,Sa,14,50
POI0065,Sa,15,0
POI0065,Sa,16,0
POI0065,Sa,17,0
POI0065,Sa,18,0
POI0065,Sa,19,84
POI0065,Sa,20,98
POI0065,Sa,21,100
POI0065,Sa,22,75
POI0065,Sa,23,0
POI0065,Su,6,0
POI0065,Su,7,0
POI0065,Su,8,0
POI0065,Su,9,0
POI0065,Su,10,0
POI0065,Su,11,0
POI0065,Su,12,41
POI0065,Su,13,52
POI0065,Su,14,52
POI0065,Su,15,0
POI0065,Su,16,0
POI0065,Su,17,0
POI0065,Su,18,0
POI0065,Su,19,53
POI0065,Su,20,56
POI0065,Su,21,58
POI0065,Su,22,44
POI0065,Su,23,0
POI0069,Mo,0,84
POI0069,Mo,1,66
POI0069,Mo,2,48
POI0069,Mo,3,48
POI0069,Mo,4,51
POI0069,Mo,5,45
POI0069,Mo,6,54
POI0069,Mo,7,54
POI0069,Mo,8,69
POI0069,Mo,9,75
POI0069,Mo,10,72
POI0069,Mo,11,51
POI0069,Mo,12,48
POI0069,Mo,13,60
POI0069,Mo,14,66
POI0069,Mo,15,57
POI0069,Mo,16,45
POI0069,Mo,17,39
POI0069,Mo,18,51
POI0069,Mo,19,48
POI0069,Mo,20,63
POI0069,Mo,21,63
POI0069,Mo,22,93
POI0069,Mo,23,96
POI0069,Tu,0,51
POI0069,Tu,1,48
POI0069,Tu,2,81
POI0069,Tu,3,93
POI0069,Tu,4,81
POI0069,Tu,5,60
POI0069,Tu,6,66
POI0069,Tu,7,54
POI0069,Tu,8,63
POI0069,Tu,9,51
POI0069,Tu,10,42
POI0069,Tu,11,51
POI0069,Tu,12,66
POI0069,Tu,13,100
POI0069,Tu,14,96
POI0069,Tu,15,87
POI0069,Tu,16,63
POI0069,Tu,17,69
POI0069,Tu,18,57
POI0069,Tu,19,48
POI0069,Tu,20,57
POI0069,Tu,21,57
POI0069,Tu,22,66
POI0069,Tu,23,54
POI0069,We,0,60
POI0069,We,1,54
POI0069,We,2,51
POI0069,We,3,54
POI0069,We,4,66
POI0069,We,5,69
POI0069,We,6,81
POI0069,We,7,75
POI0069,We,8,78
POI0069,We,9,75
POI0069,We,10,63
POI0069,We,11,66
POI0069,We,12,66
POI0069,We,13,63
POI0069,We,14,45
POI0069,We,15,42
POI0069,We,16,51
POI0069,We,17,45
POI0069,We,18,48
POI0069,We,19,57
POI0069,We,20,72
POI0069,We,21,78
POI0069,We,22,72
POI0069,We,23,66
POI0069,Th,0,60
POI0069,Th,1,66
POI0069,Th,2,78
POI0069,Th,3,81
POI0069,Th,4,72
POI0069,Th,5,72
POI0069,Th,6,60
POI0069,Th,7,54
POI0069,Th,8,54
POI0069,Th,9,57
POI0069,Th,10,60
POI0069,Th,11,63
POI0069,Th,12,63
POI0069,Th,13,48
POI0069,Th,14,57
POI0069,Th,15,78
POI0069,Th,16,96
POI0069,Th,17,93
POI0069,Th,18,81
POI0069,Th,19,81
POI0069,Th,20,75
POI0069,Th,21,75
POI0069,Th,22,54
POI0069,Th,23,54
POI0069,Fr,0,60
POI0069,Fr,1,75
POI0069,Fr,2,63
POI0069,Fr,3,60
POI0069,Fr,4,66
POI0069,Fr,5,69
POI0069,Fr,6,63
POI0069,Fr,7,66
POI0069,Fr,8,63
POI0069,Fr,9,51
POI0069,Fr,10,54
POI0069,Fr,11,63
POI0069,Fr,12,78
POI0069,Fr,13,93
POI0069,Fr,14,87
POI0069,Fr,15,69
POI0069,Fr,16,72
POI0069,Fr,17,75
POI0069,Fr,18,75
POI0069,Fr,19,60
POI0069,Fr,20,75
POI0069,Fr,21,63
POI0069,Fr,22,63
POI0069,Fr,23,51
POI0069,Sa,0,51
POI0069,Sa,1,60
POI0069,Sa,2,72
POI0069,Sa,3,78
POI0069,Sa,4,60
POI0069,Sa,5,51
POI0069,Sa,6,57
POI0069,Sa,7,51
POI0069,Sa,8,57
POI0069,Sa,9,57
POI0069,Sa,10,69
POI0069,Sa,11,75
POI0069,Sa,12,78
POI0069,Sa,13,66
POI0069,Sa,14,51
POI0069,Sa,15,54
POI0069,Sa,16,36
POI0069,Sa,17,45
POI0069,Sa,18,42
POI0069,Sa,19,54
POI0069,Sa,20,57
POI0069,Sa,21,69
POI0069,Sa,22,81
POI0069,Sa,23,57
POI0069,Su,0,69
POI0069,Su,1,78
POI0069,Su,2,84
POI0069,Su,3,75
POI0069,Su,4,60
POI0069,Su,5,51
POI0069,Su,6,39
POI0069,Su,7,36
POI0069,Su,8,42
POI0069,Su,9,63
POI0069,Su,10,66
POI0069,Su,11,66
POI0069,Su,12,51
POI0069,Su,13,63
POI0069,Su,14,63
POI0069,Su,15,78
POI0069,Su,16,60
POI0069,Su,17,60
POI0069,Su,18,57
POI0069,Su,19,57
POI0069,Su,20,45
POI0069,Su,21,42
POI0069,Su,22,48
POI0069,Su,23,60
POI0070,Mo,6,0
POI0070,Mo,7,0
POI0070,Mo,8,17
POI0070,Mo,9,28
POI0070,Mo,10,42
POI0070,Mo,11,59
POI0070,Mo,12,76
POI0070,Mo,13,81
POI0070,Mo,14,74
POI0070,Mo,15,67
POI0070,Mo,16,60
POI0070,Mo,17,55
POI0070,Mo,18,48
POI0070,Mo,19,42
POI0070,Mo,20,0
POI0070,Mo,21,0
POI0070,Mo,22,0
POI0070,Mo,23,0
POI0070,Tu,6,0
POI0070,Tu,7,0
POI0070,Tu,8,20
POI0070,Tu,9,32
POI0070,Tu,10,47
POI0070,Tu,11,66
POI0070,Tu,12,93
POI0070,Tu,13,100
POI0070,Tu,14,89
POI0070,Tu,15,72
POI0070,Tu,16,62
POI0070,Tu,17,56
POI0070,Tu,18,56
POI0070,Tu,19,51
POI0070,Tu,20,0
POI0070,Tu,21,0
POI0070,Tu,22,0
POI0070,Tu,23,0
POI0070,We,6,0
POI0070,We,7,0
POI0070,We,8,19
POI0070,We,9,32
POI0070,We,10,46
POI0070,We,11,66
POI0070,We,12,86
POI0070,We,13,93
POI0070,We,14,86
POI0070,We,15,73
POI0070,We,16,64
POI0070,We,17,58
POI0070,We,18,57
POI0070,We,19,52
POI0070,We,20,0
POI0070,We,21,0
POI0070,We,22,0
POI0070,We,23,0
POI0070,Th,6,0
POI0070,Th,7,0
POI0070,Th,8,18
POI0070,Th,9,27
POI0070,Th,10,42
POI0070,Th,11,63
POI0070,Th,12,88
POI0070,Th,13,95
POI0070,Th,14,85
POI0070,Th,15,72
POI0070,Th,16,62
POI0070,Th,17,55
POI0070,Th,18,52
POI0070,Th,19,45
POI0070,Th,20,0
POI0070,Th,21,0
POI0070,Th,22,0
POI0070,Th,23,0
POI0070,Fr,6,0
POI0070,Fr,7,0
POI0070,Fr,8,16
POI0070,Fr,9,25
POI0070,Fr,10,35
POI0070,Fr,11,50
POI0070,Fr,12,66
POI0070,Fr,13,76
POI0070,Fr,14,76
POI0070,Fr,15,70
POI0070,Fr,16,63
POI0070,Fr,17,58
POI0070,Fr,18,54
POI0070,Fr,19,52
POI0070,Fr,20,0
POI0070,Fr,21,0
POI0070,Fr,22,0
POI0070,Fr,23,0
POI0070,Sa,6,0
POI0070,Sa,7,0
POI0070,Sa,8,12
POI0070,Sa,9,16
POI0070,Sa,10,27
POI0070,Sa,11,38
POI0070,Sa,12,53
POI0070,Sa,13,66
POI0070,Sa,14,77
POI0070,Sa,15,86
POI0070,Sa,16,86
POI0070,Sa,17,81
POI0070,Sa,18,73
POI0070,Sa,19,61
POI0070,Sa,20,0
POI0070,Sa,21,0
POI0070,Sa,22,0
POI0070,Sa,23,0
POI0070,Su,6,0
POI0070,Su,7,0
POI0070,Su,8,5
POI0070,Su,9,8
POI0070,Su,10,12
POI0070,Su,11,19
POI0070,Su,12,30
POI0070,Su,13,39
POI0070,Su,14,46
POI0070,Su,15,50
POI0070,Su,16,48
POI0070,Su,17,47
POI0070,Su,18,43
POI0070,Su,19,41
POI0070,Su,20,0
POI0070,Su,21,0
POI0070,Su,22,0
POI0070,Su,23,0
POI0072,Mo,6,0
POI0072,Mo,7,42
POI0072,Mo,8,26
POI0072,Mo,9,46
POI0072,Mo,10,69
POI0072,Mo,11,96
POI0072,Mo,12,100
POI0072,Mo,13,92
POI0072,Mo,14,69
POI0072,Mo,15,61
POI0072,Mo,16,53
POI0072,Mo,17,65
POI0072,Mo,18,61
POI0072,Mo,19,57
POI0072,Mo,20,50
POI0072,Mo,21,34
POI0072,Mo,22,34
POI0072,Mo,23,0
POI0072,Tu,6,0
POI0072,Tu,7,34
POI0072,Tu,8,46
POI0072,Tu,9,57
POI0072,Tu,10,73
POI0072,Tu,11,76
POI0072,Tu,12,80
POI0072,Tu,13,69
POI0072,Tu,14,76
POI0072,Tu,15,92
POI0072,Tu,16,88
POI0072,Tu,17,88
POI0072,Tu,18,80
POI0072,Tu,19,73
POI0072,Tu,20,50
POI0072,Tu,21,46
POI0072,Tu,22,42
POI0072,Tu,23,0
POI0072,We,6,0
POI0072,We,7,26
POI0072,We,8,30
POI0072,We,9,53
POI0072,We,10,80
POI0072,We,11,84
POI0072,We,12,92
POI0072,We,13,92
POI0072,We,14,80
POI0072,We,15,57
POI0072,We,16,46
POI0072,We,17,34
POI0072,We,18,38
POI0072,We,19,38
POI0072,We,20,38
POI0072,We,21,23
POI0072,We,22,15
POI0072,We,23,0
POI0072,Th,6,0
POI0072,Th,7,46
POI0072,Th,8,53
POI0072,Th,9,61
POI0072,Th,10,80
POI0072,Th,11,84
POI0072,Th,12,80
POI0072,Th,13,61
POI0072,Th,14,61
POI0072,Th,15,61
POI0072,Th,16,65
POI0072,Th,17,57
POI0072,Th,18,65
POI0072,Th,19,65
POI0072,Th,20,57
POI0072,Th,21,38
POI0072,Th,23,0
POI0072,Fr,6,0
POI0072,Fr,7,46
POI0072,Fr,8,46
POI0072,Fr,9,65
POI0072,Fr,10,80
POI0072,Fr,11,100
POI0072,Fr,12,96
POI0072,Fr,13,100
POI0072,Fr,14,96
POI0072,Fr,15,100
POI0072,Fr,16,88
POI0072,Fr,17,80
POI0072,Fr,18,57
POI0072,Fr,19,38
POI0072,Fr,20,26
POI0072,Fr,21,26
POI0072,Fr,22,26
POI0072,Fr,23,0
POI0072,Sa,6,0
POI0072,Sa,7,34
POI0072,Sa,8,38
POI0072,Sa,9,46
POI0072,Sa,10,57
POI0072,Sa,11,50
POI0072,Sa,12,53
POI0072,Sa,13,50
POI0072,Sa,14,57
POI0072,Sa,15,57
POI0072,Sa,16,57
POI0072,Sa,17,61
POI0072,Sa,18,53
POI0072,Sa,19,57
POI0072,Sa,20,53
POI0072,Sa,21,53
POI0072,Sa,22,46
POI0072,Sa,23,0
POI0072,Su,6,0
POI0072,Su,7,34
POI0072,Su,8,30
POI0072,Su,9,46
POI0072,Su,10,61
POI0072,Su,11,73
POI0072,Su,12,69
POI0072,Su,13,73
POI0072,Su,14,65
POI0072,Su,15,65
POI0072,Su,16,57
POI0072,Su,17,65
POI0072,Su,18,61
POI0072,Su,19,65
POI0072,Su,20,34
POI0072,Su,21,30
POI0072,Su,22,19
POI0072,Su,23,0
POI0073,Mo,6,0
POI0073,Mo,7,0
POI0073,Mo,8,0
POI0073,Mo,9,36
POI0073,Mo,10,57
POI0073,Mo,11,70
POI0073,Mo,12,75
POI0073,Mo,13,78
POI0073,Mo,14,81
POI0073,Mo,15,79
POI0073,Mo,16,68
POI0073,Mo,17,48
POI0073,Mo,18,0
POI0073,Mo,19,0
POI0073,Mo,20,0
POI0073,Mo,21,0
POI0073,Mo,22,0
POI0073,Mo,23,0
POI0073,We,6,0
POI0073,We,7,0
POI0073,We,8,0
POI0073,We,9,35
POI0073,We,10,52
POI0073,We,11,63
POI0073,We,12,69
POI0073,We,13,74
POI0073,We,14,79
POI0073,We,15,80
POI0073,We,16,68
POI0073,We,17,47
POI0073,We,18,0
POI0073,We,19,0
POI0073,We,20,0
POI0073,We,21,0
POI0073,We,22,0
POI0073,We,23,0
POI0073,Th,6,0
POI0073,Th,7,0
POI0073,Th,8,0
POI0073,Th,9,35
POI0073,Th,10,55
POI0073,Th,11,69
POI0073,Th,12,78
POI0073,Th,13,81
POI0073,Th,14,82
POI0073,Th,15,81
POI0073,Th,16,73
POI0073,Th,17,54
POI0073,Th,18,0
POI0073,Th,19,0
POI0073,Th,20,0
POI0073,Th,21,0
POI0073,Th,22,0
POI0073,Th,23,0
POI0073,Fr,6,0
POI0073,Fr,7,0
POI0073,Fr,8,0
POI0073,Fr,9,32
POI0073,Fr,10,50
POI0073,Fr,11,62
POI0073,Fr,12,71
POI0073,Fr,13,75
POI0073,Fr,14,79
POI0073,Fr,15,80
POI0073,Fr,16,78
POI0073,Fr,17,66
POI0073,Fr,18,0
POI0073,Fr,19,0
POI0073,Fr,20,0
POI0073,Fr,21,0
POI0073,Fr,22,0
POI0073,Fr,23,0
POI0073,Sa,6,0
POI0073,Sa,7,0
POI0073,Sa,8,0
POI0073,Sa,9,34
POI0073,Sa,10,53
POI0073,Sa,11,68
POI0073,Sa,12,77
POI0073,Sa,13,85
POI0073,Sa,14,93
POI0073,Sa,15,100
POI0073,Sa,16,93
POI0073,Sa,17,70
POI0073,Sa,18,0
POI0073,Sa,19,0
POI0073,Sa,20,0
POI0073,Sa,21,0
POI0073,Sa,22,0
POI0073,Sa,23,0
POI0073,Su,6,0
POI0073,Su,7,0
POI0073,Su,8,0
POI0073,Su,9,33
POI0073,Su,10,51
POI0073,Su,11,64
POI0073,Su,12,73
POI0073,Su,13,79
POI0073,Su,14,86
POI0073,Su,15,87
POI0073,Su,16,79
POI0073,Su,17,58
POI0073,Su,18,0
POI0073,Su,19,0
POI0073,Su,20,0
POI0073,Su,21,0
POI0073,Su,22,0
POI0073,Su,23,0
POI0078,Mo,6,0
POI0078,Mo,7,0
POI0078,Mo,8,0
POI0078,Mo,9,0
POI0078,Mo,10,30
POI0078,Mo,11,44
POI0078,Mo,12,52
POI0078,Mo,13,56
POI0078,Mo,14,56
POI0078,Mo,15,53
POI0078,Mo,16,47
POI0078,Mo,17,34
POI0078,Mo,18,0
POI0078,Mo,19,0
POI0078,Mo,20,0
POI0078,Mo,21,0
POI0078,Mo,22,0
POI0078,Mo,23,0
POI0078,We,6,0
POI0078,We,7,0
POI0078,We,8,0
POI0078,We,9,0
POI0078,We,10,33
POI0078,We,11,43
POI0078,We,12,51
POI0078,We,13,55
POI0078,We,14,59
POI0078,We,15,58
POI0078,We,16,51
POI0078,We,17,37
POI0078,We,18,0
POI0078,We,19,0
POI0078,We,20,0
POI0078,We,21,0
POI0078,We,22,0
POI0078,We,23,0
POI0078,Th,6,0
POI0078,Th,7,0
POI0078,Th,8,0
POI0078,Th,9,0
POI0078,Th,10,43
POI0078,Th,11,55
POI0078,Th,12,61
POI0078,Th,13,63
POI0078,Th,14,63
POI0078,Th,15,65
POI0078,Th,16,60
POI0078,Th,17,45
POI0078,Th,18,0
POI0078,Th,19,0
POI0078,Th,20,0
POI0078,Th,21,0
POI0078,Th,22,0
POI0078,Th,23,0
POI0078,Fr,6,0
POI0078,Fr,7,0
POI0078,Fr,8,0
POI0078,Fr,9,0
POI0078,Fr,10,37
POI0078,Fr,11,53
POI0078,Fr,12,69
POI0078,Fr,13,81
POI0078,Fr,14,88
POI0078,Fr,15,91
POI0078,Fr,16,81
POI0078,Fr,17,59
POI0078,Fr,18,0
POI0078,Fr,19,0
POI0078,Fr,20,0
POI0078,Fr,21,0
POI0078,Fr,22,0
POI0078,Fr,23,0
POI0078,Sa,6,0
POI0078,Sa,7,0
POI0078,Sa,8,0
POI0078,Sa,9,0
POI0078,Sa,10,37
POI0078,Sa,11,53
POI0078,Sa,12,65
POI0078,Sa,13,74
POI0078,Sa,14,90
POI0078,Sa,15,100
POI0078,Sa,16,94
POI0078,Sa,17,71
POI0078,Sa,18,0
POI0078,Sa,19,0
POI0078,Sa,20,0
POI0078,Sa,21,0
POI0078,Sa,22,0
POI0078,Sa,23,0
POI0080,Mo,6,0
POI0080,Mo,7,0
POI0080,Mo,8,31
POI0080,Mo,9,34
POI0080,Mo,10,35
POI0080,Mo,11,39
POI0080,Mo,12,47
POI0080,Mo,13,53
POI0080,Mo,14,59
POI0080,Mo,15,57
POI0080,Mo,16,53
POI0080,Mo,17,59
POI0080,Mo,18,65
POI0080,Mo,19,72
POI0080,Mo,20,71
POI0080,Mo,21,65
POI0080,Mo,22,49
POI0080,Mo,23,0
POI0080,Tu,6,0
POI0080,Tu,7,0
POI0080,Tu,8,33
POI0080,Tu,9,43
POI0080,Tu,10,43
POI0080,Tu,11,48
POI0080,Tu,12,47
POI0080,Tu,13,49
POI0080,Tu,14,41
POI0080,Tu,15,38
POI0080,Tu,16,40
POI0080,Tu,17,56
POI0080,Tu,18,68
POI0080,Tu,19,79
POI0080,Tu,20,83
POI0080,Tu,21,74
POI0080,Tu,22,61
POI0080,Tu,23,0
POI0080,We,6,0
POI0080,We,7,0
POI0080,We,8,38
POI0080,We,9,42
POI0080,We,10,42
POI0080,We,11,40
POI0080,We,12,46
POI0080,We,13,52
POI0080,We,14,61
POI0080,We,15,55
POI0080,We,16,58
POI0080,We,17,65
POI0080,We,18,73
POI0080,We,19,80
POI0080,We,20,78
POI0080,We,21,78
POI0080,We,22,59
POI0080,We,23,0
POI0080,Th,6,0
POI0080,Th,7,0
POI0080,Th,8,31
POI0080,Th,9,39
POI0080,Th,10,43
POI0080,Th,11,41
POI0080,Th,12,43
POI0080,Th,13,54
POI0080,Th,14,64
POI0080,Th,15,65
POI0080,Th,16,66
POI0080,Th,17,74
POI0080,Th,18,80
POI0080,Th,19,87
POI0080,Th,21,79
POI0080,Th,22,63
POI0080,Th,23,0
POI0080,Fr,6,0
POI0080,Fr,7,0
POI0080,Fr,8,25
POI0080,Fr,9,34
POI0080,Fr,10,36
POI0080,Fr,11,45
POI0080,Fr,12,48
POI0080,Fr,13,53
POI0080,Fr,14,59
POI0080,Fr,15,61
POI0080,Fr,16,68
POI0080,Fr,17,71
POI0080,Fr,18,82
POI0080,Fr,19,78
POI0080,Fr,20,76
POI0080,Fr,21,72
POI0080,Fr,22,61
POI0080,Fr,23,0
POI0080,Sa,6,0
POI0080,Sa,7,0
POI0080,Sa,8,16
POI0080,Sa,9,21
POI0080,Sa,10,24
POI0080,Sa,11,31
POI0080,Sa,12,47
POI0080,Sa,13,57
POI0080,Sa,14,67
POI0080,Sa,15,71
POI0080,Sa,16,74
POI0080,Sa,17,80
POI0080,Sa,18,89
POI0080,Sa,19,95
POI0080,Sa,20,96
POI0080,Sa,21,95
POI0080,Sa,22,77
POI0080,Sa,23,0
POI0080,Su,6,0
POI0080,Su,7,0
POI0080,Su,8,21
POI0080,Su,9,36
POI0080,Su,10,46
POI0080,Su,11,56
POI0080,Su,12,66
POI0080,Su,13,80
POI0080,Su,14,91
POI0080,Su,15,100
POI0080,Su,16,100
POI0080,Su,17,95
POI0080,Su,18,87
POI0080,Su,19,86
POI0080,Su,20,90
POI0080,Su,21,83
POI0080,Su,22,59
POI0080,Su,23,0
POI0081,Mo,6,0
POI0081,Mo,7,7
POI0081,Mo,8,13
POI0081,Mo,9,22
POI0081,Mo,10,35
POI0081,Mo,11,49
POI0081,Mo,12,63
POI0081,Mo,13,70
POI0081,Mo,14,73
POI0081,Mo,15,73
POI0081,Mo,16,66
POI0081,Mo,17,53
POI0081,Mo,18,36
POI0081,Mo,19,23
POI0081,Mo,20,0
POI0081,Mo,21,0
POI0081,Mo,22,0
POI0081,Mo,23,0
POI0081,Tu,6,0
POI0081,Tu,7,7
POI0081,Tu,8,13
POI0081,Tu,9,20
POI0081,Tu,10,29
POI0081,Tu,11,41
POI0081,Tu,12,54
POI0081,Tu,13,60
POI0081,Tu,14,58
POI0081,Tu,15,54
POI0081,Tu,16,50
POI0081,Tu,17,42
POI0081,Tu,18,31
POI0081,Tu,19,20
POI0081,Tu,20,0
POI0081,Tu,21,0
POI0081,Tu,22,0
POI0081,Tu,23,0
POI0081,We,6,0
POI0081,We,7,9
POI0081,We,8,14
POI0081,We,9,22
POI0081,We,10,35
POI0081,We,11,51
POI0081,We,12,64
POI0081,We,13,70
POI0081,We,14,69
POI0081,We,15,66
POI0081,We,16,59
POI0081,We,17,48
POI0081,We,18,36
POI0081,We,19,25
POI0081,We,20,0
POI0081,We,21,0
POI0081,We,22,0
POI0081,We,23,0
POI0081,Th,6,0
POI0081,Th,7,6
POI0081,Th,8,12
POI0081,Th,9,21
POI0081,Th,10,34
POI0081,Th,11,49
POI0081,Th,12,64
POI0081,Th,13,71
POI0081,Th,14,71
POI0081,Th,15,68
POI0081,Th,16,63
POI0081,Th,17,54
POI0081,Th,18,40
POI0081,Th,19,27
POI0081,Th,20,0
POI0081,Th,21,0
POI0081,Th,22,0
POI0081,Th,23,0
POI0081,Fr,6,0
POI0081,Fr,7,7
POI0081,Fr,8,13
POI0081,Fr,9,22
POI0081,Fr,10,34
POI0081,Fr,11,48
POI0081,Fr,12,63
POI0081,Fr,13,70
POI0081,Fr,14,74
POI0081,Fr,15,74
POI0081,Fr,16,70
POI0081,Fr,17,58
POI0081,Fr,18,42
POI0081,Fr,19,27
POI0081,Fr,20,0
POI0081,Fr,21,0
POI0081,Fr,22,0
POI0081,Fr,23,0
POI0081,Sa,6,0
POI0081,Sa,7,3
POI0081,Sa,8,7
POI0081,Sa,9,15
POI0081,Sa,10,27
POI0081,Sa,11,39
POI0081,Sa,12,51
POI0081,Sa,13,64
POI0081,Sa,14,80
POI0081,Sa,15,96
POI0081,Sa,16,100
POI0081,Sa,17,85
POI0081,Sa,18,58
POI0081,Sa,19,36
POI0081,Sa,20,0
POI0081,Sa,21,0
POI0081,Sa,22,0
POI0081,Sa,23,0
POI0081,Su,6,0
POI0081,Su,7,4
POI0081,Su,8,8
POI0081,Su,9,15
POI0081,Su,10,26
POI0081,Su,11,39
POI0081,Su,12,52
POI0081,Su,13,66
POI0081,Su,14,82
POI0081,Su,15,95
POI0081,Su,16,96
POI0081,Su,17,82
POI0081,Su,18,55
POI0081,Su,19,32
POI0081,Su,20,0
POI0081,Su,21,0
POI0081,Su,22,0
POI0081,Su,23,0
POI0082,Mo,6,0
POI0082,Mo,7,0
POI0082,Mo,8,0
POI0082,Mo,9,0
POI0082,Mo,10,0
POI0082,Mo,11,30
POI0082,Mo,12,45
POI0082,Mo,13,55
POI0082,Mo,14,61
POI0082,Mo,15,65
POI0082,Mo,16,63
POI0082,Mo,17,56
POI0082,Mo,18,42
POI0082,Mo,19,0
POI0082,Mo,20,0
POI0082,Mo,21,0
POI0082,Mo,22,0
POI0082,Mo,23,0
POI0082,We,6,0
POI0082,We,7,0
POI0082,We,8,0
POI0082,We,9,0
POI0082,We,10,0
POI0082,We,11,28
POI0082,We,12,38
POI0082,We,13,46
POI0082,We,14,52
POI0082,We,15,54
POI0082,We,16,52
POI0082,We,17,44
POI0082,We,18,33
POI0082,We,19,0
POI0082,We,20,0
POI0082,We,21,0
POI0082,We,22,0
POI0082,We,23,0
POI0082,Th,6,0
POI0082,Th,7,0
POI0082,Th,8,0
POI0082,Th,9,0
POI0082,Th,10,0
POI0082,Th,11,26
POI0082,Th,12,38
POI0082,Th,13,46
POI0082,Th,14,51
POI0082,Th,15,53
POI0082,Th,16,52
POI0082,Th,17,45
POI0082,Th,18,32
POI0082,Th,19,0
POI0082,Th,20,0
POI0082,Th,21,0
POI0082,Th,22,0
POI0082,Th,23,0
POI0082,Fr,6,0
POI0082,Fr,7,0
POI0082,Fr,8,0
POI0082,Fr,9,0
POI0082,Fr,10,0
POI0082,Fr,11,25
POI0082,Fr,12,35
POI0082,Fr,13,44
POI0082,Fr,14,51
POI0082,Fr,15,57
POI0082,Fr,16,59
POI0082,Fr,17,56
POI0082,Fr,18,51
POI0082,Fr,19,0
POI0082,Fr,20,0
POI0082,Fr,21,0
POI0082,Fr,22,0
POI0082,Fr,23,0
POI0082,Sa,6,0
POI0082,Sa,7,0
POI0082,Sa,8,0
POI0082,Sa,9,0
POI0082,Sa,10,0
POI0082,Sa,11,34
POI0082,Sa,12,50
POI0082,Sa,13,63
POI0082,Sa,14,77
POI0082,Sa,15,91
POI0082,Sa,16,100
POI0082,Sa,17,93
POI0082,Sa,18,72
POI0082,Sa,19,0
POI0082,Sa,20,0
POI0082,Sa,21,0
POI0082,Sa,22,0
POI0082,Sa,23,0
POI0082,Su,6,0
POI0082,Su,7,0
POI0082,Su,8,0
POI0082,Su,9,0
POI0082,Su,10,0
POI0082,Su,11,32
POI0082,Su,12,45
POI0082,Su,13,56
POI0082,Su,14,67
POI0082,Su,15,73
POI0082,Su,16,77
POI0082,Su,17,68
POI0082,Su,18,49
POI0082,Su,19,0
POI0082,Su,20,0
POI0082,Su,21,0
POI0082,Su,22,0
POI0082,Su,23,0
POI0087,Mo,6,0
POI0087,Mo,7,0
POI0087,Mo,8,0
POI0087,Mo,9,0
POI0087,Mo,10,0
POI0087,Mo,11,0
POI0087,Mo,12,0
POI0087,Mo,13,0
POI0087,Mo,14,44
POI0087,Mo,15,57
POI0087,Mo,16,58
POI0087,Mo,17,55
POI0087,Mo,18,52
POI0087,Mo,19,47
POI0087,Mo,20,0
POI0087,Mo,21,0
POI0087,Mo,22,0
POI0087,Mo,23,0
POI0087,Tu,6,0
POI0087,Tu,7,0
POI0087,Tu,8,32
POI0087,Tu,9,35
POI0087,Tu,10,38
POI0087,Tu,11,52
POI0087,Tu,12,77
POI0087,Tu,13,75
POI0087,Tu,14,59
POI0087,Tu,15,44
POI0087,Tu,16,43
POI0087,Tu,17,55
POI0087,Tu,18,63
POI0087,Tu,19,60
POI0087,Tu,20,0
POI0087,Tu,21,0
POI0087,Tu,22,0
POI0087,Tu,23,0
POI0087,We,6,0
POI0087,We,7,0
POI0087,We,8,42
POI0087,We,9,44
POI0087,We,10,45
POI0087,We,11,47
POI0087,We,12,55
POI0087,We,13,59
POI0087,We,14,68
POI0087,We,15,64
POI0087,We,16,70
POI0087,We,17,65
POI0087,We,18,75
POI0087,We,19,58
POI0087,We,20,0
POI0087,We,21,0
POI0087,We,22,0
POI0087,We,23,0
POI0087,Th,6,0
POI0087,Th,7,0
POI0087,Th,8,36
POI0087,Th,9,43
POI0087,Th,10,49
POI0087,Th,11,54
POI0087,Th,12,53
POI0087,Th,13,48
POI0087,Th,14,44
POI0087,Th,15,43
POI0087,Th,16,45
POI0087,Th,17,49
POI0087,Th,18,57
POI0087,Th,19,52
POI0087,Th,20,0
POI0087,Th,21,0
POI0087,Th,22,0
POI0087,Th,23,0
POI0087,Fr,6,0
POI0087,Fr,7,0
POI0087,Fr,8,27
POI0087,Fr,9,29
POI0087,Fr,10,40
POI0087,Fr,11,45
POI0087,Fr,12,50
POI0087,Fr,13,56
POI0087,Fr,14,54
POI0087,Fr,15,48
POI0087,Fr,16,52
POI0087,Fr,17,66
POI0087,Fr,18,96
POI0087,Fr,19,88
POI0087,Fr,20,0
POI0087,Fr,21,0
POI0087,Fr,22,0
POI0087,Fr,23,0
POI0087,Sa,6,0
POI0087,Sa,7,0
POI0087,Sa,8,28
POI0087,Sa,9,36
POI0087,Sa,10,41
POI0087,Sa,11,41
POI0087,Sa,12,38
POI0087,Sa,13,42
POI0087,Sa,14,44
POI0087,Sa,15,51
POI0087,Sa,16,54
POI0087,Sa,17,58
POI0087,Sa,18,59
POI0087,Sa,19,50
POI0087,Sa,20,0
POI0087,Sa,21,0
POI0087,Sa,22,0
POI0087,Sa,23,0
POI0087,Su,6,0
POI0087,Su,7,0
POI0087,Su,8,20
POI0087,Su,9,24
POI0087,Su,10,45
POI0087,Su,11,58
POI0087,Su,12,67
POI0087,Su,13,52
POI0087,Su,14,45
POI0087,Su,15,43
POI0087,Su,16,53
POI0087,Su,17,68
POI0087,Su,18,97
POI0087,Su,19,100
POI0087,Su,20,0
POI0087,Su,21,0
POI0087,Su,22,0
POI0087,Su,23,0
POI0090,Mo,6,0
POI0090,Mo,7,0
POI0090,Mo,8,0
POI0090,Mo,9,0
POI0090,Mo,10,0
POI0090,Mo,11,65
POI0090,Mo,12,86
POI0090,Mo,13,92
POI0090,Mo,14,69
POI0090,Mo,15,0
POI0090,Mo,16,0
POI0090,Mo,17,0
POI0090,Mo,18,0
POI0090,Mo,19,44
POI0090,Mo,20,51
POI0090,Mo,21,48
POI0090,Mo,22,38
POI0090,Mo,23,0
POI0090,Tu,6,0
POI0090,Tu,7,0
POI0090,Tu,8,0
POI0090,Tu,9,0
POI0090,Tu,10,0
POI0090,Tu,11,61
POI0090,Tu,12,77
POI0090,Tu,13,80
POI0090,Tu,14,61
POI0090,Tu,15,0
POI0090,Tu,16,0
POI0090,Tu,17,0
POI0090,Tu,18,0
POI0090,Tu,19,45
POI0090,Tu,20,53
POI0090,Tu,21,48
POI0090,Tu,22,33
POI0090,Tu,23,0
POI0090,We,6,0
POI0090,We,7,0
POI0090,We,8,0
POI0090,We,9,0
POI0090,We,10,0
POI0090,We,11,63
POI0090,We,12,83
POI0090,We,13,86
POI0090,We,14,62
POI0090,We,15,0
POI0090,We,16,0
POI0090,We,17,0
POI0090,We,18,0
POI0090,We,19,40
POI0090,We,20,45
POI0090,We,21,39
POI0090,We,22,26
POI0090,We,23,0
POI0090,Th,6,0
POI0090,Th,7,0
POI0090,Th,8,0
POI0090,Th,9,0
POI0090,Th,10,0
POI0090,Th,11,61
POI0090,Th,12,82
POI0090,Th,13,85
POI0090,Th,14,63
POI0090,Th,15,0
POI0090,Th,16,0
POI0090,Th,17,0
POI0090,Th,18,0
POI0090,Th,19,46
POI0090,Th,21,47
POI0090,Th,22,32
POI0090,Th,23,0
POI0090,Fr,6,0
POI0090,Fr,7,0
POI0090,Fr,8,0
POI0090,Fr,9,0
POI0090,Fr,10,0
POI0090,Fr,11,57
POI0090,Fr,12,74
POI0090,Fr,13,79
POI0090,Fr,14,59
POI0090,Fr,15,0
POI0090,Fr,16,0
POI0090,Fr,17,0
POI0090,Fr,18,0
POI0090,Fr,19,45
POI0090,Fr,20,50
POI0090,Fr,21,48
POI0090,Fr,22,34
POI0090,Fr,23,0
POI0090,Sa,6,0
POI0090,Sa,7,0
POI0090,Sa,8,0
POI0090,Sa,9,0
POI0090,Sa,10,0
POI0090,Sa,11,68
POI0090,Sa,12,85
POI0090,Sa,13,81
POI0090,Sa,14,60
POI0090,Sa,15,0
POI0090,Sa,16,0
POI0090,Sa,17,0
POI0090,Sa,18,0
POI0090,Sa,19,53
POI0090,Sa,20,57
POI0090,Sa,21,51
POI0090,Sa,22,35
POI0090,Sa,23,0
POI0090,Su,6,0
POI0090,Su,7,0
POI0090,Su,8,0
POI0090,Su,9,0
POI0090,Su,10,0
POI0090,Su,11,71
POI0090,Su,12,91
POI0090,Su,13,100
POI0090,Su,14,75
POI0090,Su,15,0
POI0090,Su,16,0
POI0090,Su,17,0
POI0090,Su,18,0
POI0090,Su,19,60
POI0090,Su,20,56
POI0090,Su,21,44
POI0090,Su,22,26
POI0090,Su,23,0
POI0092,Tu,6,0
POI0092,Tu,7,0
POI0092,Tu,8,0
POI0092,Tu,9,0
POI0092,Tu,10,46
POI0092,Tu,11,66
POI0092,Tu,12,79
POI0092,Tu,13,87
POI0092,Tu,14,91
POI0092,Tu,15,91
POI0092,Tu,16,79
POI0092,Tu,17,59
POI0092,Tu,18,0
POI0092,Tu,19,0
POI0092,Tu,20,0
POI0092,Tu,21,0
POI0092,Tu,22,0
POI0092,Tu,23,0
POI0092,We,6,0
POI0092,We,7,0
POI0092,We,8,0
POI0092,We,9,0
POI0092,We,10,47
POI0092,We,11,64
POI0092,We,12,71
POI0092,We,13,75
POI0092,We,14,77
POI0092,We,15,77
POI0092,We,16,64
POI0092,We,17,44
POI0092,We,18,0
POI0092,We,19,0
POI0092,We,20,0
POI0092,We,21,0
POI0092,We,22,0
POI0092,We,23,0
POI0092,Th,6,0
POI0092,Th,7,0
POI0092,Th,8,0
POI0092,Th,9,0
POI0092,Th,10,38
POI0092,Th,11,53
POI0092,Th,12,61
POI0092,Th,13,67
POI0092,Th,14,73
POI0092,Th,15,77
POI0092,Th,16,76
POI0092,Th,17,69
POI0092,Th,18,60
POI0092,Th,19,52
POI0092,Th,20,42
POI0092,Th,21,32
POI0092,Th,22,0
POI0092,Th,23,0
POI0092,Fr,6,0
POI0092,Fr,7,0
POI0092,Fr,8,0
POI0092,Fr,9,0
POI0092,Fr,10,38
POI0092,Fr,11,55
POI0092,Fr,12,63
POI0092,Fr,13,68
POI0092,Fr,14,74
POI0092,Fr,15,77
POI0092,Fr,16,72
POI0092,Fr,17,53
POI0092,Fr,18,0
POI0092,Fr,19,0
POI0092,Fr,20,0
POI0092,Fr,21,0
POI0092,Fr,22,0
POI0092,Fr,23,0
POI0092,Sa,6,0
POI0092,Sa,7,0
POI0092,Sa,8,0
POI0092,Sa,9,0
POI0092,Sa,10,48
POI0092,Sa,11,68
POI0092,Sa,12,78
POI0092,Sa,13,83
POI0092,Sa,14,91
POI0092,Sa,15,95
POI0092,Sa,16,88
POI0092,Sa,17,63
POI0092,Sa,18,0
POI0092,Sa,19,0
POI0092,Sa,20,0
POI0092,Sa,21,0
POI0092,Sa,22,0
POI0092,Sa,23,0
POI0092,Su,6,0
POI0092,Su,7,0
POI0092,Su,8,0
POI0092,Su,9,0
POI0092,Su,10,44
POI0092,Su,11,67
POI0092,Su,12,82
POI0092,Su,13,90
POI0092,Su,14,96
POI0092,Su,15,100
POI0092,Su,16,91
POI0092,Su,17,67
POI0092,Su,18,0
POI0092,Su,19,0
POI0092,Su,20,0
POI0092,Su,21,0
POI0092,Su,22,0
POI0092,Su,23,0
POI0093,Mo,6,0
POI0093,Mo,7,0
POI0093,Mo,8,0
POI0093,Mo,9,30
POI0093,Mo,10,47
POI0093,Mo,11,63
POI0093,Mo,12,77
POI0093,Mo,13,85
POI0093,Mo,14,87
POI0093,Mo,15,84
POI0093,Mo,16,74
POI0093,Mo,17,58
POI0093,Mo,18,0
POI0093,Mo,19,0
POI0093,Mo,20,0
POI0093,Mo,21,0
POI0093,Mo,22,0
POI0093,Mo,23,0
POI0093,We,6,0
POI0093,We,7,0
POI0093,We,8,0
POI0093,We,9,33
POI0093,We,10,51
POI0093,We,11,68
POI0093,We,12,82
POI0093,We,13,90
POI0093,We,14,91
POI0093,We,15,89
POI0093,We,16,85
POI0093,We,17,80
POI0093,We,18,72
POI0093,We,19,59
POI0093,We,20,43
POI0093,We,21,0
POI0093,We,22,0
POI0093,We,23,0
POI0093,Th,6,0
POI0093,Th,7,0
POI0093,Th,8,0
POI0093,Th,9,34
POI0093,Th,10,52
POI0093,Th,11,69
POI0093,Th,12,79
POI0093,Th,13,83
POI0093,Th,14,84
POI0093,Th,15,81
POI0093,Th,16,73
POI0093,Th,17,60
POI0093,Th,18,0
POI0093,Th,19,0
POI0093,Th,20,0
POI0093,Th,21,0
POI0093,Th,22,0
POI0093,Th,23,0
POI0093,Fr,6,0
POI0093,Fr,7,0
POI0093,Fr,8,0
POI0093,Fr,9,29
POI0093,Fr,10,46
POI0093,Fr,11,62
POI0093,Fr,12,74
POI0093,Fr,13,81
POI0093,Fr,14,84
POI0093,Fr,15,86
POI0093,Fr,16,85
POI0093,Fr,17,83
POI0093,Fr,18,77
POI0093,Fr,19,66
POI0093,Fr,20,50
POI0093,Fr,21,0
POI0093,Fr,22,0
POI0093,Fr,23,0
POI0093,Sa,6,0
POI0093,Sa,7,0
POI0093,Sa,8,0
POI0093,Sa,9,31
POI0093,Sa,10,50
POI0093,Sa,11,70
POI0093,Sa,12,84
POI0093,Sa,13,92
POI0093,Sa,14,98
POI0093,Sa,15,100
POI0093,Sa,16,94
POI0093,Sa,17,78
POI0093,Sa,18,0
POI0093,Sa,19,0
POI0093,Sa,20,0
POI0093,Sa,21,0
POI0093,Sa,22,0
POI0093,Sa,23,0
POI0093,Su,6,0
POI0093,Su,7,0
POI0093,Su,8,0
POI0093,Su,9,30
POI0093,Su,10,47
POI0093,Su,11,63
POI0093,Su,12,73
POI0093,Su,13,80
POI0093,Su,14,83
POI0093,Su,15,84
POI0093,Su,16,78
POI0093,Su,17,64
POI0093,Su,18,0
POI0093,Su,19,0
POI0093,Su,20,0
POI0093,Su,21,0
POI0093,Su,22,0
POI0093,Su,23,0
POI0095,Mo,0,24
POI0095,Mo,6,0
POI0095,Mo,7,0
POI0095,Mo,8,0
POI0095,Mo,9,0
POI0095,Mo,10,0
POI0095,Mo,11,0
POI0095,Mo,12,0
POI0095,Mo,13,0
POI0095,Mo,14,0
POI0095,Mo,15,0
POI0095,Mo,16,0
POI0095,Mo,17,0
POI0095,Mo,18,36
POI0095,Mo,19,39
POI0095,Mo,20,45
POI0095,Mo,21,45
POI0095,Mo,22,41
POI0095,Mo,23,36
POI0095,Tu,0,58
POI0095,Tu,6,0
POI0095,Tu,7,0
POI0095,Tu,8,0
POI0095,Tu,9,0
POI0095,Tu,10,0
POI0095,Tu,11,0
POI0095,Tu,12,0
POI0095,Tu,13,0
POI0095,Tu,14,0
POI0095,Tu,15,0
POI0095,Tu,16,0
POI0095,Tu,17,0
POI0095,Tu,18,50
POI0095,Tu,19,63
POI0095,Tu,20,71
POI0095,Tu,21,82
POI0095,Tu,22,86
POI0095,Tu,23,82
POI0095,We,0,43
POI0095,We,6,0
POI0095,We,7,0
POI0095,We,8,0
POI0095,We,9,0
POI0095,We,10,0
POI0095,We,11,0
POI0095,We,12,0
POI0095,We,13,0
POI0095,We,14,0
POI0095,We,15,0
POI0095,We,16,0
POI0095,We,17,0
POI0095,We,18,34
POI0095,We,19,43
POI0095,We,20,51
POI0095,We,21,62
POI0095,We,22,65
POI0095,We,23,61
POI0095,Th,0,40
POI0095,Th,6,0
POI0095,Th,7,0
POI0095,Th,8,0
POI0095,Th,9,0
POI0095,Th,10,0
POI0095,Th,11,0
POI0095,Th,12,0
POI0095,Th,13,0
POI0095,Th,14,0
POI0095,Th,15,0
POI0095,Th,16,0
POI0095,Th,17,0
POI0095,Th,18,46
POI0095,Th,19,53
POI0095,Th,21,55
POI0095,Th,22,55
POI0095,Th,23,55
POI0095,Fr,0,47
POI0095,Fr,6,0
POI0095,Fr,7,0
POI0095,Fr,8,0
POI0095,Fr,9,0
POI0095,Fr,10,0
POI0095,Fr,11,0
POI0095,Fr,12,0
POI0095,Fr,13,0
POI0095,Fr,14,0
POI0095,Fr,15,0
POI0095,Fr,16,0
POI0095,Fr,17,0
POI0095,Fr,18,39
POI0095,Fr,19,51
POI0095,Fr,20,61
POI0095,Fr,21,71
POI0095,Fr,22,72
POI0095,Fr,23,66
POI0095,Sa,0,64
POI0095,Sa,6,0
POI0095,Sa,7,0
POI0095,Sa,8,0
POI0095,Sa,9,0
POI0095,Sa,10,0
POI0095,Sa,11,0
POI0095,Sa,12,0
POI0095,Sa,13,0
POI0095,Sa,14,0
POI0095,Sa,15,0
POI0095,Sa,16,0
POI0095,Sa,17,0
POI0095,Sa,18,43
POI0095,Sa,19,53
POI0095,Sa,20,66
POI0095,Sa,21,80
POI0095,Sa,22,93
POI0095,Sa,23,88
POI0095,Su,0,44
POI0095,Su,6,0
POI0095,Su,7,0
POI0095,Su,8,0
POI0095,Su,9,0
POI0095,Su,10,0
POI0095,Su,11,0
POI0095,Su,12,0
POI0095,Su,13,0
POI0095,Su,14,0
POI0095,Su,15,0
POI0095,Su,16,0
POI0095,Su,17,0
POI0095,Su,18,48
POI0095,Su,19,64
POI0095,Su,20,84
POI0095,Su,21,98
POI0095,Su,22,100
POI0095,Su,23,76
POI0096,Mo,6,0
POI0096,Mo,7,0
POI0096,Mo,8,0
POI0096,Mo,9,0
POI0096,Mo,10,12
POI0096,Mo,11,14
POI0096,Mo,12,15
POI0096,Mo,13,17
POI0096,Mo,14,19
POI0096,Mo,15,19
POI0096,Mo,16,19
POI0096,Mo,17,19
POI0096,Mo,18,20
POI0096,Mo,19,0
POI0096,Mo,20,0
POI0096,Mo,21,0
POI0096,Mo,22,0
POI0096,Mo,23,0
POI0096,Tu,6,0
POI0096,Tu,7,0
POI0096,Tu,8,0
POI0096,Tu,9,0
POI0096,Tu,10,0
POI0096,Tu,11,67
POI0096,Tu,12,90
POI0096,Tu,13,100
POI0096,Tu,14,99
POI0096,Tu,15,90
POI0096,Tu,16,77
POI0096,Tu,17,58
POI0096,Tu,18,0
POI0096,Tu,19,0
POI0096,Tu,20,0
POI0096,Tu,21,0
POI0096,Tu,22,0
POI0096,Tu,23,0
POI0096,We,6,0
POI0096,We,7,0
POI0096,We,8,0
POI0096,We,9,0
POI0096,We,10,21
POI0096,We,11,33
POI0096,We,12,46
POI0096,We,13,55
POI0096,We,14,61
POI0096,We,15,60
POI0096,We,16,53
POI0096,We,17,40
POI0096,We,18,25
POI0096,We,19,0
POI0096,We,20,0
POI0096,We,21,0
POI0096,We,22,0
POI0096,We,23,0
POI0096,Th,6,0
POI0096,Th,7,0
POI0096,Th,8,0
POI0096,Th,9,0
POI0096,Th,10,26
POI0096,Th,11,40
POI0096,Th,12,51
POI0096,Th,13,57
POI0096,Th,14,63
POI0096,Th,15,67
POI0096,Th,16,69
POI0096,Th,17,72
POI0096,Th,18,73
POI0096,Th,19,0
POI0096,Th,20,0
POI0096,Th,21,0
POI0096,Th,22,0
POI0096,Th,23,0
POI0096,Fr,6,0
POI0096,Fr,7,0
POI0096,Fr,8,0
POI0096,Fr,9,0
POI0096,Fr,10,19
POI0096,Fr,11,30
POI0096,Fr,12,37
POI0096,Fr,13,44
POI0096,Fr,14,49
POI0096,Fr,15,51
POI0096,Fr,16,48
POI0096,Fr,17,39
POI0096,Fr,18,26
POI0096,Fr,19,16
POI0096,Fr,20,0
POI0096,Fr,21,0
POI0096,Fr,22,0
POI0096,Fr,23,0
POI0096,Sa,6,0
POI0096,Sa,7,0
POI0096,Sa,8,0
POI0096,Sa,9,0
POI0096,Sa,10,15
POI0096,Sa,11,28
POI0096,Sa,12,41
POI0096,Sa,13,50
POI0096,Sa,14,56
POI0096,Sa,15,61
POI0096,Sa,16,67
POI0096,Sa,17,69
POI0096,Sa,18,67
POI0096,Sa,19,0
POI0096,Sa,20,0
POI0096,Sa,21,0
POI0096,Sa,22,0
POI0096,Sa,23,0
POI0096,Su,6,0
POI0096,Su,7,0
POI0096,Su,8,0
POI0096,Su,9,0
POI0096,Su,10,13
POI0096,Su,11,24
POI0096,Su,12,35
POI0096,Su,13,44
POI0096,Su,14,52
POI0096,Su,15,58
POI0096,Su,16,60
POI0096,Su,17,57
POI0096,Su,18,48
POI0096,Su,19,0
POI0096,Su,20,0
POI0096,Su,21,0
POI0096,Su,22,0
POI0096,Su,23,0
POI0098,Mo,6,0
POI0098,Mo,7,0
POI0098,Mo,8,22
POI0098,Mo,9,25
POI0098,Mo,10,28
POI0098,Mo,11,30
POI0098,Mo,12,35
POI0098,Mo,13,38
POI0098,Mo,14,41
POI0098,Mo,15,48
POI0098,Mo,16,57
POI0098,Mo,17,68
POI0098,Mo,18,73
POI0098,Mo,19,74
POI0098,Mo,20,69
POI0098,Mo,21,66
POI0098,Mo,22,58
POI0098,Mo,23,44
POI0098,Tu,6,0
POI0098,Tu,7,0
POI0098,Tu,8,20
POI0098,Tu,9,28
POI0098,Tu,10,37
POI0098,Tu,11,45
POI0098,Tu,12,50
POI0098,Tu,13,48
POI0098,Tu,14,52
POI0098,Tu,15,49
POI0098,Tu,16,56
POI0098,Tu,17,58
POI0098,Tu,18,68
POI0098,Tu,19,79
POI0098,Tu,20,86
POI0098,Tu,21,85
POI0098,Tu,22,74
POI0098,Tu,23,53
POI0098,We,6,0
POI0098,We,7,0
POI0098,We,8,23
POI0098,We,9,26
POI0098,We,10,31
POI0098,We,11,33
POI0098,We,12,38
POI0098,We,13,45
POI0098,We,14,55
POI0098,We,15,64
POI0098,We,16,69
POI0098,We,17,77
POI0098,We,18,83
POI0098,We,19,87
POI0098,We,20,94
POI0098,We,21,91
POI0098,We,22,79
POI0098,We,23,54
POI0098,Th,6,0
POI0098,Th,7,0
POI0098,Th,8,24
POI0098,Th,9,32
POI0098,Th,10,37
POI0098,Th,11,42
POI0098,Th,12,47
POI0098,Th,13,50
POI0098,Th,14,54
POI0098,Th,15,53
POI0098,Th,16,55
POI0098,Th,17,54
POI0098,Th,18,59
POI0098,Th,19,68
POI0098,Th,20,75
POI0098,Th,21,74
POI0098,Th,22,68
POI0098,Th,23,52
POI0098,Fr,6,0
POI0098,Fr,7,0
POI0098,Fr,8,15
POI0098,Fr,9,23
POI0098,Fr,10,30
POI0098,Fr,11,40
POI0098,Fr,12,48
POI0098,Fr,13,57
POI0098,Fr,14,61
POI0098,Fr,15,62
POI0098,Fr,16,59
POI0098,Fr,17,59
POI0098,Fr,18,64
POI0098,Fr,19,75
POI0098,Fr,20,82
POI0098,Fr,21,80
POI0098,Fr,22,72
POI0098,Fr,23,54
POI0098,Sa,6,0
POI0098,Sa,7,0
POI0098,Sa,8,14
POI0098,Sa,9,22
POI0098,Sa,10,34
POI0098,Sa,11,45
POI0098,Sa,12,55
POI0098,Sa,13,64
POI0098,Sa,14,68
POI0098,Sa,15,73
POI0098,Sa,16,76
POI0098,Sa,17,78
POI0098,Sa,18,79
POI0098,Sa,19,92
POI0098,Sa,20,100
POI0098,Sa,21,100
POI0098,Sa,22,86
POI0098,Sa,23,63
POI0098,Su,6,0
POI0098,Su,7,0
POI0098,Su,8,17
POI0098,Su,9,23
POI0098,Su,10,30
POI0098,Su,11,34
POI0098,Su,12,44
POI0098,Su,13,59
POI0098,Su,14,71
POI0098,Su,15,76
POI0098,Su,16,75
POI0098,Su,17,77
POI0098,Su,18,75
POI0098,Su,19,77
POI0098,Su,20,80
POI0098,Su,21,75
POI0098,Su,22,60
POI0098,Su,23,43
POI0100,Tu,6,0
POI0100,Tu,7,0
POI0100,Tu,8,0
POI0100,Tu,9,0
POI0100,Tu,10,33
POI0100,Tu,11,43
POI0100,Tu,12,50
POI0100,Tu,13,54
POI0100,Tu,14,59
POI0100,Tu,15,61
POI0100,Tu,16,56
POI0100,Tu,17,51
POI0100,Tu,18,41
POI0100,Tu,19,0
POI0100,Tu,20,0
POI0100,Tu,21,0
POI0100,Tu,22,0
POI0100,Tu,23,0
POI0100,We,6,0
POI0100,We,7,0
POI0100,We,8,0
POI0100,We,9,0
POI0100,We,10,27
POI0100,We,11,33
POI0100,We,12,40
POI0100,We,13,44
POI0100,We,14,51
POI0100,We,15,52
POI0100,We,16,50
POI0100,We,17,41
POI0100,We,18,32
POI0100,We,19,0
POI0100,We,20,0
POI0100,We,21,0
POI0100,We,22,0
POI0100,We,23,0
POI0100,Th,6,0
POI0100,Th,7,0
POI0100,Th,8,0
POI0100,Th,9,0
POI0100,Th,10,33
POI0100,Th,11,43
POI0100,Th,12,49
POI0100,Th,13,57
POI0100,Th,14,62
POI0100,Th,15,66
POI0100,Th,16,62
POI0100,Th,17,57
POI0100,Th,18,51
POI0100,Th,19,50
POI0100,Th,21,36
POI0100,Th,22,0
POI0100,Th,23,0
POI0100,Fr,6,0
POI0100,Fr,7,0
POI0100,Fr,8,0
POI0100,Fr,9,0
POI0100,Fr,10,28
POI0100,Fr,11,40
POI0100,Fr,12,48
POI0100,Fr,13,53
POI0100,Fr,14,60
POI0100,Fr,15,61
POI0100,Fr,16,58
POI0100,Fr,17,49
POI0100,Fr,18,41
POI0100,Fr,19,0
POI0100,Fr,20,0
POI0100,Fr,21,0
POI0100,Fr,22,0
POI0100,Fr,23,0
POI0100,Sa,6,0
POI0100,Sa,7,0
POI0100,Sa,8,0
POI0100,Sa,9,0
POI0100,Sa,10,28
POI0100,Sa,11,42
POI0100,Sa,12,53
POI0100,Sa,13,62
POI0100,Sa,14,76
POI0100,Sa,15,88
POI0100,Sa,16,91
POI0100,Sa,17,81
POI0100,Sa,18,60
POI0100,Sa,19,0
POI0100,Sa,20,0
POI0100,Sa,21,0
POI0100,Sa,22,0
POI0100,Sa,23,0
POI0100,Su,6,0
POI0100,Su,7,0
POI0100,Su,8,0
POI0100,Su,9,0
POI0100,Su,10,27
POI0100,Su,11,45
POI0100,Su,12,62
POI0100,Su,13,74
POI0100,Su,14,89
POI0100,Su,15,98
POI0100,Su,16,100
POI0100,Su,17,86
POI0100,Su,18,64
POI0100,Su,19,0
POI0100,Su,20,0
POI0100,Su,21,0
POI0100,Su,22,0
POI0100,Su,23,0
POI0104,Tu,6,0
POI0104,Tu,7,0
POI0104,Tu,8,0
POI0104,Tu,9,27
POI0104,Tu,10,39
POI0104,Tu,11,50
POI0104,Tu,12,57
POI0104,Tu,13,66
POI0104,Tu,14,73
POI0104,Tu,15,76
POI0104,Tu,16,66
POI0104,Tu,17,46
POI0104,Tu,18,0
POI0104,Tu,19,0
POI0104,Tu,20,0
POI0104,Tu,21,0
POI0104,Tu,22,0
POI0104,Tu,23,0
POI0104,We,6,0
POI0104,We,7,0
POI0104,We,8,0
POI0104,We,9,17
POI0104,We,10,31
POI0104,We,11,42
POI0104,We,12,49
POI0104,We,13,55
POI0104,We,14,59
POI0104,We,15,59
POI0104,We,16,51
POI0104,We,17,36
POI0104,We,18,0
POI0104,We,19,0
POI0104,We,20,0
POI0104,We,21,0
POI0104,We,22,0
POI0104,We,23,0
POI0104,Th,6,0
POI0104,Th,7,0
POI0104,Th,8,0
POI0104,Th,9,21
POI0104,Th,10,37
POI0104,Th,11,49
POI0104,Th,12,54
POI0104,Th,13,58
POI0104,Th,14,62
POI0104,Th,15,63
POI0104,Th,16,57
POI0104,Th,17,44
POI0104,Th,18,0
POI0104,Th,19,0
POI0104,Th,20,0
POI0104,Th,21,0
POI0104,Th,22,0
POI0104,Th,23,0
POI0104,Fr,6,0
POI0104,Fr,7,0
POI0104,Fr,8,0
POI0104,Fr,9,20
POI0104,Fr,10,37
POI0104,Fr,11,50
POI0104,Fr,12,57
POI0104,Fr,13,60
POI0104,Fr,14,64
POI0104,Fr,15,69
POI0104,Fr,16,61
POI0104,Fr,17,45
POI0104,Fr,18,0
POI0104,Fr,19,0
POI0104,Fr,20,0
POI0104,Fr,21,0
POI0104,Fr,22,0
POI0104,Fr,23,0
POI0104,Sa,6,0
POI0104,Sa,7,0
POI0104,Sa,8,0
POI0104,Sa,9,20
POI0104,Sa,10,34
POI0104,Sa,11,50
POI0104,Sa,12,63
POI0104,Sa,13,78
POI0104,Sa,14,90
POI0104,Sa,15,97
POI0104,Sa,16,88
POI0104,Sa,17,64
POI0104,Sa,18,0
POI0104,Sa,19,0
POI0104,Sa,20,0
POI0104,Sa,21,0
POI0104,Sa,22,0
POI0104,Sa,23,0
POI0104,Su,6,0
POI0104,Su,7,0
POI0104,Su,8,0
POI0104,Su,9,25
POI0104,Su,10,41
POI0104,Su,11,56
POI0104,Su,12,67
POI0104,Su,13,78
POI0104,Su,14,94
POI0104,Su,15,100
POI0104,Su,16,91
POI0104,Su,17,64
POI0104,Su,18,0
POI0104,Su,19,0
POI0104,Su,20,0
POI0104,Su,21,0
POI0104,Su,22,0
POI0104,Su,23,0
POI0105,Mo,6,0
POI0105,Mo,7,0
POI0105,Mo,8,0
POI0105,Mo,9,0
POI0105,Mo,10,36
POI0105,Mo,11,45
POI0105,Mo,12,51
POI0105,Mo,13,55
POI0105,Mo,14,58
POI0105,Mo,15,58
POI0105,Mo,16,57
POI0105,Mo,17,0
POI0105,Mo,18,0
POI0105,Mo,19,0
POI0105,Mo,20,0
POI0105,Mo,21,0
POI0105,Mo,22,0
POI0105,Mo,23,0
POI0105,Tu,6,0
POI0105,Tu,7,0
POI0105,Tu,8,0
POI0105,Tu,9,0
POI0105,Tu,10,36
POI0105,Tu,11,46
POI0105,Tu,12,51
POI0105,Tu,13,52
POI0105,Tu,14,51
POI0105,Tu,15,51
POI0105,Tu,16,51
POI0105,Tu,17,0
POI0105,Tu,18,0
POI0105,Tu,19,0
POI0105,Tu,20,0
POI0105,Tu,21,0
POI0105,Tu,22,0
POI0105,Tu,23,0
POI0105,We,6,0
POI0105,We,7,0
POI0105,We,8,0
POI0105,We,9,0
POI0105,We,10,36
POI0105,We,11,45
POI0105,We,12,51
POI0105,We,13,53
POI0105,We,14,53
POI0105,We,15,52
POI0105,We,16,52
POI0105,We,17,0
POI0105,We,18,0
POI0105,We,19,0
POI0105,We,20,0
POI0105,We,21,0
POI0105,We,22,0
POI0105,We,23,0
POI0105,Th,6,0
POI0105,Th,7,0
POI0105,Th,8,0
POI0105,Th,9,0
POI0105,Th,10,35
POI0105,Th,11,45
POI0105,Th,12,52
POI0105,Th,13,53
POI0105,Th,14,53
POI0105,Th,15,53
POI0105,Th,16,50
POI0105,Th,17,0
POI0105,Th,18,0
POI0105,Th,19,0
POI0105,Th,20,0
POI0105,Th,21,0
POI0105,Th,22,0
POI0105,Th,23,0
POI0105,Fr,6,0
POI0105,Fr,7,0
POI0105,Fr,8,0
POI0105,Fr,9,0
POI0105,Fr,10,39
POI0105,Fr,11,49
POI0105,Fr,12,55
POI0105,Fr,13,58
POI0105,Fr,14,59
POI0105,Fr,15,61
POI0105,Fr,16,62
POI0105,Fr,17,0
POI0105,Fr,18,0
POI0105,Fr,19,0
POI0105,Fr,20,0
POI0105,Fr,21,0
POI0105,Fr,22,0
POI0105,Fr,23,0
POI0105,Sa,6,0
POI0105,Sa,7,0
POI0105,Sa,8,0
POI0105,Sa,9,0
POI0105,Sa,10,37
POI0105,Sa,11,50
POI0105,Sa,12,60
POI0105,Sa,13,66
POI0105,Sa,14,75
POI0105,Sa,15,82
POI0105,Sa,16,83
POI0105,Sa,17,0
POI0105,Sa,18,0
POI0105,Sa,19,0
POI0105,Sa,20,0
POI0105,Sa,21,0
POI0105,Sa,22,0
POI0105,Sa,23,0
POI0105,Su,6,0
POI0105,Su,7,0
POI0105,Su,8,0
POI0105,Su,9,0
POI0105,Su,10,77
POI0105,Su,11,94
POI0105,Su,12,100
POI0105,Su,13,97
POI0105,Su,14,92
POI0105,Su,15,86
POI0105,Su,16,78
POI0105,Su,17,0
POI0105,Su,18,0
POI0105,Su,19,0
POI0105,Su,20,0
POI0105,Su,21,0
POI0105,Su,22,0
POI0105,Su,23,0
POI0106,Mo,6,0
POI0106,Mo,7,0
POI0106,Mo,8,0
POI0106,Mo,9,0
POI0106,Mo,10,53
POI0106,Mo,11,59
POI0106,Mo,12,56
POI0106,Mo,13,60
POI0106,Mo,14,60
POI0106,Mo,15,57
POI0106,Mo,16,55
POI0106,Mo,17,53
POI0106,Mo,18,0
POI0106,Mo,19,0
POI0106,Mo,20,0
POI0106,Mo,21,0
POI0106,Mo,22,0
POI0106,Mo,23,0
POI0106,Tu,6,0
POI0106,Tu,7,0
POI0106,Tu,8,0
POI0106,Tu,9,0
POI0106,Tu,10,54
POI0106,Tu,11,62
POI0106,Tu,12,64
POI0106,Tu,13,67
POI0106,Tu,14,71
POI0106,Tu,15,70
POI0106,Tu,16,67
POI0106,Tu,17,58
POI0106,Tu,18,0
POI0106,Tu,19,0
POI0106,Tu,20,0
POI0106,Tu,21,0
POI0106,Tu,22,0
POI0106,Tu,23,0
POI0106,We,6,0
POI0106,We,7,0
POI0106,We,8,0
POI0106,We,9,0
POI0106,We,10,72
POI0106,We,11,79
POI0106,We,12,84
POI0106,We,13,84
POI0106,We,14,78
POI0106,We,15,77
POI0106,We,16,65
POI0106,We,17,58
POI0106,We,18,0
POI0106,We,19,0
POI0106,We,20,0
POI0106,We,21,0
POI0106,We,22,0
POI0106,We,23,0
POI0106,Th,6,0
POI0106,Th,7,0
POI0106,Th,8,0
POI0106,Th,9,0
POI0106,Th,10,65
POI0106,Th,11,75
POI0106,Th,12,80
POI0106,Th,13,78
POI0106,Th,14,74
POI0106,Th,15,70
POI0106,Th,16,60
POI0106,Th,17,62
POI0106,Th,18,0
POI0106,Th,19,0
POI0106,Th,20,0
POI0106,Th,21,0
POI0106,Th,22,0
POI0106,Th,23,0
POI0106,Fr,6,0
POI0106,Fr,7,0
POI0106,Fr,8,0
POI0106,Fr,9,0
POI0106,Fr,10,57
POI0106,Fr,11,67
POI0106,Fr,12,68
POI0106,Fr,13,70
POI0106,Fr,14,65
POI0106,Fr,15,67
POI0106,Fr,16,68
POI0106,Fr,17,68
POI0106,Fr,18,0
POI0106,Fr,19,0
POI0106,Fr,20,0
POI0106,Fr,21,0
POI0106,Fr,22,0
POI0106,Fr,23,0
POI0106,Sa,6,0
POI0106,Sa,7,0
POI0106,Sa,8,0
POI0106,Sa,9,0
POI0106,Sa,10,47
POI0106,Sa,11,50
POI0106,Sa,12,53
POI0106,Sa,13,61
POI0106,Sa,14,71
POI0106,Sa,15,85
POI0106,Sa,16,90
POI0106,Sa,17,97
POI0106,Sa,18,100
POI0106,Sa,19,0
POI0106,Sa,20,0
POI0106,Sa,21,0
POI0106,Sa,22,0
POI0106,Sa,23,0
POI0106,Su,6,0
POI0106,Su,7,0
POI0106,Su,8,0
POI0106,Su,9,0
POI0106,Su,10,41
POI0106,Su,11,41
POI0106,Su,12,46
POI0106,Su,13,60
POI0106,Su,14,68
POI0106,Su,15,78
POI0106,Su,16,78
POI0106,Su,17,79
POI0106,Su,18,66
POI0106,Su,19,0
POI0106,Su,20,0
POI0106,Su,21,0
POI0106,Su,22,0
POI0106,Su,23,0
POI0107,Tu,6,0
POI0107,Tu,7,0
POI0107,Tu,8,0
POI0107,Tu,9,39
POI0107,Tu,10,51
POI0107,Tu,11,73
POI0107,Tu,12,86
POI0107,Tu,13,94
POI0107,Tu,14,86
POI0107,Tu,15,77
POI0107,Tu,16,60
POI0107,Tu,17,50
POI0107,Tu,18,0
POI0107,Tu,19,0
POI0107,Tu,20,0
POI0107,Tu,21,0
POI0107,Tu,22,0
POI0107,Tu,23,0
POI0107,We,6,0
POI0107,We,7,0
POI0107,We,8,0
POI0107,We,9,50
POI0107,We,10,63
POI0107,We,11,77
POI0107,We,12,88
POI0107,We,13,94
POI0107,We,14,100
POI0107,We,15,94
POI0107,We,16,84
POI0107,We,17,66
POI0107,We,18,0
POI0107,We,19,0
POI0107,We,20,0
POI0107,We,21,0
POI0107,We,22,0
POI0107,We,23,0
POI0107,Th,6,0
POI0107,Th,7,0
POI0107,Th,8,0
POI0107,Th,9,30
POI0107,Th,10,42
POI0107,Th,11,60
POI0107,Th,12,82
POI0107,Th,13,91
POI0107,Th,14,96
POI0107,Th,15,89
POI0107,Th,16,79
POI0107,Th,17,64
POI0107,Th,18,0
POI0107,Th,19,0
POI0107,Th,20,0
POI0107,Th,21,0
POI0107,Th,22,0
POI0107,Th,23,0
POI0107,Fr,6,0
POI0107,Fr,7,0
POI0107,Fr,8,0
POI0107,Fr,9,29
POI0107,Fr,10,38
POI0107,Fr,11,55
POI0107,Fr,12,71
POI0107,Fr,13,77
POI0107,Fr,14,79
POI0107,Fr,15,78
POI0107,Fr,16,66
POI0107,Fr,17,42
POI0107,Fr,18,0
POI0107,Fr,19,0
POI0107,Fr,20,0
POI0107,Fr,21,0
POI0107,Fr,22,0
POI0107,Fr,23,0
POI0107,Sa,6,0
POI0107,Sa,7,0
POI0107,Sa,8,0
POI0107,Sa,9,0
POI0107,Sa,10,36
POI0107,Sa,11,53
POI0107,Sa,12,64
POI0107,Sa,13,71
POI0107,Sa,14,76
POI0107,Sa,15,73
POI0107,Sa,16,70
POI0107,Sa,17,63
POI0107,Sa,18,0
POI0107,Sa,19,0
POI0107,Sa,20,0
POI0107,Sa,21,0
POI0107,Sa,22,0
POI0107,Sa,23,0
POI0107,Su,6,0
POI0107,Su,7,0
POI0107,Su,8,0
POI0107,Su,9,0
POI0107,Su,10,50
POI0107,Su,11,67
POI0107,Su,12,73
POI0107,Su,13,0
POI0107,Su,14,0
POI0107,Su,15,0
POI0107,Su,16,0
POI0107,Su,17,0
POI0107,Su,18,0
POI0107,Su,19,0
POI0107,Su,20,0
POI0107,Su,21,0
POI0107,Su,22,0
POI0107,Su,23,0
POI0108,Mo,0,12
POI0108,Mo,1,7
POI0108,Mo,6,0
POI0108,Mo,7,14
POI0108,Mo,8,23
POI0108,Mo,9,29
POI0108,Mo,10,38
POI0108,Mo,11,49
POI0108,Mo,12,55
POI0108,Mo,13,56
POI0108,Mo,14,58
POI0108,Mo,15,58
POI0108,Mo,16,61
POI0108,Mo,17,63
POI0108,Mo,18,66
POI0108,Mo,19,66
POI0108,Mo,20,62
POI0108,Mo,21,55
POI0108,Mo,22,39
POI0108,Mo,23,26
POI0108,Tu,0,12
POI0108,Tu,1,5
POI0108,Tu,6,0
POI0108,Tu,7,13
POI0108,Tu,8,14
POI0108,Tu,9,24
POI0108,Tu,10,32
POI0108,Tu,11,44
POI0108,Tu,12,50
POI0108,Tu,13,58
POI0108,Tu,14,63
POI0108,Tu,15,64
POI0108,Tu,16,67
POI0108,Tu,17,68
POI0108,Tu,18,71
POI0108,Tu,19,65
POI0108,Tu,20,54
POI0108,Tu,21,40
POI0108,Tu,22,31
POI0108,Tu,23,21
POI0108,We,0,21
POI0108,We,1,15
POI0108,We,6,0
POI0108,We,7,13
POI0108,We,8,21
POI0108,We,9,31
POI0108,We,10,41
POI0108,We,11,48
POI0108,We,12,50
POI0108,We,13,54
POI0108,We,14,57
POI0108,We,15,57
POI0108,We,16,58
POI0108,We,17,62
POI0108,We,18,66
POI0108,We,19,64
POI0108,We,20,55
POI0108,We,21,44
POI0108,We,22,34
POI0108,We,23,29
POI0108,Th,0,19
POI0108,Th,1,10
POI0108,Th,6,0
POI0108,Th,7,12
POI0108,Th,8,21
POI0108,Th,9,30
POI0108,Th,10,41
POI0108,Th,11,48
POI0108,Th,12,58
POI0108,Th,13,61
POI0108,Th,14,63
POI0108,Th,15,61
POI0108,Th,16,60
POI0108,Th,17,63
POI0108,Th,18,72
POI0108,Th,19,72
POI0108,Th,21,54
POI0108,Th,22,41
POI0108,Th,23,31
POI0108,Fr,0,17
POI0108,Fr,1,10
POI0108,Fr,6,0
POI0108,Fr,7,14
POI0108,Fr,8,25
POI0108,Fr,9,36
POI0108,Fr,10,47
POI0108,Fr,11,53
POI0108,Fr,12,57
POI0108,Fr,13,66
POI0108,Fr,14,74
POI0108,Fr,15,82
POI0108,Fr,16,80
POI0108,Fr,17,77
POI0108,Fr,18,66
POI0108,Fr,19,60
POI0108,Fr,20,50
POI0108,Fr,21,42
POI0108,Fr,22,34
POI0108,Fr,23,28
POI0108,Sa,0,23
POI0108,Sa,1,14
POI0108,Sa,6,0
POI0108,Sa,7,0
POI0108,Sa,8,0
POI0108,Sa,9,31
POI0108,Sa,10,50
POI0108,Sa,11,66
POI0108,Sa,12,75
POI0108,Sa,13,78
POI0108,Sa,14,81
POI0108,Sa,15,87
POI0108,Sa,16,93
POI0108,Sa,17,100
POI0108,Sa,18,97
POI0108,Sa,19,86
POI0108,Sa,20,70
POI0108,Sa,21,55
POI0108,Sa,22,45
POI0108,Sa,23,35
POI0108,Su,0,18
POI0108,Su,1,11
POI0108,Su,6,0
POI0108,Su,7,0
POI0108,Su,8,0
POI0108,Su,9,26
POI0108,Su,10,43
POI0108,Su,11,60
POI0108,Su,12,71
POI0108,Su,13,77
POI0108,Su,14,77
POI0108,Su,15,72
POI0108,Su,16,72
POI0108,Su,17,77
POI0108,Su,18,80
POI0108,Su,19,76
POI0108,Su,20,66
POI0108,Su,21,50
POI0108,Su,22,39
POI0108,Su,23,28
POI0112,Tu,6,0
POI0112,Tu,7,0
POI0112,Tu,8,0
POI0112,Tu,9,0
POI0112,Tu,10,46
POI0112,Tu,11,66
POI0112,Tu,12,79
POI0112,Tu,13,87
POI0112,Tu,14,91
POI0112,Tu,15,91
POI0112,Tu,16,79
POI0112,Tu,17,59
POI0112,Tu,18,0
POI0112,Tu,19,0
POI0112,Tu,20,0
POI0112,Tu,21,0
POI0112,Tu,22,0
POI0112,Tu,23,0
POI0112,We,6,0
POI0112,We,7,0
POI0112,We,8,0
POI0112,We,9,0
POI0112,We,10,47
POI0112,We,11,64
POI0112,We,12,71
POI0112,We,13,75
POI0112,We,14,77
POI0112,We,15,77
POI0112,We,16,64
POI0112,We,17,44
POI0112,We,18,0
POI0112,We,19,0
POI0112,We,20,0
POI0112,We,21,0
POI0112,We,22,0
POI0112,We,23,0
POI0112,Th,6,0
POI0112,Th,7,0
POI0112,Th,8,0
POI0112,Th,9,0
POI0112,Th,10,38
POI0112,Th,11,53
POI0112,Th,12,61
POI0112,Th,13,67
POI0112,Th,14,73
POI0112,Th,15,77
POI0112,Th,16,76
POI0112,Th,17,69
POI0112,Th,18,60
POI0112,Th,19,52
POI0112,Th,21,32
POI0112,Th,22,0
POI0112,Th,23,0
POI0112,Fr,6,0
POI0112,Fr,7,0
POI0112,Fr,8,0
POI0112,Fr,9,0
POI0112,Fr,10,38
POI0112,Fr,11,55
POI0112,Fr,12,63
POI0112,Fr,13,68
POI0112,Fr,14,74
POI0112,Fr,15,77
POI0112,Fr,16,72
POI0112,Fr,17,53
POI0112,Fr,18,0
POI0112,Fr,19,0
POI0112,Fr,20,0
POI0112,Fr,21,0
POI0112,Fr,22,0
POI0112,Fr,23,0
POI0112,Sa,6,0
POI0112,Sa,7,0
POI0112,Sa,8,0
POI0112,Sa,9,0
POI0112,Sa,10,48
POI0112,Sa,11,68
POI0112,Sa,12,78
POI0112,Sa,13,83
POI0112,Sa,14,91
POI0112,Sa,15,95
POI0112,Sa,16,88
POI0112,Sa,17,63
POI0112,Sa,18,0
POI0112,Sa,19,0
POI0112,Sa,20,0
POI0112,Sa,21,0
POI0112,Sa,22,0
POI0112,Sa,23,0
POI0112,Su,6,0
POI0112,Su,7,0
POI0112,Su,8,0
POI0112,Su,9,0
POI0112,Su,10,44
POI0112,Su,11,67
POI0112,Su,12,82
POI0112,Su,13,90
POI0112,Su,14,96
POI0112,Su,15,100
POI0112,Su,16,91
POI0112,Su,17,67
POI0112,Su,18,0
POI0112,Su,19,0
POI0112,Su,20,0
POI0112,Su,21,0
POI0112,Su,22,0
POI0112,Su,23,0
POI0113,Th,0,27
POI0113,Th,1,23
POI0113,Th,2,19
POI0113,Th,3,12
POI0113,Th,4,16
POI0113,Th,5,8
POI0113,Th,6,0
POI0113,Th,7,0
POI0113,Th,8,0
POI0113,Th,9,0
POI0113,Th,10,0
POI0113,Th,11,0
POI0113,Th,12,0
POI0113,Th,13,0
POI0113,Th,14,0
POI0113,Th,15,0
POI0113,Th,16,0
POI0113,Th,17,0
POI0113,Th,18,0
POI0113,Th,19,0
POI0113,Th,21,33
POI0113,Th,22,34
POI0113,Th,23,33
POI0113,Fr,0,62
POI0113,Fr,1,50
POI0113,Fr,2,38
POI0113,Fr,3,28
POI0113,Fr,4,22
POI0113,Fr,5,11
POI0113,Fr,6,0
POI0113,Fr,7,0
POI0113,Fr,8,0
POI0113,Fr,9,0
POI0113,Fr,10,0
POI0113,Fr,11,0
POI0113,Fr,12,0
POI0113,Fr,13,0
POI0113,Fr,14,0
POI0113,Fr,15,0
POI0113,Fr,16,0
POI0113,Fr,17,0
POI0113,Fr,18,0
POI0113,Fr,19,0
POI0113,Fr,20,34
POI0113,Fr,21,51
POI0113,Fr,22,66
POI0113,Fr,23,74
POI0113,Sa,0,88
POI0113,Sa,1,74
POI0113,Sa,2,56
POI0113,Sa,3,39
POI0113,Sa,4,12
POI0113,Sa,5,11
POI0113,Sa,6,0
POI0113,Sa,7,0
POI0113,Sa,8,0
POI0113,Sa,9,0
POI0113,Sa,10,0
POI0113,Sa,11,0
POI0113,Sa,12,0
POI0113,Sa,13,0
POI0113,Sa,14,0
POI0113,Sa,15,0
POI0113,Sa,16,0
POI0113,Sa,17,0
POI0113,Sa,18,0
POI0113,Sa,19,0
POI0113,Sa,20,49
POI0113,Sa,21,72
POI0113,Sa,22,90
POI0113,Sa,23,100
POI0113,Su,6,0
POI0113,Su,7,0
POI0113,Su,8,0
POI0113,Su,9,0
POI0113,Su,10,0
POI0113,Su,11,0
POI0113,Su,12,0
POI0113,Su,13,0
POI0113,Su,14,0
POI0113,Su,15,0
POI0113,Su,16,0
POI0113,Su,17,0
POI0113,Su,18,0
POI0113,Su,19,18
POI0113,Su,20,23
POI0113,Su,21,21
POI0113,Su,22,17
POI0113,Su,23,0
POI0117,Mo,0,10
POI0117,Mo,1,4
POI0117,Mo,2,1
POI0117,Mo,3,2
POI0117,Mo,4,6
POI0117,Mo,5,16
POI0117,Mo,6,32
POI0117,Mo,7,48
POI0117,Mo,8,59
POI0117,Mo,9,59
POI0117,Mo,10,54
POI0117,Mo,11,51
POI0117,Mo,12,49
POI0117,Mo,13,48
POI0117,Mo,14,51
POI0117,Mo,15,63
POI0117,Mo,16,78
POI0117,Mo,17,92
POI0117,Mo,18,91
POI0117,Mo,19,75
POI0117,Mo,20,55
POI0117,Mo,21,39
POI0117,Mo,22,29
POI0117,Mo,23,20
POI0117,Tu,0,10
POI0117,Tu,1,4
POI0117,Tu,2,1
POI0117,Tu,3,2
POI0117,Tu,4,6
POI0117,Tu,5,16
POI0117,Tu,6,33
POI0117,Tu,7,50
POI0117,Tu,8,62
POI0117,Tu,9,61
POI0117,Tu,10,53
POI0117,Tu,11,48
POI0117,Tu,12,47
POI0117,Tu,13,47
POI0117,Tu,14,52
POI0117,Tu,15,64
POI0117,Tu,16,83
POI0117,Tu,17,100
POI0117,Tu,18,99
POI0117,Tu,19,80
POI0117,Tu,20,57
POI0117,Tu,21,40
POI0117,Tu,22,30
POI0117,Tu,23,21
POI0117,We,0,11
POI0117,We,1,5
POI0117,We,2,2
POI0117,We,3,2
POI0117,We,4,6
POI0117,We,5,15
POI0117,We,6,30
POI0117,We,7,44
POI0117,We,8,53
POI0117,We,9,52
POI0117,We,10,48
POI0117,We,11,46
POI0117,We,12,46
POI0117,We,13,47
POI0117,We,14,52
POI0117,We,15,64
POI0117,We,16,82
POI0117,We,17,97
POI0117,We,18,95
POI0117,We,19,79
POI0117,We,20,58
POI0117,We,21,42
POI0117,We,22,32
POI0117,We,23,22
POI0117,Th,0,12
POI0117,Th,1,5
POI0117,Th,2,2
POI0117,Th,3,2
POI0117,Th,4,6
POI0117,Th,5,15
POI0117,Th,6,29
POI0117,Th,7,43
POI0117,Th,8,53
POI0117,Th,9,51
POI0117,Th,10,48
POI0117,Th,11,47
POI0117,Th,12,48
POI0117,Th,13,49
POI0117,Th,14,55
POI0117,Th,15,66
POI0117,Th,16,83
POI0117,Th,17,98
POI0117,Th,18,97
POI0117,Th,19,79
POI0117,Th,21,42
POI0117,Th,22,33
POI0117,Th,23,23
POI0117,Fr,0,14
POI0117,Fr,1,6
POI0117,Fr,2,2
POI0117,Fr,3,2
POI0117,Fr,4,5
POI0117,Fr,5,13
POI0117,Fr,6,25
POI0117,Fr,7,35
POI0117,Fr,8,42
POI0117,Fr,9,45
POI0117,Fr,10,46
POI0117,Fr,11,47
POI0117,Fr,12,47
POI0117,Fr,13,47
POI0117,Fr,14,51
POI0117,Fr,15,61
POI0117,Fr,16,72
POI0117,Fr,17,81
POI0117,Fr,18,79
POI0117,Fr,19,67
POI0117,Fr,20,53
POI0117,Fr,21,42
POI0117,Fr,22,34
POI0117,Fr,23,25
POI0117,Sa,0,13
POI0117,Sa,1,6
POI0117,Sa,2,2
POI0117,Sa,3,2
POI0117,Sa,4,4
POI0117,Sa,5,9
POI0117,Sa,6,16
POI0117,Sa,7,23
POI0117,Sa,8,28
POI0117,Sa,9,35
POI0117,Sa,10,41
POI0117,Sa,11,43
POI0117,Sa,12,43
POI0117,Sa,13,41
POI0117,Sa,14,43
POI0117,Sa,15,46
POI0117,Sa,16,50
POI0117,Sa,17,52
POI0117,Sa,18,52
POI0117,Sa,19,48
POI0117,Sa,20,42
POI0117,Sa,21,36
POI0117,Sa,22,30
POI0117,Sa,23,23
POI0117,Su,0,13
POI0117,Su,1,5
POI0117,Su,2,2
POI0117,Su,3,1
POI0117,Su,4,3
POI0117,Su,5,6
POI0117,Su,6,10
POI0117,Su,7,16
POI0117,Su,8,21
POI0117,Su,9,28
POI0117,Su,10,34
POI0117,Su,11,38
POI0117,Su,12,40
POI0117,Su,13,42
POI0117,Su,14,46
POI0117,Su,15,53
POI0117,Su,16,61
POI0117,Su,17,66
POI0117,Su,18,66
POI0117,Su,19,59
POI0117,Su,20,51
POI0117,Su,21,42
POI0117,Su,22,34
POI0117,Su,23,25
POI0118,Tu,6,0
POI0118,Tu,7,0
POI0118,Tu,8,0
POI0118,Tu,9,0
POI0118,Tu,10,32
POI0118,Tu,11,46
POI0118,Tu,12,57
POI0118,Tu,13,63
POI0118,Tu,14,64
POI0118,Tu,15,62
POI0118,Tu,16,57
POI0118,Tu,17,49
POI0118,Tu,18,0
POI0118,Tu,19,0
POI0118,Tu,20,0
POI0118,Tu,21,0
POI0118,Tu,22,0
POI0118,Tu,23,0
POI0118,We,6,0
POI0118,We,7,0
POI0118,We,8,0
POI0118,We,9,0
POI0118,We,10,29
POI0118,We,11,39
POI0118,We,12,47
POI0118,We,13,51
POI0118,We,14,55
POI0118,We,15,57
POI0118,We,16,54
POI0118,We,17,46
POI0118,We,18,0
POI0118,We,19,0
POI0118,We,20,0
POI0118,We,21,0
POI0118,We,22,0
POI0118,We,23,0
POI0118,Th,6,0
POI0118,Th,7,0
POI0118,Th,8,0
POI0118,Th,9,0
POI0118,Th,10,31
POI0118,Th,11,43
POI0118,Th,12,53
POI0118,Th,13,58
POI0118,Th,14,61
POI0118,Th,15,62
POI0118,Th,16,57
POI0118,Th,17,49
POI0118,Th,18,0
POI0118,Th,19,0
POI0118,Th,20,0
POI0118,Th,21,0
POI0118,Th,22,0
POI0118,Th,23,0
POI0118,Fr,6,0
POI0118,Fr,7,0
POI0118,Fr,8,0
POI0118,Fr,9,0
POI0118,Fr,10,27
POI0118,Fr,11,38
POI0118,Fr,12,48
POI0118,Fr,13,56
POI0118,Fr,14,62
POI0118,Fr,15,64
POI0118,Fr,16,62
POI0118,Fr,17,55
POI0118,Fr,18,0
POI0118,Fr,19,0
POI0118,Fr,20,0
POI0118,Fr,21,0
POI0118,Fr,22,0
POI0118,Fr,23,0
POI0118,Sa,6,0
POI0118,Sa,7,0
POI0118,Sa,8,0
POI0118,Sa,9,0
POI0118,Sa,10,31
POI0118,Sa,11,47
POI0118,Sa,12,62
POI0118,Sa,13,75
POI0118,Sa,14,89
POI0118,Sa,15,99
POI0118,Sa,16,100
POI0118,Sa,17,88
POI0118,Sa,18,0
POI0118,Sa,19,0
POI0118,Sa,20,0
POI0118,Sa,21,0
POI0118,Sa,22,0
POI0118,Sa,23,0
POI0118,Su,6,0
POI0118,Su,7,0
POI0118,Su,8,0
POI0118,Su,9,0
POI0118,Su,10,26
POI0118,Su,11,39
POI0118,Su,12,55
POI0118,Su,13,68
POI0118,Su,14,82
POI0118,Su,15,92
POI0118,Su,16,93
POI0118,Su,17,84
POI0118,Su,18,66
POI0118,Su,19,0
POI0118,Su,20,0
POI0118,Su,21,0
POI0118,Su,22,0
POI0118,Su,23,0
POI0122,Tu,6,0
POI0122,Tu,7,0
POI0122,Tu,8,0
POI0122,Tu,9,0
POI0122,Tu,10,24
POI0122,Tu,11,37
POI0122,Tu,12,47
POI0122,Tu,13,53
POI0122,Tu,14,56
POI0122,Tu,15,57
POI0122,Tu,16,52
POI0122,Tu,17,38
POI0122,Tu,18,0
POI0122,Tu,19,0
POI0122,Tu,20,0
POI0122,Tu,21,0
POI0122,Tu,22,0
POI0122,Tu,23,0
POI0122,We,6,0
POI0122,We,7,0
POI0122,We,8,0
POI0122,We,9,0
POI0122,We,10,23
POI0122,We,11,34
POI0122,We,12,40
POI0122,We,13,44
POI0122,We,14,47
POI0122,We,15,50
POI0122,We,16,47
POI0122,We,17,37
POI0122,We,18,0
POI0122,We,19,0
POI0122,We,20,0
POI0122,We,21,0
POI0122,We,22,0
POI0122,We,23,0
POI0122,Th,6,0
POI0122,Th,7,0
POI0122,Th,8,0
POI0122,Th,9,0
POI0122,Th,10,25
POI0122,Th,11,36
POI0122,Th,12,46
POI0122,Th,13,51
POI0122,Th,14,55
POI0122,Th,15,56
POI0122,Th,16,52
POI0122,Th,17,41
POI0122,Th,18,0
POI0122,Th,19,0
POI0122,Th,20,0
POI0122,Th,21,0
POI0122,Th,22,0
POI0122,Th,23,0
POI0122,Fr,6,0
POI0122,Fr,7,0
POI0122,Fr,8,0
POI0122,Fr,9,0
POI0122,Fr,10,22
POI0122,Fr,11,33
POI0122,Fr,12,42
POI0122,Fr,13,50
POI0122,Fr,14,59
POI0122,Fr,15,65
POI0122,Fr,16,63
POI0122,Fr,17,48
POI0122,Fr,18,0
POI0122,Fr,19,0
POI0122,Fr,20,0
POI0122,Fr,21,0
POI0122,Fr,22,0
POI0122,Fr,23,0
POI0122,Sa,6,0
POI0122,Sa,7,0
POI0122,Sa,8,0
POI0122,Sa,9,0
POI0122,Sa,10,28
POI0122,Sa,11,46
POI0122,Sa,12,60
POI0122,Sa,13,74
POI0122,Sa,14,87
POI0122,Sa,15,99
POI0122,Sa,16,100
POI0122,Sa,17,80
POI0122,Sa,18,0
POI0122,Sa,19,0
POI0122,Sa,20,0
POI0122,Sa,21,0
POI0122,Sa,22,0
POI0122,Sa,23,0
POI0122,Su,6,0
POI0122,Su,7,0
POI0122,Su,8,0
POI0122,Su,9,0
POI0122,Su,10,27
POI0122,Su,11,42
POI0122,Su,12,56
POI0122,Su,13,68
POI0122,Su,14,82
POI0122,Su,15,91
POI0122,Su,16,86
POI0122,Su,17,65
POI0122,Su,18,0
POI0122,Su,19,0
POI0122,Su,20,0
POI0122,Su,21,0
POI0122,Su,22,0
POI0122,Su,23,0
POI0124,Mo,6,0
POI0124,Mo,7,0
POI0124,Mo,8,0
POI0124,Mo,9,0
POI0124,Mo,10,15
POI0124,Mo,11,17
POI0124,Mo,12,22
POI0124,Mo,13,26
POI0124,Mo,14,39
POI0124,Mo,15,46
POI0124,Mo,16,46
POI0124,Mo,17,44
POI0124,Mo,18,0
POI0124,Mo,19,0
POI0124,Mo,20,0
POI0124,Mo,21,0
POI0124,Mo,22,0
POI0124,Mo,23,0
POI0124,Tu,6,0
POI0124,Tu,7,0
POI0124,Tu,8,0
POI0124,Tu,9,0
POI0124,Tu,10,32
POI0124,Tu,11,40
POI0124,Tu,12,38
POI0124,Tu,13,39
POI0124,Tu,14,40
POI0124,Tu,15,43
POI0124,Tu,16,51
POI0124,Tu,17,56
POI0124,Tu,18,0
POI0124,Tu,19,0
POI0124,Tu,20,0
POI0124,Tu,21,0
POI0124,Tu,22,0
POI0124,Tu,23,0
POI0124,We,6,0
POI0124,We,7,0
POI0124,We,8,0
POI0124,We,9,0
POI0124,We,10,23
POI0124,We,11,22
POI0124,We,12,27
POI0124,We,13,27
POI0124,We,14,26
POI0124,We,15,26
POI0124,We,16,28
POI0124,We,17,32
POI0124,We,18,0
POI0124,We,19,0
POI0124,We,20,0
POI0124,We,21,0
POI0124,We,22,0
POI0124,We,23,0
POI0124,Th,6,0
POI0124,Th,7,0
POI0124,Th,8,0
POI0124,Th,9,0
POI0124,Th,10,35
POI0124,Th,11,46
POI0124,Th,12,44
POI0124,Th,13,47
POI0124,Th,14,40
POI0124,Th,15,38
POI0124,Th,16,48
POI0124,Th,17,61
POI0124,Th,18,0
POI0124,Th,19,0
POI0124,Th,20,0
POI0124,Th,21,0
POI0124,Th,22,0
POI0124,Th,23,0
POI0124,Fr,6,0
POI0124,Fr,7,0
POI0124,Fr,8,0
POI0124,Fr,9,0
POI0124,Fr,10,34
POI0124,Fr,11,35
POI0124,Fr,12,35
POI0124,Fr,13,43
POI0124,Fr,14,47
POI0124,Fr,15,50
POI0124,Fr,16,44
POI0124,Fr,17,44
POI0124,Fr,18,0
POI0124,Fr,19,0
POI0124,Fr,20,0
POI0124,Fr,21,0
POI0124,Fr,22,0
POI0124,Fr,23,0
POI0124,Sa,6,0
POI0124,Sa,7,0
POI0124,Sa,8,0
POI0124,Sa,9,0
POI0124,Sa,10,30
POI0124,Sa,11,36
POI0124,Sa,12,43
POI0124,Sa,13,55
POI0124,Sa,14,68
POI0124,Sa,15,81
POI0124,Sa,16,81
POI0124,Sa,17,77
POI0124,Sa,18,0
POI0124,Sa,19,0
POI0124,Sa,20,0
POI0124,Sa,21,0
POI0124,Sa,22,0
POI0124,Sa,23,0
POI0124,Su,6,0
POI0124,Su,7,0
POI0124,Su,8,0
POI0124,Su,9,0
POI0124,Su,10,67
POI0124,Su,11,96
POI0124,Su,12,100
POI0124,Su,13,77
POI0124,Su,14,71
POI0124,Su,15,77
POI0124,Su,16,84
POI0124,Su,17,73
POI0124,Su,18,0
POI0124,Su,19,0
POI0124,Su,20,0
POI0124,Su,21,0
POI0124,Su,22,0
POI0124,Su,23,0
POI0126,Mo,6,0
POI0126,Mo,7,0
POI0126,Mo,8,0
POI0126,Mo,9,18
POI0126,Mo,10,30
POI0126,Mo,11,43
POI0126,Mo,12,55
POI0126,Mo,13,62
POI0126,Mo,14,61
POI0126,Mo,15,59
POI0126,Mo,16,56
POI0126,Mo,17,49
POI0126,Mo,18,38
POI0126,Mo,19,0
POI0126,Mo,20,0
POI0126,Mo,21,0
POI0126,Mo,22,0
POI0126,Mo,23,0
POI0126,Tu,6,0
POI0126,Tu,7,0
POI0126,Tu,8,0
POI0126,Tu,9,18
POI0126,Tu,10,30
POI0126,Tu,11,43
POI0126,Tu,12,54
POI0126,Tu,13,59
POI0126,Tu,14,58
POI0126,Tu,15,56
POI0126,Tu,16,55
POI0126,Tu,17,51
POI0126,Tu,18,44
POI0126,Tu,19,0
POI0126,Tu,20,0
POI0126,Tu,21,0
POI0126,Tu,22,0
POI0126,Tu,23,0
POI0126,We,6,0
POI0126,We,7,0
POI0126,We,8,0
POI0126,We,9,16
POI0126,We,10,28
POI0126,We,11,42
POI0126,We,12,57
POI0126,We,13,63
POI0126,We,14,61
POI0126,We,15,57
POI0126,We,16,55
POI0126,We,17,51
POI0126,We,18,44
POI0126,We,19,0
POI0126,We,20,0
POI0126,We,21,0
POI0126,We,22,0
POI0126,We,23,0
POI0126,Th,6,0
POI0126,Th,7,0
POI0126,Th,8,0
POI0126,Th,9,19
POI0126,Th,10,33
POI0126,Th,11,49
POI0126,Th,12,61
POI0126,Th,13,66
POI0126,Th,14,63
POI0126,Th,15,61
POI0126,Th,16,61
POI0126,Th,17,57
POI0126,Th,18,50
POI0126,Th,19,0
POI0126,Th,20,0
POI0126,Th,21,0
POI0126,Th,22,0
POI0126,Th,23,0
POI0126,Fr,6,0
POI0126,Fr,7,0
POI0126,Fr,8,0
POI0126,Fr,9,18
POI0126,Fr,10,32
POI0126,Fr,11,47
POI0126,Fr,12,58
POI0126,Fr,13,64
POI0126,Fr,14,66
POI0126,Fr,15,69
POI0126,Fr,16,69
POI0126,Fr,17,64
POI0126,Fr,18,54
POI0126,Fr,19,0
POI0126,Fr,20,0
POI0126,Fr,21,0
POI0126,Fr,22,0
POI0126,Fr,23,0
POI0126,Sa,6,0
POI0126,Sa,7,0
POI0126,Sa,8,0
POI0126,Sa,9,20
POI0126,Sa,10,37
POI0126,Sa,11,53
POI0126,Sa,12,63
POI0126,Sa,13,72
POI0126,Sa,14,81
POI0126,Sa,15,93
POI0126,Sa,16,100
POI0126,Sa,17,96
POI0126,Sa,18,78
POI0126,Sa,19,0
POI0126,Sa,20,0
POI0126,Sa,21,0
POI0126,Sa,22,0
POI0126,Sa,23,0
POI0126,Su,6,0
POI0126,Su,7,0
POI0126,Su,8,0
POI0126,Su,9,17
POI0126,Su,10,32
POI0126,Su,11,43
POI0126,Su,12,48
POI0126,Su,13,52
POI0126,Su,14,59
POI0126,Su,15,71
POI0126,Su,16,77
POI0126,Su,17,72
POI0126,Su,18,55
POI0126,Su,19,0
POI0126,Su,20,0
POI0126,Su,21,0
POI0126,Su,22,0
POI0126,Su,23,0
POI0128,Mo,6,0
POI0128,Mo,7,0
POI0128,Mo,8,0
POI0128,Mo,9,0
POI0128,Mo,10,0
POI0128,Mo,11,0
POI0128,Mo,12,48
POI0128,Mo,13,65
POI0128,Mo,14,75
POI0128,Mo,15,79
POI0128,Mo,16,81
POI0128,Mo,17,77
POI0128,Mo,18,71
POI0128,Mo,19,64
POI0128,Mo,20,54
POI0128,Mo,21,40
POI0128,Mo,22,0
POI0128,Mo,23,0
POI0128,We,6,0
POI0128,We,7,0
POI0128,We,8,0
POI0128,We,9,0
POI0128,We,10,0
POI0128,We,11,0
POI0128,We,12,59
POI0128,We,13,68
POI0128,We,14,70
POI0128,We,15,65
POI0128,We,16,62
POI0128,We,17,60
POI0128,We,18,64
POI0128,We,19,69
POI0128,We,20,64
POI0128,We,21,55
POI0128,We,22,0
POI0128,We,23,0
POI0128,Th,6,0
POI0128,Th,7,0
POI0128,Th,8,0
POI0128,Th,9,0
POI0128,Th,10,0
POI0128,Th,11,0
POI0128,Th,12,48
POI0128,Th,13,59
POI0128,Th,14,66
POI0128,Th,15,66
POI0128,Th,16,71
POI0128,Th,17,78
POI0128,Th,18,86
POI0128,Th,19,92
POI0128,Th,21,76
POI0128,Th,22,61
POI0128,Th,23,49
POI0128,Fr,6,0
POI0128,Fr,7,0
POI0128,Fr,8,0
POI0128,Fr,9,0
POI0128,Fr,10,0
POI0128,Fr,11,0
POI0128,Fr,12,44
POI0128,Fr,13,60
POI0128,Fr,14,72
POI0128,Fr,15,74
POI0128,Fr,16,72
POI0128,Fr,17,65
POI0128,Fr,18,58
POI0128,Fr,19,54
POI0128,Fr,20,52
POI0128,Fr,21,46
POI0128,Fr,22,0
POI0128,Fr,23,0
POI0128,Sa,6,0
POI0128,Sa,7,0
POI0128,Sa,8,0
POI0128,Sa,9,0
POI0128,Sa,10,0
POI0128,Sa,11,0
POI0128,Sa,12,76
POI0128,Sa,13,92
POI0128,Sa,14,98
POI0128,Sa,15,99
POI0128,Sa,16,100
POI0128,Sa,17,94
POI0128,Sa,18,85
POI0128,Sa,19,79
POI0128,Sa,20,70
POI0128,Sa,21,62
POI0128,Sa,22,0
POI0128,Sa,23,0
POI0128,Su,6,0
POI0128,Su,7,0
POI0128,Su,8,0
POI0128,Su,9,0
POI0128,Su,10,0
POI0128,Su,11,0
POI0128,Su,12,39
POI0128,Su,13,57
POI0128,Su,14,79
POI0128,Su,15,90
POI0128,Su,16,93
POI0128,Su,17,85
POI0128,Su,18,75
POI0128,Su,19,67
POI0128,Su,20,60
POI0128,Su,21,51
POI0128,Su,22,0
POI0128,Su,23,0
POI0129,Mo,0,19
POI0129,Mo,1,15
POI0129,Mo,6,0
POI0129,Mo,7,14
POI0129,Mo,8,22
POI0129,Mo,9,24
POI0129,Mo,10,22
POI0129,Mo,11,22
POI0129,Mo,12,33
POI0129,Mo,13,45
POI0129,Mo,14,42
POI0129,Mo,15,45
POI0129,Mo,16,49
POI0129,Mo,17,56
POI0129,Mo,18,57
POI0129,Mo,19,64
POI0129,Mo,20,63
POI0129,Mo,21,61
POI0129,Mo,22,45
POI0129,Mo,23,28
POI0129,Tu,0,36
POI0129,Tu,1,31
POI0129,Tu,6,0
POI0129,Tu,7,17
POI0129,Tu,8,22
POI0129,Tu,9,26
POI0129,Tu,10,28
POI0129,Tu,11,35
POI0129,Tu,12,50
POI0129,Tu,13,56
POI0129,Tu,14,52
POI0129,Tu,15,45
POI0129,Tu,16,52
POI0129,Tu,17,64
POI0129,Tu,18,59
POI0129,Tu,19,52
POI0129,Tu,20,45
POI0129,Tu,21,50
POI0129,Tu,22,49
POI0129,Tu,23,47
POI0129,We,0,22
POI0129,We,1,15
POI0129,We,6,0
POI0129,We,7,12
POI0129,We,8,19
POI0129,We,9,24
POI0129,We,10,36
POI0129,We,11,45
POI0129,We,12,50
POI0129,We,13,56
POI0129,We,14,56
POI0129,We,15,54
POI0129,We,16,57
POI0129,We,17,66
POI0129,We,18,61
POI0129,We,19,52
POI0129,We,20,43
POI0129,We,21,42
POI0129,We,22,40
POI0129,We,23,31
POI0129,Th,0,33
POI0129,Th,1,15
POI0129,Th,6,0
POI0129,Th,7,24
POI0129,Th,8,24
POI0129,Th,9,35
POI0129,Th,10,33
POI0129,Th,11,33
POI0129,Th,12,36
POI0129,Th,13,42
POI0129,Th,14,42
POI0129,Th,15,38
POI0129,Th,16,45
POI0129,Th,17,61
POI0129,Th,18,75
POI0129,Th,19,77
POI0129,Th,21,66
POI0129,Th,22,64
POI0129,Th,23,49
POI0129,Fr,0,33
POI0129,Fr,1,15
POI0129,Fr,6,0
POI0129,Fr,7,17
POI0129,Fr,8,31
POI0129,Fr,9,42
POI0129,Fr,10,50
POI0129,Fr,11,47
POI0129,Fr,12,49
POI0129,Fr,13,47
POI0129,Fr,14,42
POI0129,Fr,15,36
POI0129,Fr,16,42
POI0129,Fr,17,42
POI0129,Fr,18,47
POI0129,Fr,19,54
POI0129,Fr,20,68
POI0129,Fr,21,75
POI0129,Fr,22,73
POI0129,Fr,23,56
POI0129,Sa,0,40
POI0129,Sa,1,24
POI0129,Sa,2,10
POI0129,Sa,6,0
POI0129,Sa,7,22
POI0129,Sa,8,26
POI0129,Sa,9,29
POI0129,Sa,10,31
POI0129,Sa,11,29
POI0129,Sa,12,35
POI0129,Sa,13,47
POI0129,Sa,14,52
POI0129,Sa,15,57
POI0129,Sa,16,70
POI0129,Sa,17,98
POI0129,Sa,18,100
POI0129,Sa,19,98
POI0129,Sa,20,84
POI0129,Sa,21,75
POI0129,Sa,22,68
POI0129,Sa,23,57
POI0129,Su,0,22
POI0129,Su,1,14
POI0129,Su,2,12
POI0129,Su,6,0
POI0129,Su,7,12
POI0129,Su,8,17
POI0129,Su,9,15
POI0129,Su,10,17
POI0129,Su,11,22
POI0129,Su,12,31
POI0129,Su,13,50
POI0129,Su,14,57
POI0129,Su,15,61
POI0129,Su,16,64
POI0129,Su,17,75
POI0129,Su,18,80
POI0129,Su,19,68
POI0129,Su,20,52
POI0129,Su,21,38
POI0129,Su,22,35
POI0129,Su,23,31
POI0131,Mo,6,0
POI0131,Mo,7,15
POI0131,Mo,8,13
POI0131,Mo,9,16
POI0131,Mo,10,16
POI0131,Mo,11,17
POI0131,Mo,12,19
POI0131,Mo,13,19
POI0131,Mo,14,19
POI0131,Mo,15,19
POI0131,Mo,16,19
POI0131,Mo,17,25
POI0131,Mo,18,28
POI0131,Mo,19,32
POI0131,Mo,20,0
POI0131,Mo,21,0
POI0131,Mo,22,0
POI0131,Mo,23,0
POI0131,Tu,6,0
POI0131,Tu,7,11
POI0131,Tu,8,15
POI0131,Tu,9,19
POI0131,Tu,10,23
POI0131,Tu,11,18
POI0131,Tu,12,15
POI0131,Tu,13,14
POI0131,Tu,14,16
POI0131,Tu,15,22
POI0131,Tu,16,27
POI0131,Tu,17,32
POI0131,Tu,18,32
POI0131,Tu,19,26
POI0131,Tu,20,0
POI0131,Tu,21,0
POI0131,Tu,22,0
POI0131,Tu,23,0
POI0131,We,6,0
POI0131,We,7,11
POI0131,We,8,11
POI0131,We,9,14
POI0131,We,10,15
POI0131,We,11,19
POI0131,We,12,22
POI0131,We,13,21
POI0131,We,14,21
POI0131,We,15,20
POI0131,We,16,22
POI0131,We,17,26
POI0131,We,18,30
POI0131,We,19,23
POI0131,We,20,0
POI0131,We,21,0
POI0131,We,22,0
POI0131,We,23,0
POI0131,Th,6,0
POI0131,Th,7,11
POI0131,Th,8,14
POI0131,Th,9,16
POI0131,Th,10,21
POI0131,Th,11,23
POI0131,Th,12,22
POI0131,Th,13,19
POI0131,Th,14,15
POI0131,Th,15,15
POI0131,Th,16,19
POI0131,Th,17,26
POI0131,Th,18,32
POI0131,Th,19,30
POI0131,Th,20,0
POI0131,Th,21,0
POI0131,Th,22,0
POI0131,Th,23,0
POI0131,Fr,6,0
POI0131,Fr,7,4
POI0131,Fr,8,9
POI0131,Fr,9,12
POI0131,Fr,10,16
POI0131,Fr,11,16
POI0131,Fr,12,18
POI0131,Fr,13,20
POI0131,Fr,14,22
POI0131,Fr,15,26
POI0131,Fr,16,33
POI0131,Fr,17,39
POI0131,Fr,18,39
POI0131,Fr,19,34
POI0131,Fr,20,0
POI0131,Fr,21,0
POI0131,Fr,22,0
POI0131,Fr,23,0
POI0131,Sa,6,0
POI0131,Sa,7,11
POI0131,Sa,8,10
POI0131,Sa,9,15
POI0131,Sa,10,17
POI0131,Sa,11,19
POI0131,Sa,12,17
POI0131,Sa,13,15
POI0131,Sa,14,15
POI0131,Sa,15,15
POI0131,Sa,16,18
POI0131,Sa,17,20
POI0131,Sa,18,21
POI0131,Sa,19,20
POI0131,Sa,20,0
POI0131,Sa,21,0
POI0131,Sa,22,0
POI0131,Sa,23,0
POI0131,Su,6,0
POI0131,Su,7,39
POI0131,Su,8,65
POI0131,Su,9,80
POI0131,Su,10,100
POI0131,Su,11,87
POI0131,Su,12,79
POI0131,Su,13,50
POI0131,Su,14,32
POI0131,Su,15,20
POI0131,Su,16,23
POI0131,Su,17,38
POI0131,Su,18,58
POI0131,Su,19,61
POI0131,Su,20,0
POI0131,Su,21,0
POI0131,Su,22,0
POI0131,Su,23,0
POI0134,Mo,0,15
POI0134,Mo,1,5
POI0134,Mo,2,1
POI0134,Mo,3,0
POI0134,Mo,4,0
POI0134,Mo,5,1
POI0134,Mo,6,2
POI0134,Mo,7,4
POI0134,Mo,8,8
POI0134,Mo,9,14
POI0134,Mo,10,21
POI0134,Mo,11,27
POI0134,Mo,12,32
POI0134,Mo,13,36
POI0134,Mo,14,40
POI0134,Mo,15,42
POI0134,Mo,16,43
POI0134,Mo,17,43
POI0134,Mo,18,44
POI0134,Mo,19,49
POI0134,Mo,20,58
POI0134,Mo,21,63
POI0134,Mo,22,54
POI0134,Mo,23,34
POI0134,Tu,0,17
POI0134,Tu,1,5
POI0134,Tu,2,1
POI0134,Tu,3,0
POI0134,Tu,4,0
POI0134,Tu,5,1
POI0134,Tu,6,2
POI0134,Tu,7,5
POI0134,Tu,8,8
POI0134,Tu,9,14
POI0134,Tu,10,20
POI0134,Tu,11,25
POI0134,Tu,12,29
POI0134,Tu,13,32
POI0134,Tu,14,34
POI0134,Tu,15,36
POI0134,Tu,16,38
POI0134,Tu,17,40
POI0134,Tu,18,45
POI0134,Tu,19,52
POI0134,Tu,20,62
POI0134,Tu,21,67
POI0134,Tu,22,58
POI0134,Tu,23,38
POI0134,We,0,20
POI0134,We,1,6
POI0134,We,2,1
POI0134,We,3,0
POI0134,We,4,1
POI0134,We,5,1
POI0134,We,6,2
POI0134,We,7,4
POI0134,We,8,8
POI0134,We,9,14
POI0134,We,10,20
POI0134,We,11,25
POI0134,We,12,29
POI0134,We,13,31
POI0134,We,14,34
POI0134,We,15,36
POI0134,We,16,38
POI0134,We,17,38
POI0134,We,18,41
POI0134,We,19,48
POI0134,We,20,59
POI0134,We,21,68
POI0134,We,22,63
POI0134,We,23,44
POI0134,Th,0,20
POI0134,Th,1,7
POI0134,Th,2,2
POI0134,Th,3,0
POI0134,Th,4,0
POI0134,Th,5,1
POI0134,Th,6,2
POI0134,Th,7,4
POI0134,Th,8,8
POI0134,Th,9,13
POI0134,Th,10,20
POI0134,Th,11,26
POI0134,Th,12,30
POI0134,Th,13,33
POI0134,Th,14,36
POI0134,Th,15,39
POI0134,Th,16,42
POI0134,Th,17,44
POI0134,Th,18,49
POI0134,Th,19,56
POI0134,Th,21,70
POI0134,Th,22,62
POI0134,Th,23,42
POI0134,Fr,0,23
POI0134,Fr,1,9
POI0134,Fr,2,2
POI0134,Fr,3,1
POI0134,Fr,4,0
POI0134,Fr,5,1
POI0134,Fr,6,2
POI0134,Fr,7,5
POI0134,Fr,8,10
POI0134,Fr,9,17
POI0134,Fr,10,24
POI0134,Fr,11,30
POI0134,Fr,12,34
POI0134,Fr,13,37
POI0134,Fr,14,40
POI0134,Fr,15,43
POI0134,Fr,16,46
POI0134,Fr,17,48
POI0134,Fr,18,51
POI0134,Fr,19,57
POI0134,Fr,20,66
POI0134,Fr,21,72
POI0134,Fr,22,67
POI0134,Fr,23,48
POI0134,Sa,0,34
POI0134,Sa,1,13
POI0134,Sa,2,3
POI0134,Sa,3,1
POI0134,Sa,4,1
POI0134,Sa,5,1
POI0134,Sa,6,2
POI0134,Sa,7,5
POI0134,Sa,8,11
POI0134,Sa,9,19
POI0134,Sa,10,29
POI0134,Sa,11,39
POI0134,Sa,12,45
POI0134,Sa,13,50
POI0134,Sa,14,57
POI0134,Sa,15,65
POI0134,Sa,16,72
POI0134,Sa,17,76
POI0134,Sa,18,79
POI0134,Sa,19,84
POI0134,Sa,20,93
POI0134,Sa,21,100
POI0134,Sa,22,91
POI0134,Sa,23,67
POI0134,Su,0,19
POI0134,Su,1,6
POI0134,Su,2,1
POI0134,Su,3,0
POI0134,Su,4,0
POI0134,Su,5,1
POI0134,Su,6,1
POI0134,Su,7,4
POI0134,Su,8,7
POI0134,Su,9,15
POI0134,Su,10,24
POI0134,Su,11,33
POI0134,Su,12,40
POI0134,Su,13,45
POI0134,Su,14,50
POI0134,Su,15,54
POI0134,Su,16,57
POI0134,Su,17,58
POI0134,Su,18,59
POI0134,Su,19,63
POI0134,Su,20,69
POI0134,Su,21,72
POI0134,Su,22,62
POI0134,Su,23,42
POI0137,Tu,6,0
POI0137,Tu,7,0
POI0137,Tu,8,0
POI0137,Tu,9,27
POI0137,Tu,10,44
POI0137,Tu,11,55
POI0137,Tu,12,60
POI0137,Tu,13,63
POI0137,Tu,14,67
POI0137,Tu,15,66
POI0137,Tu,16,58
POI0137,Tu,17,42
POI0137,Tu,18,0
POI0137,Tu,19,0
POI0137,Tu,20,0
POI0137,Tu,21,0
POI0137,Tu,22,0
POI0137,Tu,23,0
POI0137,We,6,0
POI0137,We,7,0
POI0137,We,8,0
POI0137,We,9,27
POI0137,We,10,42
POI0137,We,11,51
POI0137,We,12,55
POI0137,We,13,57
POI0137,We,14,58
POI0137,We,15,56
POI0137,We,16,48
POI0137,We,17,34
POI0137,We,18,0
POI0137,We,19,0
POI0137,We,20,0
POI0137,We,21,0
POI0137,We,22,0
POI0137,We,23,0
POI0137,Th,6,0
POI0137,Th,7,0
POI0137,Th,8,0
POI0137,Th,9,25
POI0137,Th,10,35
POI0137,Th,11,45
POI0137,Th,12,48
POI0137,Th,13,56
POI0137,Th,14,64
POI0137,Th,15,68
POI0137,Th,16,62
POI0137,Th,17,44
POI0137,Th,18,0
POI0137,Th,19,0
POI0137,Th,20,0
POI0137,Th,21,0
POI0137,Th,22,0
POI0137,Th,23,0
POI0137,Fr,6,0
POI0137,Fr,7,0
POI0137,Fr,8,0
POI0137,Fr,9,24
POI0137,Fr,10,38
POI0137,Fr,11,49
POI0137,Fr,12,55
POI0137,Fr,13,60
POI0137,Fr,14,64
POI0137,Fr,15,68
POI0137,Fr,16,65
POI0137,Fr,17,50
POI0137,Fr,18,0
POI0137,Fr,19,0
POI0137,Fr,20,0
POI0137,Fr,21,0
POI0137,Fr,22,0
POI0137,Fr,23,0
POI0137,Sa,6,0
POI0137,Sa,7,0
POI0137,Sa,8,0
POI0137,Sa,9,25
POI0137,Sa,10,41
POI0137,Sa,11,56
POI0137,Sa,12,64
POI0137,Sa,13,70
POI0137,Sa,14,80
POI0137,Sa,15,89
POI0137,Sa,16,86
POI0137,Sa,17,66
POI0137,Sa,18,0
POI0137,Sa,19,0
POI0137,Sa,20,0
POI0137,Sa,21,0
POI0137,Sa,22,0
POI0137,Sa,23,0
POI0137,Su,6,0
POI0137,Su,7,0
POI0137,Su,8,0
POI0137,Su,9,24
POI0137,Su,10,42
POI0137,Su,11,59
POI0137,Su,12,71
POI0137,Su,13,81
POI0137,Su,14,91
POI0137,Su,15,100
POI0137,Su,16,92
POI0137,Su,17,70
POI0137,Su,18,0
POI0137,Su,19,0
POI0137,Su,20,0
POI0137,Su,21,0
POI0137,Su,22,0
POI0137,Su,23,0
POI0139,Mo,6,0
POI0139,Mo,7,9
POI0139,Mo,8,12
POI0139,Mo,9,14
POI0139,Mo,10,17
POI0139,Mo,11,23
POI0139,Mo,12,28
POI0139,Mo,13,35
POI0139,Mo,14,41
POI0139,Mo,15,49
POI0139,Mo,16,53
POI0139,Mo,17,53
POI0139,Mo,18,44
POI0139,Mo,19,30
POI0139,Mo,20,18
POI0139,Mo,21,10
POI0139,Mo,22,0
POI0139,Mo,23,0
POI0139,Th,6,0
POI0139,Th,7,8
POI0139,Th,8,13
POI0139,Th,9,15
POI0139,Th,10,20
POI0139,Th,11,25
POI0139,Th,12,29
POI0139,Th,13,33
POI0139,Th,14,36
POI0139,Th,15,42
POI0139,Th,16,46
POI0139,Th,17,46
POI0139,Th,18,40
POI0139,Th,19,30
POI0139,Th,20,20
POI0139,Th,21,13
POI0139,Th,22,0
POI0139,Th,23,0
POI0139,Fr,6,0
POI0139,Fr,7,6
POI0139,Fr,8,10
POI0139,Fr,9,14
POI0139,Fr,10,18
POI0139,Fr,11,22
POI0139,Fr,12,27
POI0139,Fr,13,34
POI0139,Fr,14,43
POI0139,Fr,15,52
POI0139,Fr,16,58
POI0139,Fr,17,55
POI0139,Fr,18,45
POI0139,Fr,19,31
POI0139,Fr,20,20
POI0139,Fr,21,14
POI0139,Fr,22,0
POI0139,Fr,23,0
POI0139,Sa,6,0
POI0139,Sa,7,3
POI0139,Sa,8,6
POI0139,Sa,9,11
POI0139,Sa,10,18
POI0139,Sa,11,25
POI0139,Sa,12,32
POI0139,Sa,13,42
POI0139,Sa,14,58
POI0139,Sa,15,79
POI0139,Sa,16,93
POI0139,Sa,17,90
POI0139,Sa,18,69
POI0139,Sa,19,45
POI0139,Sa,20,27
POI0139,Sa,21,17
POI0139,Sa,22,0
POI0139,Sa,23,0
POI0139,Su,6,0
POI0139,Su,7,4
POI0139,Su,8,5
POI0139,Su,9,10
POI0139,Su,10,18
POI0139,Su,11,27
POI0139,Su,12,37
POI0139,Su,13,50
POI0139,Su,14,68
POI0139,Su,15,89
POI0139,Su,16,100
POI0139,Su,17,93
POI0139,Su,18,69
POI0139,Su,19,43
POI0139,Su,20,22
POI0139,Su,21,12
POI0139,Su,22,0
POI0139,Su,23,0
POI0144,Mo,6,0
POI0144,Mo,7,0
POI0144,Mo,8,0
POI0144,Mo,9,0
POI0144,Mo,10,0
POI0144,Mo,11,0
POI0144,Mo,12,43
POI0144,Mo,13,46
POI0144,Mo,14,47
POI0144,Mo,15,43
POI0144,Mo,16,41
POI0144,Mo,17,38
POI0144,Mo,18,43
POI0144,Mo,19,55
POI0144,Mo,20,64
POI0144,Mo,21,65
POI0144,Mo,22,53
POI0144,Mo,23,34
POI0144,Tu,6,0
POI0144,Tu,7,0
POI0144,Tu,8,0
POI0144,Tu,9,0
POI0144,Tu,10,0
POI0144,Tu,11,0
POI0144,Tu,12,30
POI0144,Tu,13,35
POI0144,Tu,14,38
POI0144,Tu,15,38
POI0144,Tu,16,42
POI0144,Tu,17,43
POI0144,Tu,18,56
POI0144,Tu,19,65
POI0144,Tu,20,76
POI0144,Tu,21,74
POI0144,Tu,22,64
POI0144,Tu,23,45
POI0144,We,6,0
POI0144,We,7,0
POI0144,We,8,0
POI0144,We,9,0
POI0144,We,10,0
POI0144,We,11,0
POI0144,We,12,28
POI0144,We,13,36
POI0144,We,14,36
POI0144,We,15,30
POI0144,We,16,26
POI0144,We,17,28
POI0144,We,18,43
POI0144,We,19,53
POI0144,We,20,54
POI0144,We,21,51
POI0144,We,22,47
POI0144,We,23,35
POI0144,Th,6,0
POI0144,Th,7,0
POI0144,Th,8,0
POI0144,Th,9,0
POI0144,Th,10,0
POI0144,Th,11,0
POI0144,Th,12,38
POI0144,Th,13,44
POI0144,Th,14,47
POI0144,Th,15,42
POI0144,Th,16,41
POI0144,Th,17,41
POI0144,Th,18,45
POI0144,Th,19,56
POI0144,Th,21,74
POI0144,Th,22,64
POI0144,Th,23,42
POI0144,Fr,6,0
POI0144,Fr,7,0
POI0144,Fr,8,0
POI0144,Fr,9,0
POI0144,Fr,10,0
POI0144,Fr,11,0
POI0144,Fr,12,33
POI0144,Fr,13,37
POI0144,Fr,14,37
POI0144,Fr,15,48
POI0144,Fr,16,48
POI0144,Fr,17,48
POI0144,Fr,18,54
POI0144,Fr,19,62
POI0144,Fr,20,73
POI0144,Fr,21,71
POI0144,Fr,22,61
POI0144,Fr,23,41
POI0144,Sa,6,0
POI0144,Sa,7,0
POI0144,Sa,8,0
POI0144,Sa,9,0
POI0144,Sa,10,0
POI0144,Sa,11,0
POI0144,Sa,12,47
POI0144,Sa,13,64
POI0144,Sa,14,71
POI0144,Sa,15,60
POI0144,Sa,16,50
POI0144,Sa,17,50
POI0144,Sa,18,55
POI0144,Sa,19,75
POI0144,Sa,20,93
POI0144,Sa,21,100
POI0144,Sa,22,92
POI0144,Sa,23,65
POI0144,Su,6,0
POI0144,Su,7,0
POI0144,Su,8,0
POI0144,Su,9,0
POI0144,Su,10,0
POI0144,Su,11,0
POI0144,Su,12,28
POI0144,Su,13,46
POI0144,Su,14,45
POI0144,Su,15,47
POI0144,Su,16,45
POI0144,Su,17,53
POI0144,Su,18,64
POI0144,Su,19,68
POI0144,Su,20,76
POI0144,Su,21,68
POI0144,Su,22,54
POI0144,Su,23,36
POI0146,Tu,6,0
POI0146,Tu,7,0
POI0146,Tu,8,6
POI0146,Tu,9,11
POI0146,Tu,10,21
POI0146,Tu,11,34
POI0146,Tu,12,49
POI0146,Tu,13,57
POI0146,Tu,14,56
POI0146,Tu,15,47
POI0146,Tu,16,39
POI0146,Tu,17,31
POI0146,Tu,18,25
POI0146,Tu,19,18
POI0146,Tu,20,12
POI0146,Tu,21,0
POI0146,Tu,22,0
POI0146,Tu,23,0
POI0146,We,6,0
POI0146,We,7,0
POI0146,We,8,7
POI0146,We,9,12
POI0146,We,10,22
POI0146,We,11,34
POI0146,We,12,50
POI0146,We,13,55
POI0146,We,14,51
POI0146,We,15,43
POI0146,We,16,35
POI0146,We,17,28
POI0146,We,18,24
POI0146,We,19,18
POI0146,We,20,13
POI0146,We,21,0
POI0146,We,22,0
POI0146,We,23,0
POI0146,Th,6,0
POI0146,Th,7,0
POI0146,Th,8,7
POI0146,Th,9,10
POI0146,Th,10,20
POI0146,Th,11,33
POI0146,Th,12,51
POI0146,Th,13,60
POI0146,Th,14,59
POI0146,Th,15,50
POI0146,Th,16,40
POI0146,Th,17,34
POI0146,Th,18,28
POI0146,Th,19,23
POI0146,Th,20,15
POI0146,Th,21,0
POI0146,Th,22,0
POI0146,Th,23,0
POI0146,Fr,6,0
POI0146,Fr,7,0
POI0146,Fr,8,7
POI0146,Fr,9,12
POI0146,Fr,10,23
POI0146,Fr,11,40
POI0146,Fr,12,62
POI0146,Fr,13,74
POI0146,Fr,14,72
POI0146,Fr,15,62
POI0146,Fr,16,52
POI0146,Fr,17,43
POI0146,Fr,18,35
POI0146,Fr,19,26
POI0146,Fr,20,17
POI0146,Fr,21,0
POI0146,Fr,22,0
POI0146,Fr,23,0
POI0146,Sa,6,0
POI0146,Sa,7,0
POI0146,Sa,8,6
POI0146,Sa,9,13
POI0146,Sa,10,28
POI0146,Sa,11,54
POI0146,Sa,12,82
POI0146,Sa,13,100
POI0146,Sa,14,100
POI0146,Sa,15,92
POI0146,Sa,16,81
POI0146,Sa,17,70
POI0146,Sa,18,57
POI0146,Sa,19,40
POI0146,Sa,20,23
POI0146,Sa,21,0
POI0146,Sa,22,0
POI0146,Sa,23,0
POI0146,Su,6,0
POI0146,Su,7,0
POI0146,Su,8,4
POI0146,Su,9,11
POI0146,Su,10,27
POI0146,Su,11,50
POI0146,Su,12,77
POI0146,Su,13,90
POI0146,Su,14,86
POI0146,Su,15,71
POI0146,Su,16,50
POI0146,Su,17,0
POI0146,Su,18,0
POI0146,Su,19,0
POI0146,Su,20,0
POI0146,Su,21,0
POI0146,Su,22,0
POI0146,Su,23,0
POI0149,Mo,6,0
POI0149,Mo,7,0
POI0149,Mo,8,0
POI0149,Mo,9,13
POI0149,Mo,10,22
POI0149,Mo,11,32
POI0149,Mo,12,41
POI0149,Mo,13,50
POI0149,Mo,14,56
POI0149,Mo,15,60
POI0149,Mo,16,57
POI0149,Mo,17,47
POI0149,Mo,18,0
POI0149,Mo,19,0
POI0149,Mo,20,0
POI0149,Mo,21,0
POI0149,Mo,22,0
POI0149,Mo,23,0
POI0149,Tu,6,0
POI0149,Tu,7,0
POI0149,Tu,8,0
POI0149,Tu,9,15
POI0149,Tu,10,23
POI0149,Tu,11,31
POI0149,Tu,12,39
POI0149,Tu,13,44
POI0149,Tu,14,46
POI0149,Tu,15,46
POI0149,Tu,16,43
POI0149,Tu,17,35
POI0149,Tu,18,0
POI0149,Tu,19,0
POI0149,Tu,20,0
POI0149,Tu,21,0
POI0149,Tu,22,0
POI0149,Tu,23,0
POI0149,We,6,0
POI0149,We,7,0
POI0149,We,8,0
POI0149,We,9,14
POI0149,We,10,22
POI0149,We,11,29
POI0149,We,12,37
POI0149,We,13,44
POI0149,We,14,50
POI0149,We,15,53
POI0149,We,16,49
POI0149,We,17,36
POI0149,We,18,0
POI0149,We,19,0
POI0149,We,20,0
POI0149,We,21,0
POI0149,We,22,0
POI0149,We,23,0
POI0149,Th,6,0
POI0149,Th,7,0
POI0149,Th,8,0
POI0149,Th,9,15
POI0149,Th,10,23
POI0149,Th,11,32
POI0149,Th,12,41
POI0149,Th,13,47
POI0149,Th,14,49
POI0149,Th,15,49
POI0149,Th,16,46
POI0149,Th,17,38
POI0149,Th,18,0
POI0149,Th,19,0
POI0149,Th,20,0
POI0149,Th,21,0
POI0149,Th,22,0
POI0149,Th,23,0
POI0149,Fr,6,0
POI0149,Fr,7,0
POI0149,Fr,8,0
POI0149,Fr,9,19
POI0149,Fr,10,29
POI0149,Fr,11,38
POI0149,Fr,12,44
POI0149,Fr,13,48
POI0149,Fr,14,52
POI0149,Fr,15,54
POI0149,Fr,16,53
POI0149,Fr,17,46
POI0149,Fr,18,0
POI0149,Fr,19,0
POI0149,Fr,20,0
POI0149,Fr,21,0
POI0149,Fr,22,0
POI0149,Fr,23,0
POI0149,Sa,6,0
POI0149,Sa,7,0
POI0149,Sa,8,0
POI0149,Sa,9,20
POI0149,Sa,10,32
POI0149,Sa,11,44
POI0149,Sa,12,58
POI0149,Sa,13,70
POI0149,Sa,14,85
POI0149,Sa,15,94
POI0149,Sa,16,91
POI0149,Sa,17,78
POI0149,Sa,18,58
POI0149,Sa,19,37
POI0149,Sa,20,0
POI0149,Sa,21,0
POI0149,Sa,22,0
POI0149,Sa,23,0
POI0149,Su,6,0
POI0149,Su,7,0
POI0149,Su,8,0
POI0149,Su,9,19
POI0149,Su,10,31
POI0149,Su,11,45
POI0149,Su,12,56
POI0149,Su,13,71
POI0149,Su,14,85
POI0149,Su,15,100
POI0149,Su,16,98
POI0149,Su,17,83
POI0149,Su,18,59
POI0149,Su,19,37
POI0149,Su,20,0
POI0149,Su,21,0
POI0149,Su,22,0
POI0149,Su,23,0
POI0151,Mo,6,0
POI0151,Mo,7,0
POI0151,Mo,8,0
POI0151,Mo,9,0
POI0151,Mo,10,42
POI0151,Mo,11,61
POI0151,Mo,12,74
POI0151,Mo,13,81
POI0151,Mo,14,85
POI0151,Mo,15,86
POI0151,Mo,16,76
POI0151,Mo,17,57
POI0151,Mo,18,0
POI0151,Mo,19,0
POI0151,Mo,20,0
POI0151,Mo,21,0
POI0151,Mo,22,0
POI0151,Mo,23,0
POI0151,Tu,6,0
POI0151,Tu,7,0
POI0151,Tu,8,0
POI0151,Tu,9,0
POI0151,Tu,10,46
POI0151,Tu,11,62
POI0151,Tu,12,72
POI0151,Tu,13,78
POI0151,Tu,14,85
POI0151,Tu,15,87
POI0151,Tu,16,78
POI0151,Tu,17,59
POI0151,Tu,18,0
POI0151,Tu,19,0
POI0151,Tu,20,0
POI0151,Tu,21,0
POI0151,Tu,22,0
POI0151,Tu,23,0
POI0151,We,6,0
POI0151,We,7,0
POI0151,We,8,0
POI0151,We,9,0
POI0151,We,10,36
POI0151,We,11,50
POI0151,We,12,59
POI0151,We,13,68
POI0151,We,14,75
POI0151,We,15,76
POI0151,We,16,67
POI0151,We,17,49
POI0151,We,18,0
POI0151,We,19,0
POI0151,We,20,0
POI0151,We,21,0
POI0151,We,22,0
POI0151,We,23,0
POI0151,Th,6,0
POI0151,Th,7,0
POI0151,Th,8,0
POI0151,Th,9,0
POI0151,Th,10,41
POI0151,Th,11,57
POI0151,Th,12,69
POI0151,Th,13,76
POI0151,Th,14,84
POI0151,Th,15,88
POI0151,Th,16,81
POI0151,Th,17,61
POI0151,Th,18,0
POI0151,Th,19,0
POI0151,Th,20,0
POI0151,Th,21,0
POI0151,Th,22,0
POI0151,Th,23,0
POI0151,Fr,6,0
POI0151,Fr,7,0
POI0151,Fr,8,0
POI0151,Fr,9,0
POI0151,Fr,10,39
POI0151,Fr,11,52
POI0151,Fr,12,64
POI0151,Fr,13,73
POI0151,Fr,14,81
POI0151,Fr,15,83
POI0151,Fr,16,74
POI0151,Fr,17,54
POI0151,Fr,18,0
POI0151,Fr,19,0
POI0151,Fr,20,0
POI0151,Fr,21,0
POI0151,Fr,22,0
POI0151,Fr,23,0
POI0151,Sa,6,0
POI0151,Sa,7,0
POI0151,Sa,8,0
POI0151,Sa,9,0
POI0151,Sa,10,42
POI0151,Sa,11,61
POI0151,Sa,12,74
POI0151,Sa,13,84
POI0151,Sa,14,94
POI0151,Sa,15,100
POI0151,Sa,16,95
POI0151,Sa,17,73
POI0151,Sa,18,0
POI0151,Sa,19,0
POI0151,Sa,20,0
POI0151,Sa,21,0
POI0151,Sa,22,0
POI0151,Sa,23,0
POI0151,Su,6,0
POI0151,Su,7,0
POI0151,Su,8,0
POI0151,Su,9,0
POI0151,Su,10,40
POI0151,Su,11,60
POI0151,Su,12,73
POI0151,Su,13,76
POI0151,Su,14,81
POI0151,Su,15,84
POI0151,Su,16,79
POI0151,Su,17,59
POI0151,Su,18,0
POI0151,Su,19,0
POI0151,Su,20,0
POI0151,Su,21,0
POI0151,Su,22,0
POI0151,Su,23,0
POI0153,Mo,0,8
POI0153,Mo,1,5
POI0153,Mo,2,3
POI0153,Mo,3,3
POI0153,Mo,4,5
POI0153,Mo,5,13
POI0153,Mo,6,28
POI0153,Mo,7,44
POI0153,Mo,8,54
POI0153,Mo,9,52
POI0153,Mo,10,47
POI0153,Mo,11,42
POI0153,Mo,12,43
POI0153,Mo,13,46
POI0153,Mo,14,51
POI0153,Mo,15,63
POI0153,Mo,16,79
POI0153,Mo,17,92
POI0153,Mo,18,88
POI0153,Mo,19,68
POI0153,Mo,20,48
POI0153,Mo,21,33
POI0153,Mo,22,23
POI0153,Mo,23,15
POI0153,Tu,0,9
POI0153,Tu,1,5
POI0153,Tu,2,4
POI0153,Tu,3,4
POI0153,Tu,4,6
POI0153,Tu,5,14
POI0153,Tu,6,30
POI0153,Tu,7,46
POI0153,Tu,8,55
POI0153,Tu,9,52
POI0153,Tu,10,46
POI0153,Tu,11,41
POI0153,Tu,12,42
POI0153,Tu,13,45
POI0153,Tu,14,50
POI0153,Tu,15,66
POI0153,Tu,16,84
POI0153,Tu,17,100
POI0153,Tu,18,95
POI0153,Tu,19,73
POI0153,Tu,20,49
POI0153,Tu,21,33
POI0153,Tu,22,23
POI0153,Tu,23,16
POI0153,We,0,9
POI0153,We,1,5
POI0153,We,2,4
POI0153,We,3,3
POI0153,We,4,5
POI0153,We,5,13
POI0153,We,6,27
POI0153,We,7,42
POI0153,We,8,51
POI0153,We,9,49
POI0153,We,10,44
POI0153,We,11,40
POI0153,We,12,42
POI0153,We,13,45
POI0153,We,14,51
POI0153,We,15,65
POI0153,We,16,82
POI0153,We,17,96
POI0153,We,18,92
POI0153,We,19,73
POI0153,We,20,50
POI0153,We,21,35
POI0153,We,22,25
POI0153,We,23,17
POI0153,Th,0,11
POI0153,Th,1,6
POI0153,Th,2,4
POI0153,Th,3,4
POI0153,Th,4,6
POI0153,Th,5,12
POI0153,Th,6,26
POI0153,Th,7,40
POI0153,Th,8,48
POI0153,Th,9,47
POI0153,Th,10,43
POI0153,Th,11,40
POI0153,Th,12,42
POI0153,Th,13,46
POI0153,Th,14,52
POI0153,Th,15,66
POI0153,Th,16,82
POI0153,Th,17,96
POI0153,Th,18,92
POI0153,Th,19,72
POI0153,Th,20,51
POI0153,Th,21,37
POI0153,Th,23,19
POI0153,Fr,0,12
POI0153,Fr,1,7
POI0153,Fr,2,5
POI0153,Fr,3,4
POI0153,Fr,4,5
POI0153,Fr,5,11
POI0153,Fr,6,21
POI0153,Fr,7,33
POI0153,Fr,8,42
POI0153,Fr,9,45
POI0153,Fr,10,44
POI0153,Fr,11,43
POI0153,Fr,12,45
POI0153,Fr,13,48
POI0153,Fr,14,54
POI0153,Fr,15,66
POI0153,Fr,16,77
POI0153,Fr,17,84
POI0153,Fr,18,79
POI0153,Fr,19,65
POI0153,Fr,20,50
POI0153,Fr,21,39
POI0153,Fr,22,30
POI0153,Fr,23,21
POI0153,Sa,0,11
POI0153,Sa,1,7
POI0153,Sa,2,5
POI0153,Sa,3,4
POI0153,Sa,4,4
POI0153,Sa,5,7
POI0153,Sa,6,12
POI0153,Sa,7,20
POI0153,Sa,8,28
POI0153,Sa,9,35
POI0153,Sa,10,39
POI0153,Sa,11,39
POI0153,Sa,12,40
POI0153,Sa,13,42
POI0153,Sa,14,44
POI0153,Sa,15,49
POI0153,Sa,16,52
POI0153,Sa,17,55
POI0153,Sa,18,54
POI0153,Sa,19,48
POI0153,Sa,20,40
POI0153,Sa,21,32
POI0153,Sa,22,26
POI0153,Sa,23,19
POI0153,Su,0,10
POI0153,Su,1,5
POI0153,Su,2,3
POI0153,Su,3,3
POI0153,Su,4,4
POI0153,Su,5,5
POI0153,Su,6,7
POI0153,Su,7,11
POI0153,Su,8,18
POI0153,Su,9,26
POI0153,Su,10,33
POI0153,Su,11,34
POI0153,Su,12,38
POI0153,Su,13,40
POI0153,Su,14,45
POI0153,Su,15,52
POI0153,Su,16,58
POI0153,Su,17,63
POI0153,Su,18,61
POI0153,Su,19,56
POI0153,Su,20,47
POI0153,Su,21,38
POI0153,Su,22,30
POI0153,Su,23,19
POI0154,Mo,6,0
POI0154,Mo,7,0
POI0154,Mo,8,0
POI0154,Mo,9,14
POI0154,Mo,10,21
POI0154,Mo,11,28
POI0154,Mo,12,35
POI0154,Mo,13,42
POI0154,Mo,14,49
POI0154,Mo,15,56
POI0154,Mo,16,55
POI0154,Mo,17,54
POI0154,Mo,18,44
POI0154,Mo,19,36
POI0154,Mo,20,0
POI0154,Mo,21,0
POI0154,Mo,22,0
POI0154,Mo,23,0
POI0154,Tu,6,0
POI0154,Tu,7,0
POI0154,Tu,8,0
POI0154,Tu,9,17
POI0154,Tu,10,26
POI0154,Tu,11,38
POI0154,Tu,12,53
POI0154,Tu,13,58
POI0154,Tu,14,63
POI0154,Tu,15,65
POI0154,Tu,16,66
POI0154,Tu,17,59
POI0154,Tu,18,45
POI0154,Tu,19,34
POI0154,Tu,20,0
POI0154,Tu,21,0
POI0154,Tu,22,0
POI0154,Tu,23,0
POI0154,We,6,0
POI0154,We,7,0
POI0154,We,8,0
POI0154,We,9,16
POI0154,We,10,31
POI0154,We,11,46
POI0154,We,12,56
POI0154,We,13,54
POI0154,We,14,58
POI0154,We,15,62
POI0154,We,16,63
POI0154,We,17,57
POI0154,We,18,42
POI0154,We,19,31
POI0154,We,20,0
POI0154,We,21,0
POI0154,We,22,0
POI0154,We,23,0
POI0154,Th,6,0
POI0154,Th,7,0
POI0154,Th,8,0
POI0154,Th,9,20
POI0154,Th,10,28
POI0154,Th,11,35
POI0154,Th,12,45
POI0154,Th,13,52
POI0154,Th,14,61
POI0154,Th,15,65
POI0154,Th,16,66
POI0154,Th,17,63
POI0154,Th,18,57
POI0154,Th,19,47
POI0154,Th,20,0
POI0154,Th,21,0
POI0154,Th,22,0
POI0154,Th,23,0
POI0154,Fr,6,0
POI0154,Fr,7,0
POI0154,Fr,8,0
POI0154,Fr,9,19
POI0154,Fr,10,32
POI0154,Fr,11,41
POI0154,Fr,12,47
POI0154,Fr,13,53
POI0154,Fr,14,59
POI0154,Fr,15,71
POI0154,Fr,16,74
POI0154,Fr,17,75
POI0154,Fr,18,57
POI0154,Fr,19,40
POI0154,Fr,20,0
POI0154,Fr,21,0
POI0154,Fr,22,0
POI0154,Fr,23,0
POI0154,Sa,6,0
POI0154,Sa,7,0
POI0154,Sa,8,0
POI0154,Sa,9,19
POI0154,Sa,10,31
POI0154,Sa,11,41
POI0154,Sa,12,56
POI0154,Sa,13,74
POI0154,Sa,14,91
POI0154,Sa,15,100
POI0154,Sa,16,98
POI0154,Sa,17,94
POI0154,Sa,18,73
POI0154,Sa,19,55
POI0154,Sa,20,0
POI0154,Sa,21,0
POI0154,Sa,22,0
POI0154,Sa,23,0
POI0154,Su,6,0
POI0154,Su,7,0
POI0154,Su,8,0
POI0154,Su,9,33
POI0154,Su,10,55
POI0154,Su,11,62
POI0154,Su,12,68
POI0154,Su,13,68
POI0154,Su,14,66
POI0154,Su,15,68
POI0154,Su,16,70
POI0154,Su,17,76
POI0154,Su,18,62
POI0154,Su,19,48
POI0154,Su,20,0
POI0154,Su,21,0
POI0154,Su,22,0
POI0154,Su,23,0
POI0156,Mo,6,0
POI0156,Mo,7,0
POI0156,Mo,8,48
POI0156,Mo,9,51
POI0156,Mo,10,51
POI0156,Mo,11,53
POI0156,Mo,12,51
POI0156,Mo,13,70
POI0156,Mo,14,82
POI0156,Mo,15,89
POI0156,Mo,16,85
POI0156,Mo,17,76
POI0156,Mo,18,65
POI0156,Mo,19,57
POI0156,Mo,20,0
POI0156,Mo,21,0
POI0156,Mo,22,0
POI0156,Mo,23,0
POI0156,Tu,6,0
POI0156,Tu,7,0
POI0156,Tu,8,48
POI0156,Tu,9,57
POI0156,Tu,10,63
POI0156,Tu,11,57
POI0156,Tu,12,59
POI0156,Tu,13,65
POI0156,Tu,14,68
POI0156,Tu,15,61
POI0156,Tu,16,46
POI0156,Tu,17,48
POI0156,Tu,18,55
POI0156,Tu,19,63
POI0156,Tu,20,0
POI0156,Tu,21,0
POI0156,Tu,22,0
POI0156,Tu,23,0
POI0156,We,6,0
POI0156,We,7,0
POI0156,We,8,65
POI0156,We,9,51
POI0156,We,10,55
POI0156,We,11,68
POI0156,We,12,72
POI0156,We,13,76
POI0156,We,14,70
POI0156,We,15,70
POI0156,We,16,72
POI0156,We,17,63
POI0156,We,18,55
POI0156,We,19,51
POI0156,We,20,0
POI0156,We,21,0
POI0156,We,22,0
POI0156,We,23,0
POI0156,Th,6,0
POI0156,Th,7,0
POI0156,Th,8,46
POI0156,Th,9,57
POI0156,Th,10,53
POI0156,Th,11,63
POI0156,Th,12,61
POI0156,Th,13,63
POI0156,Th,14,57
POI0156,Th,15,68
POI0156,Th,16,61
POI0156,Th,17,78
POI0156,Th,18,65
POI0156,Th,19,68
POI0156,Th,20,0
POI0156,Th,21,0
POI0156,Th,22,0
POI0156,Th,23,0
POI0156,Fr,6,0
POI0156,Fr,7,0
POI0156,Fr,8,44
POI0156,Fr,9,48
POI0156,Fr,10,55
POI0156,Fr,11,70
POI0156,Fr,12,65
POI0156,Fr,13,68
POI0156,Fr,14,85
POI0156,Fr,15,100
POI0156,Fr,16,95
POI0156,Fr,17,68
POI0156,Fr,18,53
POI0156,Fr,19,40
POI0156,Fr,20,0
POI0156,Fr,21,0
POI0156,Fr,22,0
POI0156,Fr,23,0
POI0156,Sa,6,0
POI0156,Sa,7,0
POI0156,Sa,8,36
POI0156,Sa,9,38
POI0156,Sa,10,48
POI0156,Sa,11,42
POI0156,Sa,12,34
POI0156,Sa,13,44
POI0156,Sa,14,53
POI0156,Sa,15,76
POI0156,Sa,16,82
POI0156,Sa,17,91
POI0156,Sa,18,78
POI0156,Sa,19,70
POI0156,Sa,20,0
POI0156,Sa,21,0
POI0156,Sa,22,0
POI0156,Sa,23,0
POI0156,Su,6,0
POI0156,Su,7,0
POI0156,Su,8,36
POI0156,Su,9,38
POI0156,Su,10,42
POI0156,Su,11,31
POI0156,Su,12,36
POI0156,Su,13,40
POI0156,Su,14,57
POI0156,Su,15,70
POI0156,Su,16,72
POI0156,Su,17,65
POI0156,Su,18,48
POI0156,Su,19,40
POI0156,Su,20,0
POI0156,Su,21,0
POI0156,Su,22,0
POI0156,Su,23,0
POI0159,Mo,6,0
POI0159,Mo,7,0
POI0159,Mo,8,0
POI0159,Mo,9,0
POI0159,Mo,10,26
POI0159,Mo,11,36
POI0159,Mo,12,42
POI0159,Mo,13,45
POI0159,Mo,14,45
POI0159,Mo,15,43
POI0159,Mo,16,39
POI0159,Mo,17,31
POI0159,Mo,18,0
POI0159,Mo,19,0
POI0159,Mo,20,0
POI0159,Mo,21,0
POI0159,Mo,22,0
POI0159,Mo,23,0
POI0159,Tu,6,0
POI0159,Tu,7,0
POI0159,Tu,8,0
POI0159,Tu,9,0
POI0159,Tu,10,28
POI0159,Tu,11,38
POI0159,Tu,12,44
POI0159,Tu,13,47
POI0159,Tu,14,49
POI0159,Tu,15,47
POI0159,Tu,16,42
POI0159,Tu,17,33
POI0159,Tu,18,0
POI0159,Tu,19,0
POI0159,Tu,20,0
POI0159,Tu,21,0
POI0159,Tu,22,0
POI0159,Tu,23,0
POI0159,We,6,0
POI0159,We,7,0
POI0159,We,8,0
POI0159,We,9,0
POI0159,We,10,28
POI0159,We,11,38
POI0159,We,12,46
POI0159,We,13,48
POI0159,We,14,49
POI0159,We,15,50
POI0159,We,16,48
POI0159,We,17,40
POI0159,We,18,0
POI0159,We,19,0
POI0159,We,20,0
POI0159,We,21,0
POI0159,We,22,0
POI0159,We,23,0
POI0159,Th,6,0
POI0159,Th,7,0
POI0159,Th,8,0
POI0159,Th,9,0
POI0159,Th,10,29
POI0159,Th,11,41
POI0159,Th,12,49
POI0159,Th,13,53
POI0159,Th,14,54
POI0159,Th,15,52
POI0159,Th,16,44
POI0159,Th,17,34
POI0159,Th,18,0
POI0159,Th,19,0
POI0159,Th,20,0
POI0159,Th,21,0
POI0159,Th,22,0
POI0159,Th,23,0
POI0159,Fr,6,0
POI0159,Fr,7,0
POI0159,Fr,8,0
POI0159,Fr,9,0
POI0159,Fr,10,32
POI0159,Fr,11,43
POI0159,Fr,12,48
POI0159,Fr,13,51
POI0159,Fr,14,55
POI0159,Fr,15,58
POI0159,Fr,16,56
POI0159,Fr,17,46
POI0159,Fr,18,0
POI0159,Fr,19,0
POI0159,Fr,20,0
POI0159,Fr,21,0
POI0159,Fr,22,0
POI0159,Fr,23,0
POI0159,Sa,6,0
POI0159,Sa,7,0
POI0159,Sa,8,0
POI0159,Sa,9,26
POI0159,Sa,10,47
POI0159,Sa,11,65
POI0159,Sa,12,75
POI0159,Sa,13,81
POI0159,Sa,14,91
POI0159,Sa,15,98
POI0159,Sa,16,100
POI0159,Sa,17,87
POI0159,Sa,18,66
POI0159,Sa,19,0
POI0159,Sa,20,0
POI0159,Sa,21,0
POI0159,Sa,22,0
POI0159,Sa,23,0
POI0159,Su,6,0
POI0159,Su,7,0
POI0159,Su,8,0
POI0159,Su,9,20
POI0159,Su,10,36
POI0159,Su,11,50
POI0159,Su,12,59
POI0159,Su,13,63
POI0159,Su,14,68
POI0159,Su,15,71
POI0159,Su,16,71
POI0159,Su,17,61
POI0159,Su,18,48
POI0159,Su,19,0
POI0159,Su,20,0
POI0159,Su,21,0
POI0159,Su,22,0
POI0159,Su,23,0
POI0165,Tu,6,0
POI0165,Tu,7,0
POI0165,Tu,8,0
POI0165,Tu,9,0
POI0165,Tu,10,31
POI0165,Tu,11,38
POI0165,Tu,12,44
POI0165,Tu,13,48
POI0165,Tu,14,54
POI0165,Tu,15,58
POI0165,Tu,16,59
POI0165,Tu,17,53
POI0165,Tu,18,0
POI0165,Tu,19,0
POI0165,Tu,20,0
POI0165,Tu,21,0
POI0165,Tu,22,0
POI0165,Tu,23,0
POI0165,We,6,0
POI0165,We,7,0
POI0165,We,8,0
POI0165,We,9,0
POI0165,We,10,25
POI0165,We,11,33
POI0165,We,12,39
POI0165,We,13,44
POI0165,We,14,52
POI0165,We,15,57
POI0165,We,16,57
POI0165,We,17,51
POI0165,We,18,0
POI0165,We,19,0
POI0165,We,20,0
POI0165,We,21,0
POI0165,We,22,0
POI0165,We,23,0
POI0165,Th,6,0
POI0165,Th,7,0
POI0165,Th,8,0
POI0165,Th,9,0
POI0165,Th,10,28
POI0165,Th,11,35
POI0165,Th,12,41
POI0165,Th,13,46
POI0165,Th,14,53
POI0165,Th,15,57
POI0165,Th,16,60
POI0165,Th,17,57
POI0165,Th,18,0
POI0165,Th,19,0
POI0165,Th,20,0
POI0165,Th,21,0
POI0165,Th,22,0
POI0165,Th,23,0
POI0165,Fr,6,0
POI0165,Fr,7,0
POI0165,Fr,8,0
POI0165,Fr,9,0
POI0165,Fr,10,24
POI0165,Fr,11,32
POI0165,Fr,12,39
POI0165,Fr,13,43
POI0165,Fr,14,51
POI0165,Fr,15,59
POI0165,Fr,16,64
POI0165,Fr,17,59
POI0165,Fr,18,0
POI0165,Fr,19,0
POI0165,Fr,20,0
POI0165,Fr,21,0
POI0165,Fr,22,0
POI0165,Fr,23,0
POI0165,Sa,6,0
POI0165,Sa,7,0
POI0165,Sa,8,0
POI0165,Sa,9,0
POI0165,Sa,10,26
POI0165,Sa,11,39
POI0165,Sa,12,45
POI0165,Sa,13,55
POI0165,Sa,14,68
POI0165,Sa,15,88
POI0165,Sa,16,100
POI0165,Sa,17,98
POI0165,Sa,18,78
POI0165,Sa,19,0
POI0165,Sa,20,0
POI0165,Sa,21,0
POI0165,Sa,22,0
POI0165,Sa,23,0
POI0165,Su,6,0
POI0165,Su,7,0
POI0165,Su,8,0
POI0165,Su,9,0
POI0165,Su,10,35
POI0165,Su,11,44
POI0165,Su,12,48
POI0165,Su,13,54
POI0165,Su,14,67
POI0165,Su,15,85
POI0165,Su,16,95
POI0165,Su,17,87
POI0165,Su,18,63
POI0165,Su,19,0
POI0165,Su,20,0
POI0165,Su,21,0
POI0165,Su,22,0
POI0165,Su,23,0
POI0170,Mo,6,0
POI0170,Mo,7,0
POI0170,Mo,8,0
POI0170,Mo,9,0
POI0170,Mo,10,60
POI0170,Mo,11,78
POI0170,Mo,12,89
POI0170,Mo,13,97
POI0170,Mo,14,100
POI0170,Mo,15,98
POI0170,Mo,16,85
POI0170,Mo,17,62
POI0170,Mo,18,0
POI0170,Mo,19,0
POI0170,Mo,20,0
POI0170,Mo,21,0
POI0170,Mo,22,0
POI0170,Mo,23,0
POI0170,Tu,6,0
POI0170,Tu,7,0
POI0170,Tu,8,0
POI0170,Tu,9,0
POI0170,Tu,10,52
POI0170,Tu,11,69
POI0170,Tu,12,81
POI0170,Tu,13,86
POI0170,Tu,14,86
POI0170,Tu,15,80
POI0170,Tu,16,69
POI0170,Tu,17,54
POI0170,Tu,18,0
POI0170,Tu,19,0
POI0170,Tu,20,0
POI0170,Tu,21,0
POI0170,Tu,22,0
POI0170,Tu,23,0
POI0170,We,6,0
POI0170,We,7,0
POI0170,We,8,0
POI0170,We,9,0
POI0170,We,10,55
POI0170,We,11,69
POI0170,We,12,80
POI0170,We,13,82
POI0170,We,14,82
POI0170,We,15,81
POI0170,We,16,75
POI0170,We,17,59
POI0170,We,18,0
POI0170,We,19,0
POI0170,We,20,0
POI0170,We,21,0
POI0170,We,22,0
POI0170,We,23,0
POI0170,Th,6,0
POI0170,Th,7,0
POI0170,Th,8,0
POI0170,Th,9,0
POI0170,Th,10,55
POI0170,Th,11,74
POI0170,Th,12,84
POI0170,Th,13,85
POI0170,Th,14,83
POI0170,Th,15,82
POI0170,Th,16,77
POI0170,Th,17,62
POI0170,Th,18,0
POI0170,Th,19,0
POI0170,Th,20,0
POI0170,Th,21,0
POI0170,Th,22,0
POI0170,Th,23,0
POI0170,Fr,6,0
POI0170,Fr,7,0
POI0170,Fr,8,0
POI0170,Fr,9,0
POI0170,Fr,10,51
POI0170,Fr,11,64
POI0170,Fr,12,72
POI0170,Fr,13,77
POI0170,Fr,14,84
POI0170,Fr,15,87
POI0170,Fr,16,83
POI0170,Fr,17,76
POI0170,Fr,18,0
POI0170,Fr,19,0
POI0170,Fr,20,0
POI0170,Fr,21,0
POI0170,Fr,22,0
POI0170,Fr,23,0
POI0170,Sa,6,0
POI0170,Sa,7,0
POI0170,Sa,8,0
POI0170,Sa,9,0
POI0170,Sa,10,42
POI0170,Sa,11,55
POI0170,Sa,12,62
POI0170,Sa,13,64
POI0170,Sa,14,69
POI0170,Sa,15,76
POI0170,Sa,16,75
POI0170,Sa,17,66
POI0170,Sa,18,0
POI0170,Sa,19,0
POI0170,Sa,20,0
POI0170,Sa,21,0
POI0170,Sa,22,0
POI0170,Sa,23,0
POI0170,Su,6,0
POI0170,Su,7,0
POI0170,Su,8,0
POI0170,Su,9,0
POI0170,Su,10,34
POI0170,Su,11,51
POI0170,Su,12,60
POI0170,Su,13,61
POI0170,Su,14,66
POI0170,Su,15,70
POI0170,Su,16,69
POI0170,Su,17,59
POI0170,Su,18,0
POI0170,Su,19,0
POI0170,Su,20,0
POI0170,Su,21,0
POI0170,Su,22,0
POI0170,Su,23,0
POI0171,Mo,0,8
POI0171,Mo,3,0
POI0171,Mo,4,3
POI0171,Mo,5,11
POI0171,Mo,6,26
POI0171,Mo,7,43
POI0171,Mo,8,53
POI0171,Mo,9,49
POI0171,Mo,10,43
POI0171,Mo,11,41
POI0171,Mo,12,42
POI0171,Mo,13,43
POI0171,Mo,14,44
POI0171,Mo,15,55
POI0171,Mo,16,73
POI0171,Mo,17,91
POI0171,Mo,18,91
POI0171,Mo,19,74
POI0171,Mo,20,55
POI0171,Mo,21,42
POI0171,Mo,22,29
POI0171,Mo,23,19
POI0171,Tu,0,9
POI0171,Tu,3,0
POI0171,Tu,4,4
POI0171,Tu,5,12
POI0171,Tu,6,28
POI0171,Tu,7,47
POI0171,Tu,8,58
POI0171,Tu,9,53
POI0171,Tu,10,44
POI0171,Tu,11,40
POI0171,Tu,12,42
POI0171,Tu,13,43
POI0171,Tu,14,46
POI0171,Tu,15,57
POI0171,Tu,16,79
POI0171,Tu,17,99
POI0171,Tu,18,99
POI0171,Tu,19,80
POI0171,Tu,20,58
POI0171,Tu,21,42
POI0171,Tu,22,31
POI0171,Tu,23,20
POI0171,We,0,9
POI0171,We,3,0
POI0171,We,4,4
POI0171,We,5,11
POI0171,We,6,26
POI0171,We,7,42
POI0171,We,8,51
POI0171,We,9,47
POI0171,We,10,41
POI0171,We,11,39
POI0171,We,12,42
POI0171,We,13,44
POI0171,We,14,48
POI0171,We,15,58
POI0171,We,16,78
POI0171,We,17,97
POI0171,We,18,95
POI0171,We,19,76
POI0171,We,20,55
POI0171,We,21,41
POI0171,We,22,30
POI0171,We,23,19
POI0171,Th,0,11
POI0171,Th,3,0
POI0171,Th,4,3
POI0171,Th,5,11
POI0171,Th,6,26
POI0171,Th,7,43
POI0171,Th,8,53
POI0171,Th,9,48
POI0171,Th,10,42
POI0171,Th,11,39
POI0171,Th,12,40
POI0171,Th,13,41
POI0171,Th,14,46
POI0171,Th,15,58
POI0171,Th,16,80
POI0171,Th,17,99
POI0171,Th,18,100
POI0171,Th,19,81
POI0171,Th,20,61
POI0171,Th,21,47
POI0171,Th,23,23
POI0171,Fr,0,11
POI0171,Fr,3,0
POI0171,Fr,4,4
POI0171,Fr,5,11
POI0171,Fr,6,24
POI0171,Fr,7,37
POI0171,Fr,8,43
POI0171,Fr,9,42
POI0171,Fr,10,40
POI0171,Fr,11,41
POI0171,Fr,12,44
POI0171,Fr,13,46
POI0171,Fr,14,51
POI0171,Fr,15,60
POI0171,Fr,16,76
POI0171,Fr,17,89
POI0171,Fr,18,88
POI0171,Fr,19,71
POI0171,Fr,20,56
POI0171,Fr,21,43
POI0171,Fr,22,34
POI0171,Fr,23,22
POI0171,Sa,0,10
POI0171,Sa,3,0
POI0171,Sa,4,3
POI0171,Sa,5,7
POI0171,Sa,6,14
POI0171,Sa,7,22
POI0171,Sa,8,27
POI0171,Sa,9,32
POI0171,Sa,10,38
POI0171,Sa,11,42
POI0171,Sa,12,44
POI0171,Sa,13,42
POI0171,Sa,14,42
POI0171,Sa,15,42
POI0171,Sa,16,48
POI0171,Sa,17,52
POI0171,Sa,18,53
POI0171,Sa,19,47
POI0171,Sa,20,40
POI0171,Sa,21,34
POI0171,Sa,22,27
POI0171,Sa,23,20
POI0171,Su,0,9
POI0171,Su,3,0
POI0171,Su,4,2
POI0171,Su,5,4
POI0171,Su,6,7
POI0171,Su,7,12
POI0171,Su,8,17
POI0171,Su,9,23
POI0171,Su,10,30
POI0171,Su,11,35
POI0171,Su,12,34
POI0171,Su,13,35
POI0171,Su,14,37
POI0171,Su,15,46
POI0171,Su,16,59
POI0171,Su,17,70
POI0171,Su,18,72
POI0171,Su,19,64
POI0171,Su,20,54
POI0171,Su,21,44
POI0171,Su,22,33
POI0171,Su,23,21
POI0181,Mo,6,0
POI0181,Mo,7,0
POI0181,Mo,8,18
POI0181,Mo,9,23
POI0181,Mo,10,30
POI0181,Mo,11,39
POI0181,Mo,12,49
POI0181,Mo,13,52
POI0181,Mo,14,52
POI0181,Mo,15,56
POI0181,Mo,16,63
POI0181,Mo,17,63
POI0181,Mo,18,55
POI0181,Mo,19,41
POI0181,Mo,20,31
POI0181,Mo,21,25
POI0181,Mo,22,0
POI0181,Mo,23,0
POI0181,Tu,6,0
POI0181,Tu,7,0
POI0181,Tu,8,21
POI0181,Tu,9,28
POI0181,Tu,10,38
POI0181,Tu,11,50
POI0181,Tu,12,62
POI0181,Tu,13,64
POI0181,Tu,14,62
POI0181,Tu,15,62
POI0181,Tu,16,63
POI0181,Tu,17,59
POI0181,Tu,18,53
POI0181,Tu,19,43
POI0181,Tu,20,35
POI0181,Tu,21,28
POI0181,Tu,22,0
POI0181,Tu,23,0
POI0181,We,6,0
POI0181,We,7,0
POI0181,We,8,21
POI0181,We,9,25
POI0181,We,10,29
POI0181,We,11,38
POI0181,We,12,47
POI0181,We,13,53
POI0181,We,14,51
POI0181,We,15,53
POI0181,We,16,58
POI0181,We,17,59
POI0181,We,18,54
POI0181,We,19,45
POI0181,We,20,36
POI0181,We,21,34
POI0181,We,22,0
POI0181,We,23,0
POI0181,Th,6,0
POI0181,Th,7,0
POI0181,Th,8,21
POI0181,Th,9,24
POI0181,Th,10,33
POI0181,Th,11,45
POI0181,Th,12,58
POI0181,Th,13,63
POI0181,Th,14,60
POI0181,Th,15,60
POI0181,Th,16,62
POI0181,Th,17,63
POI0181,Th,18,62
POI0181,Th,19,55
POI0181,Th,21,34
POI0181,Th,22,0
POI0181,Th,23,0
POI0181,Fr,6,0
POI0181,Fr,7,0
POI0181,Fr,8,24
POI0181,Fr,9,30
POI0181,Fr,10,38
POI0181,Fr,11,45
POI0181,Fr,12,54
POI0181,Fr,13,56
POI0181,Fr,14,55
POI0181,Fr,15,57
POI0181,Fr,16,61
POI0181,Fr,17,63
POI0181,Fr,18,56
POI0181,Fr,19,45
POI0181,Fr,20,37
POI0181,Fr,21,34
POI0181,Fr,22,0
POI0181,Fr,23,0
POI0181,Sa,6,0
POI0181,Sa,7,0
POI0181,Sa,8,0
POI0181,Sa,9,24
POI0181,Sa,10,30
POI0181,Sa,11,36
POI0181,Sa,12,41
POI0181,Sa,13,46
POI0181,Sa,14,58
POI0181,Sa,15,74
POI0181,Sa,16,89
POI0181,Sa,17,89
POI0181,Sa,18,72
POI0181,Sa,19,52
POI0181,Sa,20,39
POI0181,Sa,21,33
POI0181,Sa,22,0
POI0181,Sa,23,0
POI0181,Su,6,0
POI0181,Su,7,0
POI0181,Su,8,0
POI0181,Su,9,21
POI0181,Su,10,28
POI0181,Su,11,36
POI0181,Su,12,44
POI0181,Su,13,52
POI0181,Su,14,67
POI0181,Su,15,86
POI0181,Su,16,100
POI0181,Su,17,96
POI0181,Su,18,78
POI0181,Su,19,55
POI0181,Su,20,36
POI0181,Su,21,29
POI0181,Su,22,0
POI0181,Su,23,0
POI0183,Mo,6,0
POI0183,Mo,7,0
POI0183,Mo,8,0
POI0183,Mo,9,0
POI0183,Mo,10,0
POI0183,Mo,11,0
POI0183,Mo,12,35
POI0183,Mo,13,44
POI0183,Mo,14,54
POI0183,Mo,15,62
POI0183,Mo,16,62
POI0183,Mo,17,58
POI0183,Mo,18,51
POI0183,Mo,19,0
POI0183,Mo,20,0
POI0183,Mo,21,0
POI0183,Mo,22,0
POI0183,Mo,23,0
POI0183,We,6,0
POI0183,We,7,0
POI0183,We,8,0
POI0183,We,9,0
POI0183,We,10,0
POI0183,We,11,0
POI0183,We,12,29
POI0183,We,13,41
POI0183,We,14,47
POI0183,We,15,52
POI0183,We,16,53
POI0183,We,17,60
POI0183,We,18,65
POI0183,We,19,0
POI0183,We,20,0
POI0183,We,21,0
POI0183,We,22,0
POI0183,We,23,0
POI0183,Th,6,0
POI0183,Th,7,0
POI0183,Th,8,0
POI0183,Th,9,0
POI0183,Th,10,0
POI0183,Th,11,0
POI0183,Th,12,34
POI0183,Th,13,42
POI0183,Th,14,48
POI0183,Th,15,53
POI0183,Th,16,58
POI0183,Th,17,65
POI0183,Th,18,68
POI0183,Th,19,0
POI0183,Th,20,0
POI0183,Th,21,0
POI0183,Th,22,0
POI0183,Th,23,0
POI0183,Fr,6,0
POI0183,Fr,7,0
POI0183,Fr,8,0
POI0183,Fr,9,0
POI0183,Fr,10,0
POI0183,Fr,11,0
POI0183,Fr,12,34
POI0183,Fr,13,43
POI0183,Fr,14,52
POI0183,Fr,15,58
POI0183,Fr,16,62
POI0183,Fr,17,68
POI0183,Fr,18,69
POI0183,Fr,19,0
POI0183,Fr,20,0
POI0183,Fr,21,0
POI0183,Fr,22,0
POI0183,Fr,23,0
POI0183,Sa,6,0
POI0183,Sa,7,0
POI0183,Sa,8,0
POI0183,Sa,9,0
POI0183,Sa,10,0
POI0183,Sa,11,29
POI0183,Sa,12,39
POI0183,Sa,13,51
POI0183,Sa,14,72
POI0183,Sa,15,89
POI0183,Sa,16,100
POI0183,Sa,17,95
POI0183,Sa,18,81
POI0183,Sa,19,62
POI0183,Sa,20,0
POI0183,Sa,21,0
POI0183,Sa,22,0
POI0183,Sa,23,0
POI0183,Su,6,0
POI0183,Su,7,0
POI0183,Su,8,0
POI0183,Su,9,0
POI0183,Su,10,0
POI0183,Su,11,27
POI0183,Su,12,39
POI0183,Su,13,54
POI0183,Su,14,75
POI0183,Su,15,90
POI0183,Su,16,98
POI0183,Su,17,95
POI0183,Su,18,86
POI0183,Su,19,73
POI0183,Su,20,0
POI0183,Su,21,0
POI0183,Su,22,0
POI0183,Su,23,0
POI0189,Tu,6,0
POI0189,Tu,7,0
POI0189,Tu,8,0
POI0189,Tu,9,0
POI0189,Tu,10,0
POI0189,Tu,11,46
POI0189,Tu,12,67
POI0189,Tu,13,77
POI0189,Tu,14,83
POI0189,Tu,15,86
POI0189,Tu,16,88
POI0189,Tu,17,91
POI0189,Tu,18,88
POI0189,Tu,19,72
POI0189,Tu,20,47
POI0189,Tu,21,0
POI0189,Tu,22,0
POI0189,Tu,23,0
POI0189,We,6,0
POI0189,We,7,0
POI0189,We,8,0
POI0189,We,9,0
POI0189,We,10,0
POI0189,We,11,47
POI0189,We,12,69
POI0189,We,13,80
POI0189,We,14,87
POI0189,We,15,89
POI0189,We,16,87
POI0189,We,17,83
POI0189,We,18,79
POI0189,We,19,0
POI0189,We,20,0
POI0189,We,21,0
POI0189,We,22,0
POI0189,We,23,0
POI0189,Th,6,0
POI0189,Th,7,0
POI0189,Th,8,0
POI0189,Th,9,0
POI0189,Th,10,0
POI0189,Th,11,47
POI0189,Th,12,68
POI0189,Th,13,85
POI0189,Th,14,91
POI0189,Th,15,93
POI0189,Th,16,83
POI0189,Th,17,64
POI0189,Th,18,39
POI0189,Th,19,0
POI0189,Th,20,0
POI0189,Th,21,0
POI0189,Th,22,0
POI0189,Th,23,0
POI0189,Fr,6,0
POI0189,Fr,7,0
POI0189,Fr,8,0
POI0189,Fr,9,0
POI0189,Fr,10,0
POI0189,Fr,11,48
POI0189,Fr,12,68
POI0189,Fr,13,82
POI0189,Fr,14,94
POI0189,Fr,15,98
POI0189,Fr,16,91
POI0189,Fr,17,76
POI0189,Fr,18,49
POI0189,Fr,19,0
POI0189,Fr,20,0
POI0189,Fr,21,0
POI0189,Fr,22,0
POI0189,Fr,23,0
POI0189,Sa,6,0
POI0189,Sa,7,0
POI0189,Sa,8,0
POI0189,Sa,9,0
POI0189,Sa,10,0
POI0189,Sa,11,56
POI0189,Sa,12,72
POI0189,Sa,13,82
POI0189,Sa,14,93
POI0189,Sa,15,100
POI0189,Sa,16,99
POI0189,Sa,17,87
POI0189,Sa,18,62
POI0189,Sa,19,0
POI0189,Sa,20,0
POI0189,Sa,21,0
POI0189,Sa,22,0
POI0189,Sa,23,0
POI0189,Su,6,0
POI0189,Su,7,0
POI0189,Su,8,0
POI0189,Su,9,0
POI0189,Su,10,0
POI0189,Su,11,62
POI0189,Su,12,72
POI0189,Su,13,84
POI0189,Su,14,92
POI0189,Su,15,97
POI0189,Su,16,92
POI0189,Su,17,79
POI0189,Su,18,55
POI0189,Su,19,0
POI0189,Su,20,0
POI0189,Su,21,0
POI0189,Su,22,0
POI0189,Su,23,0
POI0192,Mo,6,0
POI0192,Mo,7,11
POI0192,Mo,8,13
POI0192,Mo,9,18
POI0192,Mo,10,24
POI0192,Mo,11,28
POI0192,Mo,12,29
POI0192,Mo,13,32
POI0192,Mo,14,35
POI0192,Mo,15,41
POI0192,Mo,16,47
POI0192,Mo,17,52
POI0192,Mo,18,52
POI0192,Mo,19,46
POI0192,Mo,20,39
POI0192,Mo,21,31
POI0192,Mo,22,0
POI0192,Mo,23,0
POI0192,Tu,6,0
POI0192,Tu,7,9
POI0192,Tu,8,13
POI0192,Tu,9,19
POI0192,Tu,10,24
POI0192,Tu,11,29
POI0192,Tu,12,31
POI0192,Tu,13,34
POI0192,Tu,14,38
POI0192,Tu,15,43
POI0192,Tu,16,47
POI0192,Tu,17,48
POI0192,Tu,18,46
POI0192,Tu,19,38
POI0192,Tu,20,34
POI0192,Tu,21,29
POI0192,Tu,22,0
POI0192,Tu,23,0
POI0192,We,6,0
POI0192,We,7,10
POI0192,We,8,15
POI0192,We,9,19
POI0192,We,10,21
POI0192,We,11,25
POI0192,We,12,29
POI0192,We,13,34
POI0192,We,14,39
POI0192,We,15,44
POI0192,We,16,49
POI0192,We,17,49
POI0192,We,18,45
POI0192,We,19,39
POI0192,We,20,34
POI0192,We,21,26
POI0192,We,22,0
POI0192,We,23,0
POI0192,Th,6,0
POI0192,Th,7,8
POI0192,Th,8,14
POI0192,Th,9,20
POI0192,Th,10,25
POI0192,Th,11,29
POI0192,Th,12,31
POI0192,Th,13,36
POI0192,Th,14,40
POI0192,Th,15,45
POI0192,Th,16,48
POI0192,Th,17,47
POI0192,Th,18,44
POI0192,Th,19,41
POI0192,Th,21,32
POI0192,Th,22,0
POI0192,Th,23,0
POI0192,Fr,6,0
POI0192,Fr,7,10
POI0192,Fr,8,15
POI0192,Fr,9,20
POI0192,Fr,10,25
POI0192,Fr,11,30
POI0192,Fr,12,35
POI0192,Fr,13,41
POI0192,Fr,14,45
POI0192,Fr,15,50
POI0192,Fr,16,53
POI0192,Fr,17,54
POI0192,Fr,18,55
POI0192,Fr,19,53
POI0192,Fr,20,49
POI0192,Fr,21,43
POI0192,Fr,22,0
POI0192,Fr,23,0
POI0192,Sa,6,0
POI0192,Sa,7,0
POI0192,Sa,8,15
POI0192,Sa,9,20
POI0192,Sa,10,26
POI0192,Sa,11,32
POI0192,Sa,12,38
POI0192,Sa,13,47
POI0192,Sa,14,61
POI0192,Sa,15,79
POI0192,Sa,16,96
POI0192,Sa,17,100
POI0192,Sa,18,86
POI0192,Sa,19,67
POI0192,Sa,20,51
POI0192,Sa,21,44
POI0192,Sa,22,0
POI0192,Sa,23,0
POI0192,Su,6,0
POI0192,Su,7,0
POI0192,Su,8,11
POI0192,Su,9,18
POI0192,Su,10,26
POI0192,Su,11,35
POI0192,Su,12,45
POI0192,Su,13,56
POI0192,Su,14,70
POI0192,Su,15,83
POI0192,Su,16,92
POI0192,Su,17,92
POI0192,Su,18,80
POI0192,Su,19,61
POI0192,Su,20,44
POI0192,Su,21,34
POI0192,Su,22,0
POI0192,Su,23,0
POI0197,Mo,6,0
POI0197,Mo,7,0
POI0197,Mo,8,0
POI0197,Mo,9,0
POI0197,Mo,10,17
POI0197,Mo,11,19
POI0197,Mo,12,20
POI0197,Mo,13,20
POI0197,Mo,14,21
POI0197,Mo,15,20
POI0197,Mo,16,23
POI0197,Mo,17,24
POI0197,Mo,18,30
POI0197,Mo,19,33
POI0197,Mo,20,35
POI0197,Mo,21,0
POI0197,Mo,22,0
POI0197,Mo,23,0
POI0197,Tu,6,0
POI0197,Tu,7,0
POI0197,Tu,8,0
POI0197,Tu,9,0
POI0197,Tu,10,13
POI0197,Tu,11,16
POI0197,Tu,12,16
POI0197,Tu,13,14
POI0197,Tu,14,13
POI0197,Tu,15,10
POI0197,Tu,16,11
POI0197,Tu,17,14
POI0197,Tu,18,18
POI0197,Tu,19,23
POI0197,Tu,20,21
POI0197,Tu,21,0
POI0197,Tu,22,0
POI0197,Tu,23,0
POI0197,We,6,0
POI0197,We,7,0
POI0197,We,8,0
POI0197,We,9,0
POI0197,We,10,20
POI0197,We,11,22
POI0197,We,12,24
POI0197,We,13,22
POI0197,We,14,23
POI0197,We,15,24
POI0197,We,16,27
POI0197,We,17,28
POI0197,We,18,34
POI0197,We,19,36
POI0197,We,20,31
POI0197,We,21,0
POI0197,We,22,0
POI0197,We,23,0
POI0197,Th,6,0
POI0197,Th,7,0
POI0197,Th,8,0
POI0197,Th,9,0
POI0197,Th,10,13
POI0197,Th,11,16
POI0197,Th,12,16
POI0197,Th,13,18
POI0197,Th,14,20
POI0197,Th,15,21
POI0197,Th,16,26
POI0197,Th,17,34
POI0197,Th,18,47
POI0197,Th,19,52
POI0197,Th,21,0
POI0197,Th,22,0
POI0197,Th,23,0
POI0197,Fr,6,0
POI0197,Fr,7,0
POI0197,Fr,8,0
POI0197,Fr,9,0
POI0197,Fr,10,12
POI0197,Fr,11,17
POI0197,Fr,12,23
POI0197,Fr,13,25
POI0197,Fr,14,29
POI0197,Fr,15,32
POI0197,Fr,16,38
POI0197,Fr,17,38
POI0197,Fr,18,37
POI0197,Fr,19,32
POI0197,Fr,20,27
POI0197,Fr,21,0
POI0197,Fr,22,0
POI0197,Fr,23,0
POI0197,Sa,6,0
POI0197,Sa,7,0
POI0197,Sa,8,0
POI0197,Sa,9,0
POI0197,Sa,10,29
POI0197,Sa,11,42
POI0197,Sa,12,53
POI0197,Sa,13,68
POI0197,Sa,14,82
POI0197,Sa,15,98
POI0197,Sa,16,100
POI0197,Sa,17,93
POI0197,Sa,18,75
POI0197,Sa,19,56
POI0197,Sa,20,41
POI0197,Sa,21,0
POI0197,Sa,22,0
POI0197,Sa,23,0
POI0207,Tu,6,0
POI0207,Tu,7,0
POI0207,Tu,8,0
POI0207,Tu,9,0
POI0207,Tu,10,0
POI0207,Tu,11,63
POI0207,Tu,12,87
POI0207,Tu,13,100
POI0207,Tu,14,99
POI0207,Tu,15,90
POI0207,Tu,16,77
POI0207,Tu,17,60
POI0207,Tu,18,0
POI0207,Tu,19,0
POI0207,Tu,20,0
POI0207,Tu,21,0
POI0207,Tu,22,0
POI0207,Tu,23,0
POI0207,We,6,0
POI0207,We,7,0
POI0207,We,8,0
POI0207,We,9,0
POI0207,We,10,0
POI0207,We,11,34
POI0207,We,12,47
POI0207,We,13,56
POI0207,We,14,61
POI0207,We,15,61
POI0207,We,16,53
POI0207,We,17,39
POI0207,We,18,0
POI0207,We,19,0
POI0207,We,20,0
POI0207,We,21,0
POI0207,We,22,0
POI0207,We,23,0
POI0207,Th,6,0
POI0207,Th,7,0
POI0207,Th,8,0
POI0207,Th,9,0
POI0207,Th,10,0
POI0207,Th,11,36
POI0207,Th,12,48
POI0207,Th,13,57
POI0207,Th,14,64
POI0207,Th,15,67
POI0207,Th,16,69
POI0207,Th,17,71
POI0207,Th,18,74
POI0207,Th,19,64
POI0207,Th,20,45
POI0207,Th,21,0
POI0207,Th,22,0
POI0207,Th,23,0
POI0207,Fr,6,0
POI0207,Fr,7,0
POI0207,Fr,8,0
POI0207,Fr,9,0
POI0207,Fr,10,0
POI0207,Fr,11,28
POI0207,Fr,12,41
POI0207,Fr,13,49
POI0207,Fr,14,53
POI0207,Fr,15,54
POI0207,Fr,16,50
POI0207,Fr,17,40
POI0207,Fr,18,0
POI0207,Fr,19,0
POI0207,Fr,20,0
POI0207,Fr,21,0
POI0207,Fr,22,0
POI0207,Fr,23,0
POI0207,Sa,6,0
POI0207,Sa,7,0
POI0207,Sa,8,0
POI0207,Sa,9,0
POI0207,Sa,10,0
POI0207,Sa,11,28
POI0207,Sa,12,41
POI0207,Sa,13,50
POI0207,Sa,14,58
POI0207,Sa,15,65
POI0207,Sa,16,69
POI0207,Sa,17,68
POI0207,Sa,18,0
POI0207,Sa,19,0
POI0207,Sa,20,0
POI0207,Sa,21,0
POI0207,Sa,22,0
POI0207,Sa,23,0
POI0207,Su,6,0
POI0207,Su,7,0
POI0207,Su,8,0
POI0207,Su,9,0
POI0207,Su,10,0
POI0207,Su,11,23
POI0207,Su,12,34
POI0207,Su,13,43
POI0207,Su,14,52
POI0207,Su,15,58
POI0207,Su,16,61
POI0207,Su,17,58
POI0207,Su,18,0
POI0207,Su,19,0
POI0207,Su,20,0
POI0207,Su,21,0
POI0207,Su,22,0
POI0207,Su,23,0
POI0209,Mo,6,0
POI0209,Mo,7,0
POI0209,Mo,8,23
POI0209,Mo,9,27
POI0209,Mo,10,31
POI0209,Mo,11,34
POI0209,Mo,12,51
POI0209,Mo,13,56
POI0209,Mo,14,55
POI0209,Mo,15,60
POI0209,Mo,16,65
POI0209,Mo,17,66
POI0209,Mo,18,54
POI0209,Mo,19,46
POI0209,Mo,20,0
POI0209,Mo,21,0
POI0209,Mo,22,0
POI0209,Mo,23,0
POI0209,Tu,6,0
POI0209,Tu,7,17
POI0209,Tu,8,26
POI0209,Tu,9,37
POI0209,Tu,10,43
POI0209,Tu,11,50
POI0209,Tu,12,60
POI0209,Tu,13,66
POI0209,Tu,14,63
POI0209,Tu,15,58
POI0209,Tu,16,54
POI0209,Tu,17,54
POI0209,Tu,18,50
POI0209,Tu,19,43
POI0209,Tu,20,24
POI0209,Tu,21,16
POI0209,Tu,22,0
POI0209,Tu,23,0
POI0209,We,6,0
POI0209,We,7,27
POI0209,We,8,38
POI0209,We,9,44
POI0209,We,10,45
POI0209,We,11,48
POI0209,We,12,53
POI0209,We,13,55
POI0209,We,14,54
POI0209,We,15,61
POI0209,We,16,66
POI0209,We,17,59
POI0209,We,18,50
POI0209,We,19,41
POI0209,We,20,32
POI0209,We,21,25
POI0209,We,22,0
POI0209,We,23,0
POI0209,Th,6,0
POI0209,Th,7,9
POI0209,Th,8,15
POI0209,Th,9,24
POI0209,Th,10,37
POI0209,Th,11,48
POI0209,Th,12,56
POI0209,Th,13,72
POI0209,Th,14,82
POI0209,Th,15,90
POI0209,Th,16,75
POI0209,Th,17,69
POI0209,Th,18,65
POI0209,Th,19,59
POI0209,Th,20,46
POI0209,Th,22,0
POI0209,Th,23,0
POI0209,Fr,6,0
POI0209,Fr,7,10
POI0209,Fr,8,19
POI0209,Fr,9,38
POI0209,Fr,10,62
POI0209,Fr,11,79
POI0209,Fr,12,94
POI0209,Fr,13,93
POI0209,Fr,14,88
POI0209,Fr,15,76
POI0209,Fr,16,68
POI0209,Fr,17,54
POI0209,Fr,18,47
POI0209,Fr,19,39
POI0209,Fr,20,31
POI0209,Fr,21,20
POI0209,Fr,22,0
POI0209,Fr,23,0
POI0209,Sa,6,0
POI0209,Sa,7,11
POI0209,Sa,8,15
POI0209,Sa,9,26
POI0209,Sa,10,39
POI0209,Sa,11,50
POI0209,Sa,12,53
POI0209,Sa,13,62
POI0209,Sa,14,69
POI0209,Sa,15,73
POI0209,Sa,16,73
POI0209,Sa,17,68
POI0209,Sa,18,69
POI0209,Sa,19,53
POI0209,Sa,20,38
POI0209,Sa,21,24
POI0209,Sa,22,0
POI0209,Sa,23,0
POI0209,Su,6,0
POI0209,Su,7,0
POI0209,Su,8,18
POI0209,Su,9,36
POI0209,Su,10,67
POI0209,Su,11,97
POI0209,Su,12,100
POI0209,Su,13,70
POI0209,Su,14,50
POI0209,Su,15,51
POI0209,Su,16,72
POI0209,Su,17,84
POI0209,Su,18,84
POI0209,Su,19,0
POI0209,Su,20,0
POI0209,Su,21,0
POI0209,Su,22,0
POI0209,Su,23,0
POI0215,Tu,6,0
POI0215,Tu,7,0
POI0215,Tu,8,0
POI0215,Tu,9,0
POI0215,Tu,10,0
POI0215,Tu,11,39
POI0215,Tu,12,50
POI0215,Tu,13,57
POI0215,Tu,14,61
POI0215,Tu,15,60
POI0215,Tu,16,56
POI0215,Tu,17,47
POI0215,Tu,18,0
POI0215,Tu,19,0
POI0215,Tu,20,0
POI0215,Tu,21,0
POI0215,Tu,22,0
POI0215,Tu,23,0
POI0215,We,6,0
POI0215,We,7,0
POI0215,We,8,0
POI0215,We,9,0
POI0215,We,10,0
POI0215,We,11,29
POI0215,We,12,35
POI0215,We,13,42
POI0215,We,14,60
POI0215,We,15,64
POI0215,We,16,68
POI0215,We,17,64
POI0215,We,18,0
POI0215,We,19,0
POI0215,We,20,0
POI0215,We,21,0
POI0215,We,22,0
POI0215,We,23,0
POI0215,Th,6,0
POI0215,Th,7,0
POI0215,Th,8,0
POI0215,Th,9,0
POI0215,Th,10,0
POI0215,Th,11,42
POI0215,Th,12,50
POI0215,Th,13,58
POI0215,Th,14,73
POI0215,Th,15,91
POI0215,Th,16,100
POI0215,Th,17,85
POI0215,Th,18,0
POI0215,Th,19,0
POI0215,Th,20,0
POI0215,Th,21,0
POI0215,Th,22,0
POI0215,Th,23,0
POI0215,Fr,6,0
POI0215,Fr,7,0
POI0215,Fr,8,0
POI0215,Fr,9,0
POI0215,Fr,10,0
POI0215,Fr,11,26
POI0215,Fr,12,35
POI0215,Fr,13,44
POI0215,Fr,14,54
POI0215,Fr,15,58
POI0215,Fr,16,53
POI0215,Fr,17,41
POI0215,Fr,18,0
POI0215,Fr,19,0
POI0215,Fr,20,0
POI0215,Fr,21,0
POI0215,Fr,22,0
POI0215,Fr,23,0
POI0215,Sa,6,0
POI0215,Sa,7,0
POI0215,Sa,8,0
POI0215,Sa,9,0
POI0215,Sa,10,19
POI0215,Sa,11,25
POI0215,Sa,12,27
POI0215,Sa,13,33
POI0215,Sa,14,43
POI0215,Sa,15,59
POI0215,Sa,16,67
POI0215,Sa,17,60
POI0215,Sa,18,0
POI0215,Sa,19,0
POI0215,Sa,20,0
POI0215,Sa,21,0
POI0215,Sa,22,0
POI0215,Sa,23,0
POI0215,Su,6,0
POI0215,Su,7,0
POI0215,Su,8,0
POI0215,Su,9,0
POI0215,Su,10,22
POI0215,Su,11,34
POI0215,Su,12,50
POI0215,Su,13,61
POI0215,Su,14,72
POI0215,Su,15,78
POI0215,Su,16,83
POI0215,Su,17,72
POI0215,Su,18,0
POI0215,Su,19,0
POI0215,Su,20,0
POI0215,Su,21,0
POI0215,Su,22,0
POI0215,Su,23,0
POI0216,Mo,6,0
POI0216,Mo,7,0
POI0216,Mo,8,26
POI0216,Mo,9,35
POI0216,Mo,10,45
POI0216,Mo,11,46
POI0216,Mo,12,47
POI0216,Mo,13,49
POI0216,Mo,14,53
POI0216,Mo,15,57
POI0216,Mo,16,71
POI0216,Mo,17,79
POI0216,Mo,18,76
POI0216,Mo,19,69
POI0216,Mo,20,0
POI0216,Mo,21,0
POI0216,Mo,22,0
POI0216,Mo,23,0
POI0216,Tu,6,0
POI0216,Tu,7,0
POI0216,Tu,8,30
POI0216,Tu,9,44
POI0216,Tu,10,56
POI0216,Tu,11,57
POI0216,Tu,12,54
POI0216,Tu,13,51
POI0216,Tu,14,46
POI0216,Tu,15,49
POI0216,Tu,16,58
POI0216,Tu,17,68
POI0216,Tu,18,69
POI0216,Tu,19,61
POI0216,Tu,20,0
POI0216,Tu,21,0
POI0216,Tu,22,0
POI0216,Tu,23,0
POI0216,We,6,0
POI0216,We,7,0
POI0216,We,8,21
POI0216,We,9,24
POI0216,We,10,31
POI0216,We,11,45
POI0216,We,12,47
POI0216,We,13,52
POI0216,We,14,47
POI0216,We,15,49
POI0216,We,16,59
POI0216,We,17,65
POI0216,We,18,68
POI0216,We,19,60
POI0216,We,20,0
POI0216,We,21,0
POI0216,We,22,0
POI0216,We,23,0
POI0216,Th,6,0
POI0216,Th,7,0
POI0216,Th,8,35
POI0216,Th,9,48
POI0216,Th,10,59
POI0216,Th,11,59
POI0216,Th,12,58
POI0216,Th,13,58
POI0216,Th,14,68
POI0216,Th,15,76
POI0216,Th,16,83
POI0216,Th,17,81
POI0216,Th,18,80
POI0216,Th,19,60
POI0216,Th,20,0
POI0216,Th,21,0
POI0216,Th,22,0
POI0216,Th,23,0
POI0216,Fr,6,0
POI0216,Fr,7,0
POI0216,Fr,8,34
POI0216,Fr,9,43
POI0216,Fr,10,50
POI0216,Fr,11,60
POI0216,Fr,12,62
POI0216,Fr,13,68
POI0216,Fr,14,63
POI0216,Fr,15,64
POI0216,Fr,16,77
POI0216,Fr,17,78
POI0216,Fr,18,77
POI0216,Fr,19,51
POI0216,Fr,20,0
POI0216,Fr,21,0
POI0216,Fr,22,0
POI0216,Fr,23,0
POI0216,Sa,6,0
POI0216,Sa,7,0
POI0216,Sa,8,27
POI0216,Sa,9,47
POI0216,Sa,10,53
POI0216,Sa,11,57
POI0216,Sa,12,55
POI0216,Sa,13,57
POI0216,Sa,14,65
POI0216,Sa,15,75
POI0216,Sa,16,90
POI0216,Sa,17,100
POI0216,Sa,18,90
POI0216,Sa,19,89
POI0216,Sa,20,0
POI0216,Sa,21,0
POI0216,Sa,22,0
POI0216,Sa,23,0
POI0216,Su,6,0
POI0216,Su,7,0
POI0216,Su,8,27
POI0216,Su,9,44
POI0216,Su,10,65
POI0216,Su,11,73
POI0216,Su,12,75
POI0216,Su,13,67
POI0216,Su,14,65
POI0216,Su,15,62
POI0216,Su,16,66
POI0216,Su,17,60
POI0216,Su,18,60
POI0216,Su,19,54
POI0216,Su,20,0
POI0216,Su,21,0
POI0216,Su,22,0
POI0216,Su,23,0
POI0228,Mo,6,0
POI0228,Mo,7,0
POI0228,Mo,8,0
POI0228,Mo,9,24
POI0228,Mo,10,35
POI0228,Mo,11,46
POI0228,Mo,12,66
POI0228,Mo,13,71
POI0228,Mo,14,66
POI0228,Mo,15,53
POI0228,Mo,16,48
POI0228,Mo,17,51
POI0228,Mo,18,53
POI0228,Mo,19,41
POI0228,Mo,20,0
POI0228,Mo,21,0
POI0228,Mo,22,0
POI0228,Mo,23,0
POI0228,Tu,6,0
POI0228,Tu,7,0
POI0228,Tu,8,0
POI0228,Tu,9,30
POI0228,Tu,10,42
POI0228,Tu,11,57
POI0228,Tu,12,77
POI0228,Tu,13,80
POI0228,Tu,14,72
POI0228,Tu,15,64
POI0228,Tu,16,63
POI0228,Tu,17,62
POI0228,Tu,18,65
POI0228,Tu,19,50
POI0228,Tu,20,0
POI0228,Tu,21,0
POI0228,Tu,22,0
POI0228,Tu,23,0
POI0228,We,6,0
POI0228,We,7,0
POI0228,We,8,0
POI0228,We,9,31
POI0228,We,10,50
POI0228,We,11,67
POI0228,We,12,91
POI0228,We,13,91
POI0228,We,14,81
POI0228,We,15,63
POI0228,We,16,56
POI0228,We,17,50
POI0228,We,18,54
POI0228,We,19,43
POI0228,We,20,0
POI0228,We,21,0
POI0228,We,22,0
POI0228,We,23,0
POI0228,Th,6,0
POI0228,Th,7,0
POI0228,Th,8,0
POI0228,Th,9,26
POI0228,Th,10,44
POI0228,Th,11,60
POI0228,Th,12,80
POI0228,Th,13,80
POI0228,Th,14,74
POI0228,Th,15,64
POI0228,Th,16,63
POI0228,Th,17,66
POI0228,Th,18,71
POI0228,Th,19,62
POI0228,Th,20,0
POI0228,Th,21,0
POI0228,Th,22,0
POI0228,Th,23,0
POI0228,Fr,6,0
POI0228,Fr,7,0
POI0228,Fr,8,0
POI0228,Fr,9,22
POI0228,Fr,10,42
POI0228,Fr,11,63
POI0228,Fr,12,90
POI0228,Fr,13,95
POI0228,Fr,14,84
POI0228,Fr,15,74
POI0228,Fr,16,71
POI0228,Fr,17,68
POI0228,Fr,18,57
POI0228,Fr,19,42
POI0228,Fr,20,0
POI0228,Fr,21,0
POI0228,Fr,22,0
POI0228,Fr,23,0
POI0228,Sa,6,0
POI0228,Sa,7,0
POI0228,Sa,8,0
POI0228,Sa,9,27
POI0228,Sa,10,44
POI0228,Sa,11,58
POI0228,Sa,12,57
POI0228,Sa,13,60
POI0228,Sa,14,66
POI0228,Sa,15,80
POI0228,Sa,16,93
POI0228,Sa,17,95
POI0228,Sa,18,93
POI0228,Sa,19,72
POI0228,Sa,20,0
POI0228,Sa,21,0
POI0228,Sa,22,0
POI0228,Sa,23,0
POI0228,Su,6,0
POI0228,Su,7,0
POI0228,Su,8,0
POI0228,Su,9,48
POI0228,Su,10,82
POI0228,Su,11,99
POI0228,Su,12,100
POI0228,Su,13,73
POI0228,Su,14,58
POI0228,Su,15,54
POI0228,Su,16,60
POI0228,Su,17,70
POI0228,Su,18,77
POI0228,Su,19,64
POI0228,Su,20,0
POI0228,Su,21,0
POI0228,Su,22,0
POI0228,Su,23,0
POI0230,Tu,6,0
POI0230,Tu,7,0
POI0230,Tu,8,0
POI0230,Tu,9,0
POI0230,Tu,10,45
POI0230,Tu,11,53
POI0230,Tu,12,62
POI0230,Tu,13,64
POI0230,Tu,14,70
POI0230,Tu,15,74
POI0230,Tu,16,74
POI0230,Tu,17,62
POI0230,Tu,18,0
POI0230,Tu,19,0
POI0230,Tu,20,0
POI0230,Tu,21,0
POI0230,Tu,22,0
POI0230,Tu,23,0
POI0230,We,6,0
POI0230,We,7,0
POI0230,We,8,0
POI0230,We,9,0
POI0230,We,10,43
POI0230,We,11,51
POI0230,We,12,53
POI0230,We,13,55
POI0230,We,14,52
POI0230,We,15,57
POI0230,We,16,55
POI0230,We,17,49
POI0230,We,18,0
POI0230,We,19,0
POI0230,We,20,0
POI0230,We,21,0
POI0230,We,22,0
POI0230,We,23,0
POI0230,Th,6,0
POI0230,Th,7,0
POI0230,Th,8,0
POI0230,Th,9,0
POI0230,Th,10,48
POI0230,Th,11,61
POI0230,Th,12,64
POI0230,Th,13,64
POI0230,Th,14,64
POI0230,Th,15,64
POI0230,Th,16,64
POI0230,Th,17,53
POI0230,Th,18,0
POI0230,Th,19,0
POI0230,Th,20,0
POI0230,Th,21,0
POI0230,Th,22,0
POI0230,Th,23,0
POI0230,Fr,6,0
POI0230,Fr,7,0
POI0230,Fr,8,0
POI0230,Fr,9,0
POI0230,Fr,10,47
POI0230,Fr,11,54
POI0230,Fr,12,63
POI0230,Fr,13,67
POI0230,Fr,14,73
POI0230,Fr,15,75
POI0230,Fr,16,71
POI0230,Fr,17,51
POI0230,Fr,18,0
POI0230,Fr,19,0
POI0230,Fr,20,0
POI0230,Fr,21,0
POI0230,Fr,22,0
POI0230,Fr,23,0
POI0230,Sa,6,0
POI0230,Sa,7,0
POI0230,Sa,8,0
POI0230,Sa,9,0
POI0230,Sa,10,82
POI0230,Sa,11,96
POI0230,Sa,12,89
POI0230,Sa,13,83
POI0230,Sa,14,89
POI0230,Sa,15,97
POI0230,Sa,16,91
POI0230,Sa,17,75
POI0230,Sa,18,0
POI0230,Sa,19,0
POI0230,Sa,20,0
POI0230,Sa,21,0
POI0230,Sa,22,0
POI0230,Sa,23,0
POI0230,Su,6,0
POI0230,Su,7,0
POI0230,Su,8,0
POI0230,Su,9,0
POI0230,Su,10,53
POI0230,Su,11,64
POI0230,Su,12,74
POI0230,Su,13,67
POI0230,Su,14,81
POI0230,Su,15,91
POI0230,Su,16,100
POI0230,Su,17,78
POI0230,Su,18,0
POI0230,Su,19,0
POI0230,Su,20,0
POI0230,Su,21,0
POI0230,Su,22,0
POI0230,Su,23,0
POI0236,Mo,6,0
POI0236,Mo,7,0
POI0236,Mo,8,0
POI0236,Mo,9,0
POI0236,Mo,10,31
POI0236,Mo,11,46
POI0236,Mo,12,63
POI0236,Mo,13,70
POI0236,Mo,14,71
POI0236,Mo,15,71
POI0236,Mo,16,64
POI0236,Mo,17,50
POI0236,Mo,18,0
POI0236,Mo,19,0
POI0236,Mo,20,0
POI0236,Mo,21,0
POI0236,Mo,22,0
POI0236,Mo,23,0
POI0236,Tu,6,0
POI0236,Tu,7,0
POI0236,Tu,8,0
POI0236,Tu,9,0
POI0236,Tu,10,30
POI0236,Tu,11,46
POI0236,Tu,12,62
POI0236,Tu,13,67
POI0236,Tu,14,64
POI0236,Tu,15,59
POI0236,Tu,16,53
POI0236,Tu,17,41
POI0236,Tu,18,0
POI0236,Tu,19,0
POI0236,Tu,20,0
POI0236,Tu,21,0
POI0236,Tu,22,0
POI0236,Tu,23,0
POI0236,We,6,0
POI0236,We,7,0
POI0236,We,8,0
POI0236,We,9,0
POI0236,We,10,31
POI0236,We,11,47
POI0236,We,12,62
POI0236,We,13,68
POI0236,We,14,67
POI0236,We,15,65
POI0236,We,16,57
POI0236,We,17,45
POI0236,We,18,0
POI0236,We,19,0
POI0236,We,20,0
POI0236,We,21,0
POI0236,We,22,0
POI0236,We,23,0
POI0236,Th,6,0
POI0236,Th,7,0
POI0236,Th,8,0
POI0236,Th,9,0
POI0236,Th,10,30
POI0236,Th,11,45
POI0236,Th,12,63
POI0236,Th,13,72
POI0236,Th,14,71
POI0236,Th,15,67
POI0236,Th,16,60
POI0236,Th,17,50
POI0236,Th,18,0
POI0236,Th,19,0
POI0236,Th,20,0
POI0236,Th,21,0
POI0236,Th,22,0
POI0236,Th,23,0
POI0236,Fr,6,0
POI0236,Fr,7,0
POI0236,Fr,8,0
POI0236,Fr,9,0
POI0236,Fr,10,31
POI0236,Fr,11,46
POI0236,Fr,12,61
POI0236,Fr,13,68
POI0236,Fr,14,68
POI0236,Fr,15,69
POI0236,Fr,16,65
POI0236,Fr,17,54
POI0236,Fr,18,0
POI0236,Fr,19,0
POI0236,Fr,20,0
POI0236,Fr,21,0
POI0236,Fr,22,0
POI0236,Fr,23,0
POI0236,Sa,6,0
POI0236,Sa,7,0
POI0236,Sa,8,0
POI0236,Sa,9,0
POI0236,Sa,10,24
POI0236,Sa,11,37
POI0236,Sa,12,51
POI0236,Sa,13,64
POI0236,Sa,14,79
POI0236,Sa,15,95
POI0236,Sa,16,100
POI0236,Sa,17,84
POI0236,Sa,18,0
POI0236,Sa,19,0
POI0236,Sa,20,0
POI0236,Sa,21,0
POI0236,Sa,22,0
POI0236,Sa,23,0
POI0236,Su,6,0
POI0236,Su,7,0
POI0236,Su,8,0
POI0236,Su,9,0
POI0236,Su,10,22
POI0236,Su,11,36
POI0236,Su,12,49
POI0236,Su,13,64
POI0236,Su,14,80
POI0236,Su,15,95
POI0236,Su,16,95
POI0236,Su,17,76
POI0236,Su,18,0
POI0236,Su,19,0
POI0236,Su,20,0
POI0236,Su,21,0
POI0236,Su,22,0
POI0236,Su,23,0
POI0240,Mo,6,0
POI0240,Mo,7,11
POI0240,Mo,8,22
POI0240,Mo,9,33
POI0240,Mo,10,48
POI0240,Mo,11,54
POI0240,Mo,12,52
POI0240,Mo,13,0
POI0240,Mo,14,49
POI0240,Mo,15,59
POI0240,Mo,16,64
POI0240,Mo,17,58
POI0240,Mo,18,41
POI0240,Mo,19,0
POI0240,Mo,20,0
POI0240,Mo,21,0
POI0240,Mo,22,0
POI0240,Mo,23,0
POI0240,Tu,6,0
POI0240,Tu,7,15
POI0240,Tu,8,27
POI0240,Tu,9,44
POI0240,Tu,10,64
POI0240,Tu,11,80
POI0240,Tu,12,89
POI0240,Tu,13,91
POI0240,Tu,14,87
POI0240,Tu,15,89
POI0240,Tu,16,86
POI0240,Tu,17,71
POI0240,Tu,18,49
POI0240,Tu,19,0
POI0240,Tu,20,0
POI0240,Tu,21,0
POI0240,Tu,22,0
POI0240,Tu,23,0
POI0240,We,6,0
POI0240,We,7,13
POI0240,We,8,27
POI0240,We,9,45
POI0240,We,10,67
POI0240,We,11,76
POI0240,We,12,73
POI0240,We,13,0
POI0240,We,14,58
POI0240,We,15,66
POI0240,We,16,68
POI0240,We,17,61
POI0240,We,18,43
POI0240,We,19,0
POI0240,We,20,0
POI0240,We,21,0
POI0240,We,22,0
POI0240,We,23,0
POI0240,Th,6,0
POI0240,Th,7,11
POI0240,Th,8,23
POI0240,Th,9,38
POI0240,Th,10,54
POI0240,Th,11,61
POI0240,Th,12,58
POI0240,Th,13,0
POI0240,Th,14,49
POI0240,Th,15,58
POI0240,Th,16,65
POI0240,Th,17,60
POI0240,Th,18,43
POI0240,Th,19,0
POI0240,Th,20,0
POI0240,Th,21,0
POI0240,Th,22,0
POI0240,Th,23,0
POI0240,Fr,6,0
POI0240,Fr,7,12
POI0240,Fr,8,24
POI0240,Fr,9,40
POI0240,Fr,10,55
POI0240,Fr,11,63
POI0240,Fr,12,60
POI0240,Fr,13,0
POI0240,Fr,14,61
POI0240,Fr,15,77
POI0240,Fr,16,81
POI0240,Fr,17,67
POI0240,Fr,18,46
POI0240,Fr,19,0
POI0240,Fr,20,0
POI0240,Fr,21,0
POI0240,Fr,22,0
POI0240,Fr,23,0
POI0240,Sa,6,0
POI0240,Sa,7,11
POI0240,Sa,8,20
POI0240,Sa,9,37
POI0240,Sa,10,56
POI0240,Sa,11,68
POI0240,Sa,12,65
POI0240,Sa,13,0
POI0240,Sa,14,64
POI0240,Sa,15,84
POI0240,Sa,16,98
POI0240,Sa,17,92
POI0240,Sa,18,70
POI0240,Sa,19,0
POI0240,Sa,20,0
POI0240,Sa,21,0
POI0240,Sa,22,0
POI0240,Sa,23,0
POI0240,Su,6,0
POI0240,Su,7,24
POI0240,Su,8,42
POI0240,Su,9,67
POI0240,Su,10,86
POI0240,Su,11,100
POI0240,Su,12,85
POI0240,Su,13,0
POI0240,Su,14,53
POI0240,Su,15,61
POI0240,Su,16,65
POI0240,Su,17,56
POI0240,Su,18,39
POI0240,Su,19,0
POI0240,Su,20,0
POI0240,Su,21,0
POI0240,Su,22,0
POI0240,Su,23,0
POI0241,Mo,6,0
POI0241,Mo,7,0
POI0241,Mo,8,0
POI0241,Mo,9,0
POI0241,Mo,10,41
POI0241,Mo,11,55
POI0241,Mo,12,66
POI0241,Mo,13,69
POI0241,Mo,14,73
POI0241,Mo,15,79
POI0241,Mo,16,72
POI0241,Mo,17,61
POI0241,Mo,18,33
POI0241,Mo,19,0
POI0241,Mo,20,0
POI0241,Mo,21,0
POI0241,Mo,22,0
POI0241,Mo,23,0
POI0241,Tu,6,0
POI0241,Tu,7,0
POI0241,Tu,8,0
POI0241,Tu,9,0
POI0241,Tu,10,30
POI0241,Tu,11,44
POI0241,Tu,12,43
POI0241,Tu,13,40
POI0241,Tu,14,41
POI0241,Tu,15,37
POI0241,Tu,16,38
POI0241,Tu,17,32
POI0241,Tu,18,29
POI0241,Tu,19,0
POI0241,Tu,20,0
POI0241,Tu,21,0
POI0241,Tu,22,0
POI0241,Tu,23,0
POI0241,We,6,0
POI0241,We,7,0
POI0241,We,8,0
POI0241,We,9,0
POI0241,We,10,33
POI0241,We,11,42
POI0241,We,12,46
POI0241,We,13,48
POI0241,We,14,51
POI0241,We,15,57
POI0241,We,16,55
POI0241,We,17,49
POI0241,We,18,34
POI0241,We,19,0
POI0241,We,20,0
POI0241,We,21,0
POI0241,We,22,0
POI0241,We,23,0
POI0241,Th,6,0
POI0241,Th,7,0
POI0241,Th,8,0
POI0241,Th,9,0
POI0241,Th,10,30
POI0241,Th,11,37
POI0241,Th,12,46
POI0241,Th,13,48
POI0241,Th,14,51
POI0241,Th,15,55
POI0241,Th,16,53
POI0241,Th,17,51
POI0241,Th,18,41
POI0241,Th,19,0
POI0241,Th,20,0
POI0241,Th,21,0
POI0241,Th,22,0
POI0241,Th,23,0
POI0241,Fr,6,0
POI0241,Fr,7,0
POI0241,Fr,8,0
POI0241,Fr,9,0
POI0241,Fr,10,27
POI0241,Fr,11,40
POI0241,Fr,12,51
POI0241,Fr,13,56
POI0241,Fr,14,61
POI0241,Fr,15,63
POI0241,Fr,16,61
POI0241,Fr,17,47
POI0241,Fr,18,32
POI0241,Fr,19,0
POI0241,Fr,20,0
POI0241,Fr,21,0
POI0241,Fr,22,0
POI0241,Fr,23,0
POI0241,Sa,6,0
POI0241,Sa,7,0
POI0241,Sa,8,0
POI0241,Sa,9,0
POI0241,Sa,10,51
POI0241,Sa,11,61
POI0241,Sa,12,66
POI0241,Sa,13,76
POI0241,Sa,14,87
POI0241,Sa,15,100
POI0241,Sa,16,86
POI0241,Sa,17,74
POI0241,Sa,18,49
POI0241,Sa,19,0
POI0241,Sa,20,0
POI0241,Sa,21,0
POI0241,Sa,22,0
POI0241,Sa,23,0
POI0241,Su,6,0
POI0241,Su,7,0
POI0241,Su,8,0
POI0241,Su,9,0
POI0241,Su,10,41
POI0241,Su,11,58
POI0241,Su,12,66
POI0241,Su,13,66
POI0241,Su,14,61
POI0241,Su,15,61
POI0241,Su,16,59
POI0241,Su,17,56
POI0241,Su,18,40
POI0241,Su,19,0
POI0241,Su,20,0
POI0241,Su,21,0
POI0241,Su,22,0
POI0241,Su,23,0
POI0246,Mo,6,0
POI0246,Mo,7,0
POI0246,Mo,8,0
POI0246,Mo,9,0
POI0246,Mo,10,65
POI0246,Mo,11,76
POI0246,Mo,12,84
POI0246,Mo,13,88
POI0246,Mo,14,91
POI0246,Mo,15,92
POI0246,Mo,16,82
POI0246,Mo,17,61
POI0246,Mo,18,0
POI0246,Mo,19,0
POI0246,Mo,20,0
POI0246,Mo,21,0
POI0246,Mo,22,0
POI0246,Mo,23,0
POI0246,Tu,6,0
POI0246,Tu,7,0
POI0246,Tu,8,0
POI0246,Tu,9,0
POI0246,Tu,10,61
POI0246,Tu,11,75
POI0246,Tu,12,82
POI0246,Tu,13,86
POI0246,Tu,14,93
POI0246,Tu,15,98
POI0246,Tu,16,90
POI0246,Tu,17,68
POI0246,Tu,18,0
POI0246,Tu,19,0
POI0246,Tu,20,0
POI0246,Tu,21,0
POI0246,Tu,22,0
POI0246,Tu,23,0
POI0246,We,6,0
POI0246,We,7,0
POI0246,We,8,0
POI0246,We,9,0
POI0246,We,10,63
POI0246,We,11,71
POI0246,We,12,78
POI0246,We,13,79
POI0246,We,14,86
POI0246,We,15,88
POI0246,We,16,82
POI0246,We,17,58
POI0246,We,18,0
POI0246,We,19,0
POI0246,We,20,0
POI0246,We,21,0
POI0246,We,22,0
POI0246,We,23,0
POI0246,Th,6,0
POI0246,Th,7,0
POI0246,Th,8,0
POI0246,Th,9,0
POI0246,Th,10,74
POI0246,Th,11,80
POI0246,Th,12,81
POI0246,Th,13,79
POI0246,Th,14,87
POI0246,Th,15,95
POI0246,Th,16,91
POI0246,Th,17,68
POI0246,Th,18,0
POI0246,Th,19,0
POI0246,Th,20,0
POI0246,Th,21,0
POI0246,Th,22,0
POI0246,Th,23,0
POI0246,Fr,6,0
POI0246,Fr,7,0
POI0246,Fr,8,0
POI0246,Fr,9,0
POI0246,Fr,10,67
POI0246,Fr,11,83
POI0246,Fr,12,87
POI0246,Fr,13,88
POI0246,Fr,14,91
POI0246,Fr,15,91
POI0246,Fr,16,85
POI0246,Fr,17,62
POI0246,Fr,18,0
POI0246,Fr,19,0
POI0246,Fr,20,0
POI0246,Fr,21,0
POI0246,Fr,22,0
POI0246,Fr,23,0
POI0246,Sa,6,0
POI0246,Sa,7,0
POI0246,Sa,8,0
POI0246,Sa,9,0
POI0246,Sa,10,66
POI0246,Sa,11,82
POI0246,Sa,12,86
POI0246,Sa,13,87
POI0246,Sa,14,94
POI0246,Sa,15,100
POI0246,Sa,16,94
POI0246,Sa,17,71
POI0246,Sa,18,0
POI0246,Sa,19,0
POI0246,Sa,20,0
POI0246,Sa,21,0
POI0246,Sa,22,0
POI0246,Sa,23,0
POI0246,Su,6,0
POI0246,Su,7,0
POI0246,Su,8,0
POI0246,Su,9,0
POI0246,Su,10,56
POI0246,Su,11,68
POI0246,Su,12,71
POI0246,Su,13,75
POI0246,Su,14,80
POI0246,Su,15,86
POI0246,Su,16,81
POI0246,Su,17,54
POI0246,Su,18,0
POI0246,Su,19,0
POI0246,Su,20,0
POI0246,Su,21,0
POI0246,Su,22,0
POI0246,Su,23,0
POI0250,Mo,6,0
POI0250,Mo,7,12
POI0250,Mo,8,21
POI0250,Mo,9,27
POI0250,Mo,10,31
POI0250,Mo,11,36
POI0250,Mo,12,47
POI0250,Mo,13,55
POI0250,Mo,14,60
POI0250,Mo,15,55
POI0250,Mo,16,50
POI0250,Mo,17,51
POI0250,Mo,18,56
POI0250,Mo,19,68
POI0250,Mo,20,76
POI0250,Mo,21,75
POI0250,Mo,22,61
POI0250,Mo,23,39
POI0250,Tu,6,0
POI0250,Tu,7,20
POI0250,Tu,8,28
POI0250,Tu,9,36
POI0250,Tu,10,38
POI0250,Tu,11,43
POI0250,Tu,12,51
POI0250,Tu,13,59
POI0250,Tu,14,58
POI0250,Tu,15,61
POI0250,Tu,16,60
POI0250,Tu,17,62
POI0250,Tu,18,63
POI0250,Tu,19,76
POI0250,Tu,20,85
POI0250,Tu,21,85
POI0250,Tu,22,65
POI0250,Tu,23,41
POI0250,We,6,0
POI0250,We,7,9
POI0250,We,8,14
POI0250,We,9,23
POI0250,We,10,37
POI0250,We,11,47
POI0250,We,12,56
POI0250,We,13,58
POI0250,We,14,55
POI0250,We,15,54
POI0250,We,16,51
POI0250,We,17,61
POI0250,We,18,72
POI0250,We,19,93
POI0250,We,20,97
POI0250,We,21,94
POI0250,We,22,72
POI0250,We,23,48
POI0250,Th,6,0
POI0250,Th,7,12
POI0250,Th,8,16
POI0250,Th,9,21
POI0250,Th,10,27
POI0250,Th,11,37
POI0250,Th,12,46
POI0250,Th,13,56
POI0250,Th,14,57
POI0250,Th,15,61
POI0250,Th,16,59
POI0250,Th,17,57
POI0250,Th,18,53
POI0250,Th,19,59
POI0250,Th,20,70
POI0250,Th,21,76
POI0250,Th,23,55
POI0250,Fr,6,0
POI0250,Fr,7,16
POI0250,Fr,8,26
POI0250,Fr,9,32
POI0250,Fr,10,36
POI0250,Fr,11,37
POI0250,Fr,12,42
POI0250,Fr,13,51
POI0250,Fr,14,63
POI0250,Fr,15,69
POI0250,Fr,16,69
POI0250,Fr,17,70
POI0250,Fr,18,76
POI0250,Fr,19,85
POI0250,Fr,20,94
POI0250,Fr,21,97
POI0250,Fr,22,85
POI0250,Fr,23,61
POI0250,Sa,6,0
POI0250,Sa,7,7
POI0250,Sa,8,11
POI0250,Sa,9,19
POI0250,Sa,10,27
POI0250,Sa,11,37
POI0250,Sa,12,46
POI0250,Sa,13,52
POI0250,Sa,14,61
POI0250,Sa,15,63
POI0250,Sa,16,70
POI0250,Sa,17,69
POI0250,Sa,18,76
POI0250,Sa,19,83
POI0250,Sa,20,93
POI0250,Sa,21,100
POI0250,Sa,22,88
POI0250,Sa,23,63
POI0250,Su,6,0
POI0250,Su,7,22
POI0250,Su,8,34
POI0250,Su,9,41
POI0250,Su,10,40
POI0250,Su,11,40
POI0250,Su,12,46
POI0250,Su,13,60
POI0250,Su,14,66
POI0250,Su,15,69
POI0250,Su,16,57
POI0250,Su,17,45
POI0250,Su,18,42
POI0250,Su,19,45
POI0250,Su,20,58
POI0250,Su,21,67
POI0250,Su,22,53
POI0250,Su,23,29
POI0251,Mo,6,0
POI0251,Mo,7,0
POI0251,Mo,8,0
POI0251,Mo,9,0
POI0251,Mo,10,0
POI0251,Mo,11,0
POI0251,Mo,12,6
POI0251,Mo,13,8
POI0251,Mo,14,10
POI0251,Mo,15,11
POI0251,Mo,16,14
POI0251,Mo,17,21
POI0251,Mo,18,32
POI0251,Mo,19,44
POI0251,Mo,20,51
POI0251,Mo,21,49
POI0251,Mo,22,40
POI0251,Mo,23,25
POI0251,Tu,6,0
POI0251,Tu,7,0
POI0251,Tu,8,0
POI0251,Tu,9,0
POI0251,Tu,10,0
POI0251,Tu,11,0
POI0251,Tu,12,10
POI0251,Tu,13,15
POI0251,Tu,14,18
POI0251,Tu,15,20
POI0251,Tu,16,22
POI0251,Tu,17,27
POI0251,Tu,18,33
POI0251,Tu,19,41
POI0251,Tu,20,45
POI0251,Tu,21,44
POI0251,Tu,22,38
POI0251,Tu,23,27
POI0251,We,6,0
POI0251,We,7,0
POI0251,We,8,0
POI0251,We,9,0
POI0251,We,10,0
POI0251,We,11,0
POI0251,We,12,10
POI0251,We,13,13
POI0251,We,14,15
POI0251,We,15,17
POI0251,We,16,22
POI0251,We,17,30
POI0251,We,18,45
POI0251,We,19,59
POI0251,We,20,67
POI0251,We,21,66
POI0251,We,22,55
POI0251,We,23,37
POI0251,Th,6,0
POI0251,Th,7,0
POI0251,Th,8,0
POI0251,Th,9,0
POI0251,Th,10,0
POI0251,Th,11,0
POI0251,Th,12,8
POI0251,Th,13,10
POI0251,Th,14,13
POI0251,Th,15,16
POI0251,Th,16,19
POI0251,Th,17,27
POI0251,Th,18,41
POI0251,Th,19,58
POI0251,Th,20,71
POI0251,Th,22,65
POI0251,Th,23,46
POI0251,Fr,6,0
POI0251,Fr,7,0
POI0251,Fr,8,0
POI0251,Fr,9,0
POI0251,Fr,10,0
POI0251,Fr,11,0
POI0251,Fr,12,9
POI0251,Fr,13,13
POI0251,Fr,14,15
POI0251,Fr,15,17
POI0251,Fr,16,21
POI0251,Fr,17,31
POI0251,Fr,18,48
POI0251,Fr,19,73
POI0251,Fr,20,92
POI0251,Fr,21,98
POI0251,Fr,22,86
POI0251,Fr,23,61
POI0251,Sa,6,0
POI0251,Sa,7,0
POI0251,Sa,8,0
POI0251,Sa,9,0
POI0251,Sa,10,12
POI0251,Sa,11,16
POI0251,Sa,12,21
POI0251,Sa,13,27
POI0251,Sa,14,34
POI0251,Sa,15,41
POI0251,Sa,16,48
POI0251,Sa,17,57
POI0251,Sa,18,70
POI0251,Sa,19,85
POI0251,Sa,20,100
POI0251,Sa,21,99
POI0251,Sa,22,87
POI0251,Sa,23,61
POI0251,Su,6,0
POI0251,Su,7,0
POI0251,Su,8,0
POI0251,Su,9,0
POI0251,Su,10,11
POI0251,Su,11,15
POI0251,Su,12,19
POI0251,Su,13,26
POI0251,Su,14,34
POI0251,Su,15,45
POI0251,Su,16,56
POI0251,Su,17,64
POI0251,Su,18,67
POI0251,Su,19,63
POI0251,Su,20,55
POI0251,Su,21,45
POI0251,Su,22,33
POI0251,Su,23,21
POI0254,Mo,6,0
POI0254,Mo,7,0
POI0254,Mo,8,12
POI0254,Mo,9,10
POI0254,Mo,10,13
POI0254,Mo,11,13
POI0254,Mo,12,16
POI0254,Mo,13,17
POI0254,Mo,14,17
POI0254,Mo,15,19
POI0254,Mo,16,15
POI0254,Mo,17,18
POI0254,Mo,18,20
POI0254,Mo,19,30
POI0254,Mo,20,0
POI0254,Mo,21,0
POI0254,Mo,22,0
POI0254,Mo,23,0
POI0254,Tu,6,0
POI0254,Tu,7,0
POI0254,Tu,8,10
POI0254,Tu,9,11
POI0254,Tu,10,11
POI0254,Tu,11,12
POI0254,Tu,12,12
POI0254,Tu,13,12
POI0254,Tu,14,10
POI0254,Tu,15,10
POI0254,Tu,16,12
POI0254,Tu,17,16
POI0254,Tu,18,17
POI0254,Tu,19,16
POI0254,Tu,20,0
POI0254,Tu,21,0
POI0254,Tu,22,0
POI0254,Tu,23,0
POI0254,We,6,0
POI0254,We,7,0
POI0254,We,8,10
POI0254,We,9,10
POI0254,We,10,8
POI0254,We,11,8
POI0254,We,12,8
POI0254,We,13,9
POI0254,We,14,11
POI0254,We,15,14
POI0254,We,16,15
POI0254,We,17,11
POI0254,We,18,14
POI0254,We,19,19
POI0254,We,20,0
POI0254,We,21,0
POI0254,We,22,0
POI0254,We,23,0
POI0254,Th,6,0
POI0254,Th,7,0
POI0254,Th,8,11
POI0254,Th,9,14
POI0254,Th,10,17
POI0254,Th,11,19
POI0254,Th,12,21
POI0254,Th,13,17
POI0254,Th,14,11
POI0254,Th,15,12
POI0254,Th,16,16
POI0254,Th,17,24
POI0254,Th,18,28
POI0254,Th,19,28
POI0254,Th,20,0
POI0254,Th,21,0
POI0254,Th,22,0
POI0254,Th,23,0
POI0254,Fr,6,0
POI0254,Fr,7,0
POI0254,Fr,8,4
POI0254,Fr,9,7
POI0254,Fr,10,15
POI0254,Fr,11,22
POI0254,Fr,12,29
POI0254,Fr,13,32
POI0254,Fr,14,31
POI0254,Fr,15,30
POI0254,Fr,16,27
POI0254,Fr,17,24
POI0254,Fr,18,24
POI0254,Fr,19,22
POI0254,Fr,20,0
POI0254,Fr,21,0
POI0254,Fr,22,0
POI0254,Fr,23,0
POI0254,Sa,6,0
POI0254,Sa,7,0
POI0254,Sa,8,8
POI0254,Sa,9,12
POI0254,Sa,10,16
POI0254,Sa,11,18
POI0254,Sa,12,20
POI0254,Sa,13,19
POI0254,Sa,14,22
POI0254,Sa,15,23
POI0254,Sa,16,29
POI0254,Sa,17,32
POI0254,Sa,18,41
POI0254,Sa,19,48
POI0254,Sa,20,0
POI0254,Sa,21,0
POI0254,Sa,22,0
POI0254,Sa,23,0
POI0254,Su,6,0
POI0254,Su,7,0
POI0254,Su,8,71
POI0254,Su,9,91
POI0254,Su,10,100
POI0254,Su,11,80
POI0254,Su,12,50
POI0254,Su,13,39
POI0254,Su,14,31
POI0254,Su,15,32
POI0254,Su,16,26
POI0254,Su,17,27
POI0254,Su,18,19
POI0254,Su,19,14
POI0254,Su,20,0
POI0254,Su,21,0
POI0254,Su,22,0
POI0254,Su,23,0
POI0255,Mo,6,0
POI0255,Mo,7,0
POI0255,Mo,8,0
POI0255,Mo,9,0
POI0255,Mo,10,15
POI0255,Mo,11,20
POI0255,Mo,12,24
POI0255,Mo,13,24
POI0255,Mo,14,24
POI0255,Mo,15,23
POI0255,Mo,16,20
POI0255,Mo,17,25
POI0255,Mo,18,35
POI0255,Mo,19,60
POI0255,Mo,20,76
POI0255,Mo,21,97
POI0255,Mo,22,92
POI0255,Mo,23,73
POI0255,Tu,6,0
POI0255,Tu,7,0
POI0255,Tu,8,0
POI0255,Tu,9,0
POI0255,Tu,10,21
POI0255,Tu,11,26
POI0255,Tu,12,33
POI0255,Tu,13,33
POI0255,Tu,14,33
POI0255,Tu,15,28
POI0255,Tu,16,26
POI0255,Tu,17,32
POI0255,Tu,18,42
POI0255,Tu,19,62
POI0255,Tu,20,75
POI0255,Tu,21,91
POI0255,Tu,22,92
POI0255,Tu,23,83
POI0255,We,6,0
POI0255,We,7,0
POI0255,We,8,0
POI0255,We,9,0
POI0255,We,10,21
POI0255,We,11,25
POI0255,We,12,30
POI0255,We,13,34
POI0255,We,14,35
POI0255,We,15,32
POI0255,We,16,28
POI0255,We,17,33
POI0255,We,18,45
POI0255,We,19,68
POI0255,We,20,77
POI0255,We,21,84
POI0255,We,22,80
POI0255,We,23,67
POI0255,Th,6,0
POI0255,Th,7,0
POI0255,Th,8,0
POI0255,Th,9,0
POI0255,Th,10,18
POI0255,Th,11,20
POI0255,Th,12,24
POI0255,Th,13,27
POI0255,Th,14,27
POI0255,Th,15,24
POI0255,Th,16,27
POI0255,Th,17,32
POI0255,Th,18,44
POI0255,Th,19,67
POI0255,Th,20,85
POI0255,Th,22,94
POI0255,Th,23,80
POI0255,Fr,6,0
POI0255,Fr,7,0
POI0255,Fr,8,0
POI0255,Fr,9,0
POI0255,Fr,10,16
POI0255,Fr,11,17
POI0255,Fr,12,23
POI0255,Fr,13,30
POI0255,Fr,14,33
POI0255,Fr,15,32
POI0255,Fr,16,32
POI0255,Fr,17,35
POI0255,Fr,18,53
POI0255,Fr,19,65
POI0255,Fr,20,75
POI0255,Fr,21,80
POI0255,Fr,22,80
POI0255,Fr,23,74
POI0255,Sa,6,0
POI0255,Sa,7,0
POI0255,Sa,8,0
POI0255,Sa,9,0
POI0255,Sa,10,0
POI0255,Sa,11,0
POI0255,Sa,12,0
POI0255,Sa,13,0
POI0255,Sa,14,0
POI0255,Sa,15,0
POI0255,Sa,16,0
POI0255,Sa,17,0
POI0255,Sa,18,0
POI0255,Sa,19,67
POI0255,Sa,20,83
POI0255,Sa,21,87
POI0255,Sa,22,97
POI0255,Sa,23,100
POI0255,Su,6,0
POI0255,Su,7,0
POI0255,Su,8,0
POI0255,Su,9,0
POI0255,Su,10,0
POI0255,Su,11,0
POI0255,Su,12,0
POI0255,Su,13,0
POI0255,Su,14,0
POI0255,Su,15,0
POI0255,Su,16,0
POI0255,Su,17,0
POI0255,Su,18,0
POI0255,Su,19,0
POI0255,Su,20,73
POI0255,Su,21,90
POI0255,Su,22,90
POI0255,Su,23,0
POI0259,Mo,6,0
POI0259,Mo,7,0
POI0259,Mo,8,0
POI0259,Mo,9,0
POI0259,Mo,10,34
POI0259,Mo,11,40
POI0259,Mo,12,40
POI0259,Mo,13,38
POI0259,Mo,14,33
POI0259,Mo,15,25
POI0259,Mo,16,22
POI0259,Mo,17,21
POI0259,Mo,18,0
POI0259,Mo,19,0
POI0259,Mo,20,0
POI0259,Mo,21,0
POI0259,Mo,22,0
POI0259,Mo,23,0
POI0259,We,6,0
POI0259,We,7,0
POI0259,We,8,0
POI0259,We,9,0
POI0259,We,10,30
POI0259,We,11,35
POI0259,We,12,36
POI0259,We,13,45
POI0259,We,14,57
POI0259,We,15,62
POI0259,We,16,54
POI0259,We,17,35
POI0259,We,18,0
POI0259,We,19,0
POI0259,We,20,0
POI0259,We,21,0
POI0259,We,22,0
POI0259,We,23,0
POI0259,Th,6,0
POI0259,Th,7,0
POI0259,Th,8,0
POI0259,Th,9,0
POI0259,Th,10,26
POI0259,Th,11,32
POI0259,Th,12,41
POI0259,Th,13,47
POI0259,Th,14,50
POI0259,Th,15,55
POI0259,Th,16,52
POI0259,Th,17,45
POI0259,Th,18,0
POI0259,Th,19,0
POI0259,Th,20,0
POI0259,Th,21,0
POI0259,Th,22,0
POI0259,Th,23,0
POI0259,Fr,6,0
POI0259,Fr,7,0
POI0259,Fr,8,0
POI0259,Fr,9,0
POI0259,Fr,10,27
POI0259,Fr,11,35
POI0259,Fr,12,38
POI0259,Fr,13,48
POI0259,Fr,14,55
POI0259,Fr,15,54
POI0259,Fr,16,43
POI0259,Fr,17,31
POI0259,Fr,18,0
POI0259,Fr,19,0
POI0259,Fr,20,0
POI0259,Fr,21,0
POI0259,Fr,22,0
POI0259,Fr,23,0
POI0259,Sa,6,0
POI0259,Sa,7,0
POI0259,Sa,8,0
POI0259,Sa,9,0
POI0259,Sa,10,20
POI0259,Sa,11,28
POI0259,Sa,12,29
POI0259,Sa,13,36
POI0259,Sa,14,50
POI0259,Sa,15,58
POI0259,Sa,16,57
POI0259,Sa,17,37
POI0259,Sa,18,0
POI0259,Sa,19,0
POI0259,Sa,20,0
POI0259,Sa,21,0
POI0259,Sa,22,0
POI0259,Sa,23,0
POI0259,Su,6,0
POI0259,Su,7,0
POI0259,Su,8,0
POI0259,Su,9,0
POI0259,Su,10,49
POI0259,Su,11,59
POI0259,Su,12,69
POI0259,Su,13,80
POI0259,Su,14,96
POI0259,Su,15,100
POI0259,Su,16,82
POI0259,Su,17,51
POI0259,Su,18,0
POI0259,Su,19,0
POI0259,Su,20,0
POI0259,Su,21,0
POI0259,Su,22,0
POI0259,Su,23,0
POI0260,Mo,6,0
POI0260,Mo,7,0
POI0260,Mo,8,0
POI0260,Mo,9,0
POI0260,Mo,10,0
POI0260,Mo,11,0
POI0260,Mo,12,0
POI0260,Mo,13,69
POI0260,Mo,14,72
POI0260,Mo,15,76
POI0260,Mo,16,80
POI0260,Mo,17,86
POI0260,Mo,18,88
POI0260,Mo,19,0
POI0260,Mo,20,0
POI0260,Mo,21,0
POI0260,Mo,22,0
POI0260,Mo,23,0
POI0260,Tu,6,0
POI0260,Tu,7,0
POI0260,Tu,8,0
POI0260,Tu,9,0
POI0260,Tu,10,0
POI0260,Tu,11,0
POI0260,Tu,12,0
POI0260,Tu,13,67
POI0260,Tu,14,79
POI0260,Tu,15,88
POI0260,Tu,16,96
POI0260,Tu,17,100
POI0260,Tu,18,97
POI0260,Tu,19,0
POI0260,Tu,20,0
POI0260,Tu,21,0
POI0260,Tu,22,0
POI0260,Tu,23,0
POI0260,We,6,0
POI0260,We,7,0
POI0260,We,8,0
POI0260,We,9,0
POI0260,We,10,0
POI0260,We,11,0
POI0260,We,12,0
POI0260,We,13,72
POI0260,We,14,80
POI0260,We,15,84
POI0260,We,16,90
POI0260,We,17,95
POI0260,We,18,98
POI0260,We,19,0
POI0260,We,20,0
POI0260,We,21,0
POI0260,We,22,0
POI0260,We,23,0
POI0260,Th,6,0
POI0260,Th,7,0
POI0260,Th,8,0
POI0260,Th,9,0
POI0260,Th,10,0
POI0260,Th,11,0
POI0260,Th,12,0
POI0260,Th,13,64
POI0260,Th,14,71
POI0260,Th,15,70
POI0260,Th,16,77
POI0260,Th,17,85
POI0260,Th,18,88
POI0260,Th,19,0
POI0260,Th,20,0
POI0260,Th,21,0
POI0260,Th,22,0
POI0260,Th,23,0
POI0260,Fr,6,0
POI0260,Fr,7,0
POI0260,Fr,8,0
POI0260,Fr,9,0
POI0260,Fr,10,0
POI0260,Fr,11,0
POI0260,Fr,12,0
POI0260,Fr,13,48
POI0260,Fr,14,49
POI0260,Fr,15,58
POI0260,Fr,16,64
POI0260,Fr,17,67
POI0260,Fr,18,65
POI0260,Fr,19,0
POI0260,Fr,20,0
POI0260,Fr,21,0
POI0260,Fr,22,0
POI0260,Fr,23,0
POI0260,Sa,6,0
POI0260,Sa,7,0
POI0260,Sa,8,0
POI0260,Sa,9,0
POI0260,Sa,10,0
POI0260,Sa,11,0
POI0260,Sa,12,0
POI0260,Sa,13,57
POI0260,Sa,14,62
POI0260,Sa,15,65
POI0260,Sa,16,62
POI0260,Sa,17,66
POI0260,Sa,18,71
POI0260,Sa,19,0
POI0260,Sa,20,0
POI0260,Sa,21,0
POI0260,Sa,22,0
POI0260,Sa,23,0
POI0262,Mo,6,0
POI0262,Mo,7,0
POI0262,Mo,8,8
POI0262,Mo,9,13
POI0262,Mo,10,19
POI0262,Mo,11,27
POI0262,Mo,12,30
POI0262,Mo,13,36
POI0262,Mo,14,38
POI0262,Mo,15,46
POI0262,Mo,16,57
POI0262,Mo,17,56
POI0262,Mo,18,44
POI0262,Mo,19,29
POI0262,Mo,20,17
POI0262,Mo,21,13
POI0262,Mo,22,0
POI0262,Mo,23,0
POI0262,Tu,6,0
POI0262,Tu,7,0
POI0262,Tu,8,12
POI0262,Tu,9,16
POI0262,Tu,10,23
POI0262,Tu,11,32
POI0262,Tu,12,41
POI0262,Tu,13,44
POI0262,Tu,14,42
POI0262,Tu,15,45
POI0262,Tu,16,48
POI0262,Tu,17,48
POI0262,Tu,18,40
POI0262,Tu,19,26
POI0262,Tu,20,14
POI0262,Tu,21,9
POI0262,Tu,22,0
POI0262,Tu,23,0
POI0262,We,6,0
POI0262,We,7,0
POI0262,We,8,8
POI0262,We,9,11
POI0262,We,10,15
POI0262,We,11,21
POI0262,We,12,24
POI0262,We,13,27
POI0262,We,14,29
POI0262,We,15,36
POI0262,We,16,45
POI0262,We,17,46
POI0262,We,18,40
POI0262,We,19,29
POI0262,We,20,19
POI0262,We,21,14
POI0262,We,22,0
POI0262,We,23,0
POI0262,Th,6,0
POI0262,Th,7,0
POI0262,Th,8,8
POI0262,Th,9,11
POI0262,Th,10,15
POI0262,Th,11,21
POI0262,Th,12,27
POI0262,Th,13,36
POI0262,Th,14,38
POI0262,Th,15,45
POI0262,Th,16,50
POI0262,Th,17,50
POI0262,Th,18,43
POI0262,Th,19,30
POI0262,Th,20,21
POI0262,Th,22,0
POI0262,Th,23,0
POI0262,Fr,6,0
POI0262,Fr,7,0
POI0262,Fr,8,15
POI0262,Fr,9,20
POI0262,Fr,10,28
POI0262,Fr,11,34
POI0262,Fr,12,35
POI0262,Fr,13,37
POI0262,Fr,14,38
POI0262,Fr,15,48
POI0262,Fr,16,54
POI0262,Fr,17,55
POI0262,Fr,18,40
POI0262,Fr,19,25
POI0262,Fr,20,16
POI0262,Fr,21,12
POI0262,Fr,22,0
POI0262,Fr,23,0
POI0262,Sa,6,0
POI0262,Sa,7,0
POI0262,Sa,8,0
POI0262,Sa,9,21
POI0262,Sa,10,31
POI0262,Sa,11,38
POI0262,Sa,12,42
POI0262,Sa,13,46
POI0262,Sa,14,58
POI0262,Sa,15,78
POI0262,Sa,16,97
POI0262,Sa,17,100
POI0262,Sa,18,73
POI0262,Sa,19,47
POI0262,Sa,20,27
POI0262,Sa,21,18
POI0262,Sa,22,0
POI0262,Sa,23,0
POI0262,Su,6,0
POI0262,Su,7,0
POI0262,Su,8,0
POI0262,Su,9,15
POI0262,Su,10,25
POI0262,Su,11,36
POI0262,Su,12,37
POI0262,Su,13,46
POI0262,Su,14,57
POI0262,Su,15,77
POI0262,Su,16,87
POI0262,Su,17,84
POI0262,Su,18,59
POI0262,Su,19,33
POI0262,Su,20,17
POI0262,Su,21,9
POI0262,Su,22,0
POI0262,Su,23,0
POI0265,Tu,6,0
POI0265,Tu,7,0
POI0265,Tu,8,0
POI0265,Tu,9,0
POI0265,Tu,10,32
POI0265,Tu,11,45
POI0265,Tu,12,45
POI0265,Tu,13,50
POI0265,Tu,14,58
POI0265,Tu,15,63
POI0265,Tu,16,57
POI0265,Tu,17,41
POI0265,Tu,18,0
POI0265,Tu,19,0
POI0265,Tu,20,0
POI0265,Tu,21,0
POI0265,Tu,22,0
POI0265,Tu,23,0
POI0265,We,6,0
POI0265,We,7,0
POI0265,We,8,0
POI0265,We,9,0
POI0265,We,10,28
POI0265,We,11,36
POI0265,We,12,40
POI0265,We,13,46
POI0265,We,14,50
POI0265,We,15,50
POI0265,We,16,44
POI0265,We,17,32
POI0265,We,18,0
POI0265,We,19,0
POI0265,We,20,0
POI0265,We,21,0
POI0265,We,22,0
POI0265,We,23,0
POI0265,Th,6,0
POI0265,Th,7,0
POI0265,Th,8,0
POI0265,Th,9,0
POI0265,Th,10,25
POI0265,Th,11,36
POI0265,Th,12,49
POI0265,Th,13,56
POI0265,Th,14,66
POI0265,Th,15,67
POI0265,Th,16,60
POI0265,Th,17,41
POI0265,Th,18,0
POI0265,Th,19,0
POI0265,Th,20,0
POI0265,Th,21,0
POI0265,Th,22,0
POI0265,Th,23,0
POI0265,Fr,6,0
POI0265,Fr,7,0
POI0265,Fr,8,0
POI0265,Fr,9,0
POI0265,Fr,10,32
POI0265,Fr,11,43
POI0265,Fr,12,45
POI0265,Fr,13,51
POI0265,Fr,14,62
POI0265,Fr,15,72
POI0265,Fr,16,71
POI0265,Fr,17,48
POI0265,Fr,18,0
POI0265,Fr,19,0
POI0265,Fr,20,0
POI0265,Fr,21,0
POI0265,Fr,22,0
POI0265,Fr,23,0
POI0265,Sa,6,0
POI0265,Sa,7,0
POI0265,Sa,8,0
POI0265,Sa,9,0
POI0265,Sa,10,41
POI0265,Sa,11,49
POI0265,Sa,12,57
POI0265,Sa,13,63
POI0265,Sa,14,80
POI0265,Sa,15,100
POI0265,Sa,16,100
POI0265,Sa,17,76
POI0265,Sa,18,0
POI0265,Sa,19,0
POI0265,Sa,20,0
POI0265,Sa,21,0
POI0265,Sa,22,0
POI0265,Sa,23,0
POI0265,Su,6,0
POI0265,Su,7,0
POI0265,Su,8,0
POI0265,Su,9,0
POI0265,Su,10,27
POI0265,Su,11,41
POI0265,Su,12,52
POI0265,Su,13,57
POI0265,Su,14,70
POI0265,Su,15,80
POI0265,Su,16,78
POI0265,Su,17,55
POI0265,Su,18,0
POI0265,Su,19,0
POI0265,Su,20,0
POI0265,Su,21,0
POI0265,Su,22,0
POI0265,Su,23,0
POI0267,Mo,0,25
POI0267,Mo,1,35
POI0267,Mo,2,25
POI0267,Mo,3,16
POI0267,Mo,4,10
POI0267,Mo,5,18
POI0267,Mo,6,25
POI0267,Mo,7,35
POI0267,Mo,8,47
POI0267,Mo,9,64
POI0267,Mo,10,81
POI0267,Mo,11,81
POI0267,Mo,12,77
POI0267,Mo,13,75
POI0267,Mo,14,85
POI0267,Mo,15,89
POI0267,Mo,16,93
POI0267,Mo,17,87
POI0267,Mo,18,83
POI0267,Mo,19,66
POI0267,Mo,20,58
POI0267,Mo,21,43
POI0267,Mo,22,37
POI0267,Mo,23,25
POI0267,Tu,0,33
POI0267,Tu,1,29
POI0267,Tu,2,27
POI0267,Tu,3,16
POI0267,Tu,4,20
POI0267,Tu,5,33
POI0267,Tu,6,52
POI0267,Tu,7,56
POI0267,Tu,8,62
POI0267,Tu,9,64
POI0267,Tu,10,77
POI0267,Tu,11,81
POI0267,Tu,12,91
POI0267,Tu,13,100
POI0267,Tu,14,91
POI0267,Tu,15,85
POI0267,Tu,16,72
POI0267,Tu,17,58
POI0267,Tu,18,35
POI0267,Tu,19,33
POI0267,Tu,20,39
POI0267,Tu,21,39
POI0267,Tu,22,37
POI0267,Tu,23,33
POI0267,We,0,35
POI0267,We,1,22
POI0267,We,2,20
POI0267,We,3,18
POI0267,We,4,20
POI0267,We,5,22
POI0267,We,6,33
POI0267,We,7,45
POI0267,We,8,54
POI0267,We,9,54
POI0267,We,10,66
POI0267,We,11,66
POI0267,We,12,89
POI0267,We,13,95
POI0267,We,14,95
POI0267,We,15,79
POI0267,We,16,64
POI0267,We,17,68
POI0267,We,18,62
POI0267,We,19,68
POI0267,We,20,58
POI0267,We,21,50
POI0267,We,22,45
POI0267,We,23,41
POI0267,Th,0,16
POI0267,Th,1,16
POI0267,Th,2,20
POI0267,Th,3,25
POI0267,Th,4,29
POI0267,Th,5,31
POI0267,Th,6,45
POI0267,Th,7,60
POI0267,Th,8,60
POI0267,Th,9,54
POI0267,Th,10,50
POI0267,Th,11,52
POI0267,Th,12,62
POI0267,Th,13,66
POI0267,Th,14,77
POI0267,Th,15,81
POI0267,Th,16,70
POI0267,Th,17,64
POI0267,Th,18,60
POI0267,Th,19,62
POI0267,Th,20,52
POI0267,Th,22,25
POI0267,Th,23,20
POI0267,Fr,0,43
POI0267,Fr,1,27
POI0267,Fr,2,20
POI0267,Fr,3,18
POI0267,Fr,4,20
POI0267,Fr,5,29
POI0267,Fr,6,31
POI0267,Fr,7,35
POI0267,Fr,8,35
POI0267,Fr,9,47
POI0267,Fr,10,56
POI0267,Fr,11,62
POI0267,Fr,12,64
POI0267,Fr,13,68
POI0267,Fr,14,66
POI0267,Fr,15,66
POI0267,Fr,16,68
POI0267,Fr,17,52
POI0267,Fr,18,47
POI0267,Fr,19,52
POI0267,Fr,20,66
POI0267,Fr,21,79
POI0267,Fr,22,81
POI0267,Fr,23,60
POI0267,Sa,0,31
POI0267,Sa,1,27
POI0267,Sa,2,20
POI0267,Sa,3,20
POI0267,Sa,4,22
POI0267,Sa,5,35
POI0267,Sa,6,31
POI0267,Sa,7,31
POI0267,Sa,8,31
POI0267,Sa,9,39
POI0267,Sa,10,37
POI0267,Sa,11,41
POI0267,Sa,12,43
POI0267,Sa,13,60
POI0267,Sa,14,77
POI0267,Sa,15,81
POI0267,Sa,16,72
POI0267,Sa,17,66
POI0267,Sa,18,54
POI0267,Sa,19,45
POI0267,Sa,20,45
POI0267,Sa,21,54
POI0267,Sa,22,56
POI0267,Sa,23,43
POI0267,Su,0,16
POI0267,Su,1,12
POI0267,Su,2,16
POI0267,Su,3,12
POI0267,Su,4,14
POI0267,Su,5,20
POI0267,Su,6,29
POI0267,Su,7,29
POI0267,Su,8,29
POI0267,Su,9,27
POI0267,Su,10,27
POI0267,Su,11,31
POI0267,Su,12,43
POI0267,Su,13,47
POI0267,Su,14,47
POI0267,Su,15,37
POI0267,Su,16,37
POI0267,Su,17,39
POI0267,Su,18,43
POI0267,Su,19,39
POI0267,Su,20,31
POI0267,Su,21,27
POI0267,Su,22,25
POI0267,Su,23,18
POI0269,Mo,6,0
POI0269,Mo,7,0
POI0269,Mo,8,68
POI0269,Mo,9,70
POI0269,Mo,10,85
POI0269,Mo,11,85
POI0269,Mo,12,82
POI0269,Mo,13,82
POI0269,Mo,14,72
POI0269,Mo,15,74
POI0269,Mo,16,89
POI0269,Mo,17,97
POI0269,Mo,18,93
POI0269,Mo,19,68
POI0269,Mo,20,53
POI0269,Mo,21,0
POI0269,Mo,22,0
POI0269,Mo,23,0
POI0269,Tu,6,0
POI0269,Tu,7,0
POI0269,Tu,8,57
POI0269,Tu,9,59
POI0269,Tu,10,68
POI0269,Tu,11,68
POI0269,Tu,12,70
POI0269,Tu,13,74
POI0269,Tu,14,76
POI0269,Tu,15,80
POI0269,Tu,16,72
POI0269,Tu,17,55
POI0269,Tu,18,40
POI0269,Tu,19,36
POI0269,Tu,20,31
POI0269,Tu,21,0
POI0269,Tu,22,0
POI0269,Tu,23,0
POI0269,We,6,0
POI0269,We,7,0
POI0269,We,8,40
POI0269,We,9,40
POI0269,We,10,48
POI0269,We,11,61
POI0269,We,12,65
POI0269,We,13,78
POI0269,We,14,72
POI0269,We,15,68
POI0269,We,16,61
POI0269,We,17,46
POI0269,We,18,36
POI0269,We,19,31
POI0269,We,20,36
POI0269,We,21,0
POI0269,We,22,0
POI0269,We,23,0
POI0269,Th,6,0
POI0269,Th,7,0
POI0269,Th,8,53
POI0269,Th,9,53
POI0269,Th,10,48
POI0269,Th,11,61
POI0269,Th,12,57
POI0269,Th,13,65
POI0269,Th,14,72
POI0269,Th,15,80
POI0269,Th,16,76
POI0269,Th,17,65
POI0269,Th,18,57
POI0269,Th,19,53
POI0269,Th,20,46
POI0269,Th,21,0
POI0269,Th,22,0
POI0269,Th,23,0
POI0269,Fr,6,0
POI0269,Fr,7,0
POI0269,Fr,8,61
POI0269,Fr,9,55
POI0269,Fr,10,76
POI0269,Fr,11,85
POI0269,Fr,12,93
POI0269,Fr,13,85
POI0269,Fr,14,70
POI0269,Fr,15,76
POI0269,Fr,16,70
POI0269,Fr,17,72
POI0269,Fr,18,57
POI0269,Fr,19,70
POI0269,Fr,20,65
POI0269,Fr,21,0
POI0269,Fr,22,0
POI0269,Fr,23,0
POI0269,Sa,6,0
POI0269,Sa,7,0
POI0269,Sa,8,0
POI0269,Sa,9,51
POI0269,Sa,10,61
POI0269,Sa,11,70
POI0269,Sa,12,78
POI0269,Sa,13,80
POI0269,Sa,14,100
POI0269,Sa,15,95
POI0269,Sa,16,95
POI0269,Sa,17,74
POI0269,Sa,18,68
POI0269,Sa,19,72
POI0269,Sa,20,74
POI0269,Sa,21,0
POI0269,Sa,22,0
POI0269,Sa,23,0
POI0269,Su,6,0
POI0269,Su,7,0
POI0269,Su,8,0
POI0269,Su,9,74
POI0269,Su,10,91
POI0269,Su,11,85
POI0269,Su,12,76
POI0269,Su,13,65
POI0269,Su,14,89
POI0269,Su,15,87
POI0269,Su,16,85
POI0269,Su,17,68
POI0269,Su,18,53
POI0269,Su,19,44
POI0269,Su,20,34
POI0269,Su,21,0
POI0269,Su,22,0
POI0269,Su,23,0
POI0271,Mo,0,11
POI0271,Mo,1,6
POI0271,Mo,2,4
POI0271,Mo,3,3
POI0271,Mo,4,3
POI0271,Mo,5,3
POI0271,Mo,6,6
POI0271,Mo,7,9
POI0271,Mo,8,12
POI0271,Mo,9,18
POI0271,Mo,10,24
POI0271,Mo,11,30
POI0271,Mo,12,34
POI0271,Mo,13,37
POI0271,Mo,14,39
POI0271,Mo,15,43
POI0271,Mo,16,48
POI0271,Mo,17,51
POI0271,Mo,18,52
POI0271,Mo,19,48
POI0271,Mo,20,41
POI0271,Mo,21,34
POI0271,Mo,22,27
POI0271,Mo,23,20
POI0271,Tu,0,16
POI0271,Tu,1,8
POI0271,Tu,2,3
POI0271,Tu,3,3
POI0271,Tu,4,2
POI0271,Tu,5,4
POI0271,Tu,6,7
POI0271,Tu,7,11
POI0271,Tu,8,15
POI0271,Tu,9,20
POI0271,Tu,10,25
POI0271,Tu,11,30
POI0271,Tu,12,36
POI0271,Tu,13,40
POI0271,Tu,14,41
POI0271,Tu,15,43
POI0271,Tu,16,46
POI0271,Tu,17,51
POI0271,Tu,18,54
POI0271,Tu,19,52
POI0271,Tu,20,48
POI0271,Tu,21,42
POI0271,Tu,22,36
POI0271,Tu,23,28
POI0271,We,0,17
POI0271,We,1,8
POI0271,We,2,4
POI0271,We,3,3
POI0271,We,4,3
POI0271,We,5,4
POI0271,We,6,6
POI0271,We,7,9
POI0271,We,8,12
POI0271,We,9,17
POI0271,We,10,23
POI0271,We,11,29
POI0271,We,12,34
POI0271,We,13,38
POI0271,We,14,41
POI0271,We,15,43
POI0271,We,16,47
POI0271,We,17,50
POI0271,We,18,51
POI0271,We,19,48
POI0271,We,20,44
POI0271,We,21,40
POI0271,We,22,37
POI0271,We,23,30
POI0271,Th,0,19
POI0271,Th,1,11
POI0271,Th,2,6
POI0271,Th,3,5
POI0271,Th,4,4
POI0271,Th,5,5
POI0271,Th,6,7
POI0271,Th,7,10
POI0271,Th,8,15
POI0271,Th,9,23
POI0271,Th,10,30
POI0271,Th,11,37
POI0271,Th,12,43
POI0271,Th,13,47
POI0271,Th,14,49
POI0271,Th,15,50
POI0271,Th,16,52
POI0271,Th,17,56
POI0271,Th,18,58
POI0271,Th,19,55
POI0271,Th,20,49
POI0271,Th,21,44
POI0271,Th,22,39
POI0271,Fr,0,35
POI0271,Fr,1,20
POI0271,Fr,2,12
POI0271,Fr,3,8
POI0271,Fr,4,6
POI0271,Fr,5,6
POI0271,Fr,6,7
POI0271,Fr,7,9
POI0271,Fr,8,14
POI0271,Fr,9,21
POI0271,Fr,10,28
POI0271,Fr,11,33
POI0271,Fr,12,38
POI0271,Fr,13,42
POI0271,Fr,14,47
POI0271,Fr,15,51
POI0271,Fr,16,56
POI0271,Fr,17,60
POI0271,Fr,18,62
POI0271,Fr,19,63
POI0271,Fr,20,64
POI0271,Fr,21,67
POI0271,Fr,22,65
POI0271,Fr,23,56
POI0271,Sa,0,40
POI0271,Sa,1,25
POI0271,Sa,2,15
POI0271,Sa,3,10
POI0271,Sa,4,8
POI0271,Sa,5,7
POI0271,Sa,6,6
POI0271,Sa,7,8
POI0271,Sa,8,14
POI0271,Sa,9,23
POI0271,Sa,10,33
POI0271,Sa,11,41
POI0271,Sa,12,47
POI0271,Sa,13,54
POI0271,Sa,14,63
POI0271,Sa,15,73
POI0271,Sa,16,82
POI0271,Sa,17,84
POI0271,Sa,18,81
POI0271,Sa,19,70
POI0271,Sa,20,64
POI0271,Sa,21,62
POI0271,Sa,22,63
POI0271,Sa,23,58
POI0271,Su,0,10
POI0271,Su,1,7
POI0271,Su,2,5
POI0271,Su,3,5
POI0271,Su,4,7
POI0271,Su,5,8
POI0271,Su,6,9
POI0271,Su,7,13
POI0271,Su,8,23
POI0271,Su,9,41
POI0271,Su,10,65
POI0271,Su,11,86
POI0271,Su,12,99
POI0271,Su,13,100
POI0271,Su,14,95
POI0271,Su,15,86
POI0271,Su,16,79
POI0271,Su,17,74
POI0271,Su,18,65
POI0271,Su,19,53
POI0271,Su,20,41
POI0271,Su,21,33
POI0271,Su,22,25
POI0271,Su,23,19
POI0272,Tu,6,0
POI0272,Tu,7,0
POI0272,Tu,8,0
POI0272,Tu,9,0
POI0272,Tu,10,28
POI0272,Tu,11,41
POI0272,Tu,12,52
POI0272,Tu,13,63
POI0272,Tu,14,68
POI0272,Tu,15,72
POI0272,Tu,16,61
POI0272,Tu,17,47
POI0272,Tu,18,0
POI0272,Tu,19,0
POI0272,Tu,20,0
POI0272,Tu,21,0
POI0272,Tu,22,0
POI0272,Tu,23,0
POI0272,We,6,0
POI0272,We,7,0
POI0272,We,8,0
POI0272,We,9,0
POI0272,We,10,30
POI0272,We,11,39
POI0272,We,12,41
POI0272,We,13,47
POI0272,We,14,56
POI0272,We,15,64
POI0272,We,16,58
POI0272,We,17,45
POI0272,We,18,0
POI0272,We,19,0
POI0272,We,20,0
POI0272,We,21,0
POI0272,We,22,0
POI0272,We,23,0
POI0272,Th,6,0
POI0272,Th,7,0
POI0272,Th,8,0
POI0272,Th,9,0
POI0272,Th,10,34
POI0272,Th,11,47
POI0272,Th,12,57
POI0272,Th,13,62
POI0272,Th,14,72
POI0272,Th,15,70
POI0272,Th,16,64
POI0272,Th,17,45
POI0272,Th,18,0
POI0272,Th,19,0
POI0272,Th,20,0
POI0272,Th,21,0
POI0272,Th,22,0
POI0272,Th,23,0
POI0272,Fr,6,0
POI0272,Fr,7,0
POI0272,Fr,8,0
POI0272,Fr,9,0
POI0272,Fr,10,31
POI0272,Fr,11,42
POI0272,Fr,12,51
POI0272,Fr,13,58
POI0272,Fr,14,73
POI0272,Fr,15,74
POI0272,Fr,16,69
POI0272,Fr,17,56
POI0272,Fr,18,0
POI0272,Fr,19,0
POI0272,Fr,20,0
POI0272,Fr,21,0
POI0272,Fr,22,0
POI0272,Fr,23,0
POI0272,Sa,6,0
POI0272,Sa,7,0
POI0272,Sa,8,0
POI0272,Sa,9,0
POI0272,Sa,10,38
POI0272,Sa,11,50
POI0272,Sa,12,61
POI0272,Sa,13,69
POI0272,Sa,14,85
POI0272,Sa,15,100
POI0272,Sa,16,95
POI0272,Sa,17,70
POI0272,Sa,18,0
POI0272,Sa,19,0
POI0272,Sa,20,0
POI0272,Sa,21,0
POI0272,Sa,22,0
POI0272,Sa,23,0
POI0272,Su,6,0
POI0272,Su,7,0
POI0272,Su,8,0
POI0272,Su,9,0
POI0272,Su,10,28
POI0272,Su,11,47
POI0272,Su,12,61
POI0272,Su,13,77
POI0272,Su,14,85
POI0272,Su,15,93
POI0272,Su,16,85
POI0272,Su,17,67
POI0272,Su,18,0
POI0272,Su,19,0
POI0272,Su,20,0
POI0272,Su,21,0
POI0272,Su,22,0
POI0272,Su,23,0
POI0275,Mo,6,0
POI0275,Mo,7,0
POI0275,Mo,8,24
POI0275,Mo,9,33
POI0275,Mo,10,40
POI0275,Mo,11,47
POI0275,Mo,12,51
POI0275,Mo,13,54
POI0275,Mo,14,50
POI0275,Mo,15,53
POI0275,Mo,16,57
POI0275,Mo,17,72
POI0275,Mo,18,87
POI0275,Mo,19,95
POI0275,Mo,20,0
POI0275,Mo,21,0
POI0275,Mo,22,0
POI0275,Mo,23,0
POI0275,Tu,6,0
POI0275,Tu,7,0
POI0275,Tu,8,32
POI0275,Tu,9,47
POI0275,Tu,10,56
POI0275,Tu,11,62
POI0275,Tu,12,61
POI0275,Tu,13,57
POI0275,Tu,14,54
POI0275,Tu,15,55
POI0275,Tu,16,60
POI0275,Tu,17,69
POI0275,Tu,18,77
POI0275,Tu,19,79
POI0275,Tu,20,0
POI0275,Tu,21,0
POI0275,Tu,22,0
POI0275,Tu,23,0
POI0275,We,6,0
POI0275,We,7,0
POI0275,We,8,33
POI0275,We,9,40
POI0275,We,10,52
POI0275,We,11,56
POI0275,We,12,66
POI0275,We,13,73
POI0275,We,14,85
POI0275,We,15,94
POI0275,We,16,100
POI0275,We,17,100
POI0275,We,18,97
POI0275,We,19,94
POI0275,We,20,0
POI0275,We,21,0
POI0275,We,22,0
POI0275,We,23,0
POI0275,Th,6,0
POI0275,Th,7,0
POI0275,Th,8,31
POI0275,Th,9,40
POI0275,Th,10,48
POI0275,Th,11,54
POI0275,Th,12,60
POI0275,Th,13,62
POI0275,Th,14,62
POI0275,Th,15,60
POI0275,Th,16,59
POI0275,Th,17,63
POI0275,Th,18,74
POI0275,Th,19,93
POI0275,Th,20,0
POI0275,Th,21,0
POI0275,Th,22,0
POI0275,Th,23,0
POI0275,Fr,6,0
POI0275,Fr,7,0
POI0275,Fr,8,22
POI0275,Fr,9,31
POI0275,Fr,10,42
POI0275,Fr,11,42
POI0275,Fr,12,50
POI0275,Fr,13,50
POI0275,Fr,14,52
POI0275,Fr,15,52
POI0275,Fr,16,57
POI0275,Fr,17,67
POI0275,Fr,18,82
POI0275,Fr,19,98
POI0275,Fr,20,0
POI0275,Fr,21,0
POI0275,Fr,22,0
POI0275,Fr,23,0
POI0275,Sa,6,0
POI0275,Sa,7,0
POI0275,Sa,8,22
POI0275,Sa,9,32
POI0275,Sa,10,46
POI0275,Sa,11,52
POI0275,Sa,12,55
POI0275,Sa,13,54
POI0275,Sa,14,55
POI0275,Sa,15,59
POI0275,Sa,16,65
POI0275,Sa,17,81
POI0275,Sa,18,86
POI0275,Sa,19,86
POI0275,Sa,20,0
POI0275,Sa,21,0
POI0275,Sa,22,0
POI0275,Sa,23,0
POI0275,Su,6,0
POI0275,Su,7,0
POI0275,Su,8,21
POI0275,Su,9,32
POI0275,Su,10,44
POI0275,Su,11,50
POI0275,Su,12,53
POI0275,Su,13,53
POI0275,Su,14,58
POI0275,Su,15,64
POI0275,Su,16,67
POI0275,Su,17,64
POI0275,Su,18,55
POI0275,Su,19,45
POI0275,Su,20,0
POI0275,Su,21,0
POI0275,Su,22,0
POI0275,Su,23,0
POI0276,Mo,6,0
POI0276,Mo,7,0
POI0276,Mo,8,12
POI0276,Mo,9,16
POI0276,Mo,10,20
POI0276,Mo,11,22
POI0276,Mo,12,27
POI0276,Mo,13,32
POI0276,Mo,14,37
POI0276,Mo,15,43
POI0276,Mo,16,48
POI0276,Mo,17,47
POI0276,Mo,18,42
POI0276,Mo,19,33
POI0276,Mo,20,21
POI0276,Mo,21,13
POI0276,Mo,22,0
POI0276,Mo,23,0
POI0276,Tu,6,0
POI0276,Tu,7,0
POI0276,Tu,8,12
POI0276,Tu,9,16
POI0276,Tu,10,22
POI0276,Tu,11,26
POI0276,Tu,12,31
POI0276,Tu,13,36
POI0276,Tu,14,38
POI0276,Tu,15,42
POI0276,Tu,16,46
POI0276,Tu,17,45
POI0276,Tu,18,39
POI0276,Tu,19,31
POI0276,Tu,20,23
POI0276,Tu,21,17
POI0276,Tu,22,0
POI0276,Tu,23,0
POI0276,We,6,0
POI0276,We,7,0
POI0276,We,8,15
POI0276,We,9,18
POI0276,We,10,24
POI0276,We,11,28
POI0276,We,12,34
POI0276,We,13,37
POI0276,We,14,39
POI0276,We,15,43
POI0276,We,16,49
POI0276,We,17,47
POI0276,We,18,42
POI0276,We,19,34
POI0276,We,20,25
POI0276,We,21,18
POI0276,We,22,0
POI0276,We,23,0
POI0276,Th,6,0
POI0276,Th,7,0
POI0276,Th,8,11
POI0276,Th,9,15
POI0276,Th,10,20
POI0276,Th,11,26
POI0276,Th,12,32
POI0276,Th,13,37
POI0276,Th,14,37
POI0276,Th,15,41
POI0276,Th,16,43
POI0276,Th,17,44
POI0276,Th,18,39
POI0276,Th,19,35
POI0276,Th,20,27
POI0276,Th,22,0
POI0276,Th,23,0
POI0276,Fr,6,0
POI0276,Fr,7,0
POI0276,Fr,8,10
POI0276,Fr,9,15
POI0276,Fr,10,20
POI0276,Fr,11,24
POI0276,Fr,12,28
POI0276,Fr,13,32
POI0276,Fr,14,36
POI0276,Fr,15,41
POI0276,Fr,16,48
POI0276,Fr,17,51
POI0276,Fr,18,45
POI0276,Fr,19,37
POI0276,Fr,20,29
POI0276,Fr,21,22
POI0276,Fr,22,0
POI0276,Fr,23,0
POI0276,Sa,6,0
POI0276,Sa,7,0
POI0276,Sa,8,0
POI0276,Sa,9,17
POI0276,Sa,10,26
POI0276,Sa,11,34
POI0276,Sa,12,41
POI0276,Sa,13,45
POI0276,Sa,14,56
POI0276,Sa,15,71
POI0276,Sa,16,84
POI0276,Sa,17,83
POI0276,Sa,18,68
POI0276,Sa,19,49
POI0276,Sa,20,34
POI0276,Sa,21,24
POI0276,Sa,22,0
POI0276,Sa,23,0
POI0276,Su,6,0
POI0276,Su,7,0
POI0276,Su,8,0
POI0276,Su,9,12
POI0276,Su,10,22
POI0276,Su,11,32
POI0276,Su,12,39
POI0276,Su,13,49
POI0276,Su,14,66
POI0276,Su,15,87
POI0276,Su,16,100
POI0276,Su,17,92
POI0276,Su,18,68
POI0276,Su,19,41
POI0276,Su,20,22
POI0276,Su,21,14
POI0276,Su,22,0
POI0276,Su,23,0
POI0279,Mo,0,12
POI0279,Mo,1,5
POI0279,Mo,2,1
POI0279,Mo,3,1
POI0279,Mo,4,3
POI0279,Mo,5,10
POI0279,Mo,6,23
POI0279,Mo,7,40
POI0279,Mo,8,53
POI0279,Mo,9,50
POI0279,Mo,10,41
POI0279,Mo,11,36
POI0279,Mo,12,37
POI0279,Mo,13,39
POI0279,Mo,14,43
POI0279,Mo,15,53
POI0279,Mo,16,71
POI0279,Mo,17,91
POI0279,Mo,18,96
POI0279,Mo,19,80
POI0279,Mo,20,58
POI0279,Mo,21,42
POI0279,Mo,22,32
POI0279,Mo,23,24
POI0279,Tu,0,15
POI0279,Tu,1,6
POI0279,Tu,2,1
POI0279,Tu,3,1
POI0279,Tu,4,3
POI0279,Tu,5,10
POI0279,Tu,6,25
POI0279,Tu,7,44
POI0279,Tu,8,59
POI0279,Tu,9,55
POI0279,Tu,10,44
POI0279,Tu,11,38
POI0279,Tu,12,38
POI0279,Tu,13,41
POI0279,Tu,14,44
POI0279,Tu,15,54
POI0279,Tu,16,71
POI0279,Tu,17,92
POI0279,Tu,18,100
POI0279,Tu,19,85
POI0279,Tu,20,64
POI0279,Tu,21,46
POI0279,Tu,22,37
POI0279,Tu,23,29
POI0279,We,0,16
POI0279,We,1,7
POI0279,We,2,2
POI0279,We,3,1
POI0279,We,4,3
POI0279,We,5,10
POI0279,We,6,24
POI0279,We,7,42
POI0279,We,8,56
POI0279,We,9,52
POI0279,We,10,43
POI0279,We,11,38
POI0279,We,12,39
POI0279,We,13,41
POI0279,We,14,44
POI0279,We,15,52
POI0279,We,16,67
POI0279,We,17,84
POI0279,We,18,90
POI0279,We,19,79
POI0279,We,20,60
POI0279,We,21,45
POI0279,We,22,37
POI0279,We,23,29
POI0279,Th,0,18
POI0279,Th,1,8
POI0279,Th,2,2
POI0279,Th,3,1
POI0279,Th,4,3
POI0279,Th,5,9
POI0279,Th,6,23
POI0279,Th,7,41
POI0279,Th,8,54
POI0279,Th,9,51
POI0279,Th,10,43
POI0279,Th,11,38
POI0279,Th,12,39
POI0279,Th,13,41
POI0279,Th,14,45
POI0279,Th,15,54
POI0279,Th,16,70
POI0279,Th,17,87
POI0279,Th,18,94
POI0279,Th,19,82
POI0279,Th,20,64
POI0279,Th,21,49
POI0279,Th,22,41
POI0279,Fr,0,20
POI0279,Fr,1,10
POI0279,Fr,2,3
POI0279,Fr,3,1
POI0279,Fr,4,3
POI0279,Fr,5,8
POI0279,Fr,6,19
POI0279,Fr,7,32
POI0279,Fr,8,41
POI0279,Fr,9,42
POI0279,Fr,10,40
POI0279,Fr,11,39
POI0279,Fr,12,41
POI0279,Fr,13,43
POI0279,Fr,14,47
POI0279,Fr,15,55
POI0279,Fr,16,69
POI0279,Fr,17,81
POI0279,Fr,18,83
POI0279,Fr,19,73
POI0279,Fr,20,57
POI0279,Fr,21,46
POI0279,Fr,22,38
POI0279,Fr,23,33
POI0279,Sa,0,23
POI0279,Sa,1,12
POI0279,Sa,2,4
POI0279,Sa,3,1
POI0279,Sa,4,2
POI0279,Sa,5,5
POI0279,Sa,6,9
POI0279,Sa,7,15
POI0279,Sa,8,21
POI0279,Sa,9,26
POI0279,Sa,10,32
POI0279,Sa,11,37
POI0279,Sa,12,41
POI0279,Sa,13,45
POI0279,Sa,14,49
POI0279,Sa,15,52
POI0279,Sa,16,56
POI0279,Sa,17,61
POI0279,Sa,18,64
POI0279,Sa,19,60
POI0279,Sa,20,52
POI0279,Sa,21,44
POI0279,Sa,22,39
POI0279,Sa,23,34
POI0279,Su,0,11
POI0279,Su,1,4
POI0279,Su,2,1
POI0279,Su,3,0
POI0279,Su,4,1
POI0279,Su,5,3
POI0279,Su,6,6
POI0279,Su,7,10
POI0279,Su,8,15
POI0279,Su,9,20
POI0279,Su,10,26
POI0279,Su,11,32
POI0279,Su,12,35
POI0279,Su,13,37
POI0279,Su,14,39
POI0279,Su,15,42
POI0279,Su,16,46
POI0279,Su,17,50
POI0279,Su,18,52
POI0279,Su,19,48
POI0279,Su,20,41
POI0279,Su,21,33
POI0279,Su,22,26
POI0279,Su,23,20
POI0282,Mo,6,0
POI0282,Mo,7,8
POI0282,Mo,8,13
POI0282,Mo,9,17
POI0282,Mo,10,21
POI0282,Mo,11,24
POI0282,Mo,12,30
POI0282,Mo,13,34
POI0282,Mo,14,38
POI0282,Mo,15,43
POI0282,Mo,16,49
POI0282,Mo,17,50
POI0282,Mo,18,44
POI0282,Mo,19,33
POI0282,Mo,20,23
POI0282,Mo,21,16
POI0282,Mo,22,0
POI0282,Mo,23,0
POI0282,Tu,6,0
POI0282,Tu,7,10
POI0282,Tu,8,16
POI0282,Tu,9,18
POI0282,Tu,10,22
POI0282,Tu,11,28
POI0282,Tu,12,37
POI0282,Tu,13,42
POI0282,Tu,14,42
POI0282,Tu,15,44
POI0282,Tu,16,48
POI0282,Tu,17,51
POI0282,Tu,18,46
POI0282,Tu,19,37
POI0282,Tu,20,27
POI0282,Tu,21,19
POI0282,Tu,22,0
POI0282,Tu,23,0
POI0282,We,6,0
POI0282,We,7,9
POI0282,We,8,13
POI0282,We,9,16
POI0282,We,10,18
POI0282,We,11,24
POI0282,We,12,30
POI0282,We,13,37
POI0282,We,14,38
POI0282,We,15,43
POI0282,We,16,47
POI0282,We,17,49
POI0282,We,18,46
POI0282,We,19,38
POI0282,We,20,29
POI0282,We,21,22
POI0282,We,22,0
POI0282,We,23,0
POI0282,Th,6,0
POI0282,Th,7,11
POI0282,Th,8,15
POI0282,Th,9,18
POI0282,Th,10,22
POI0282,Th,11,28
POI0282,Th,12,36
POI0282,Th,13,40
POI0282,Th,14,39
POI0282,Th,15,43
POI0282,Th,16,50
POI0282,Th,17,53
POI0282,Th,18,50
POI0282,Th,19,42
POI0282,Th,20,31
POI0282,Th,22,0
POI0282,Th,23,0
POI0282,Fr,6,0
POI0282,Fr,7,7
POI0282,Fr,8,11
POI0282,Fr,9,16
POI0282,Fr,10,20
POI0282,Fr,11,25
POI0282,Fr,12,29
POI0282,Fr,13,34
POI0282,Fr,14,38
POI0282,Fr,15,46
POI0282,Fr,16,51
POI0282,Fr,17,52
POI0282,Fr,18,47
POI0282,Fr,19,38
POI0282,Fr,20,30
POI0282,Fr,21,22
POI0282,Fr,22,0
POI0282,Fr,23,0
POI0282,Sa,6,0
POI0282,Sa,7,0
POI0282,Sa,8,9
POI0282,Sa,9,14
POI0282,Sa,10,23
POI0282,Sa,11,32
POI0282,Sa,12,39
POI0282,Sa,13,46
POI0282,Sa,14,58
POI0282,Sa,15,75
POI0282,Sa,16,90
POI0282,Sa,17,90
POI0282,Sa,18,75
POI0282,Sa,19,54
POI0282,Sa,20,37
POI0282,Sa,21,26
POI0282,Sa,22,0
POI0282,Sa,23,0
POI0282,Su,6,0
POI0282,Su,7,0
POI0282,Su,8,8
POI0282,Su,9,14
POI0282,Su,10,22
POI0282,Su,11,32
POI0282,Su,12,41
POI0282,Su,13,52
POI0282,Su,14,69
POI0282,Su,15,87
POI0282,Su,16,100
POI0282,Su,17,95
POI0282,Su,18,75
POI0282,Su,19,49
POI0282,Su,20,30
POI0282,Su,21,18
POI0282,Su,22,0
POI0282,Su,23,0
POI0283,Mo,6,0
POI0283,Mo,7,0
POI0283,Mo,8,0
POI0283,Mo,9,0
POI0283,Mo,10,0
POI0283,Mo,11,0
POI0283,Mo,12,51
POI0283,Mo,13,66
POI0283,Mo,14,78
POI0283,Mo,15,87
POI0283,Mo,16,73
POI0283,Mo,17,45
POI0283,Mo,18,0
POI0283,Mo,19,0
POI0283,Mo,20,0
POI0283,Mo,21,0
POI0283,Mo,22,0
POI0283,Mo,23,0
POI0283,We,6,0
POI0283,We,7,0
POI0283,We,8,0
POI0283,We,9,0
POI0283,We,10,0
POI0283,We,11,0
POI0283,We,12,38
POI0283,We,13,52
POI0283,We,14,68
POI0283,We,15,75
POI0283,We,16,70
POI0283,We,17,53
POI0283,We,18,0
POI0283,We,19,0
POI0283,We,20,0
POI0283,We,21,0
POI0283,We,22,0
POI0283,We,23,0
POI0283,Th,6,0
POI0283,Th,7,0
POI0283,Th,8,0
POI0283,Th,9,0
POI0283,Th,10,0
POI0283,Th,11,0
POI0283,Th,12,34
POI0283,Th,13,46
POI0283,Th,14,53
POI0283,Th,15,60
POI0283,Th,16,61
POI0283,Th,17,42
POI0283,Th,18,0
POI0283,Th,19,0
POI0283,Th,20,0
POI0283,Th,21,0
POI0283,Th,22,0
POI0283,Th,23,0
POI0283,Fr,6,0
POI0283,Fr,7,0
POI0283,Fr,8,0
POI0283,Fr,9,0
POI0283,Fr,10,0
POI0283,Fr,11,0
POI0283,Fr,12,38
POI0283,Fr,13,47
POI0283,Fr,14,55
POI0283,Fr,15,54
POI0283,Fr,16,42
POI0283,Fr,17,18
POI0283,Fr,18,0
POI0283,Fr,19,0
POI0283,Fr,20,0
POI0283,Fr,21,0
POI0283,Fr,22,0
POI0283,Fr,23,0
POI0283,Sa,6,0
POI0283,Sa,7,0
POI0283,Sa,8,0
POI0283,Sa,9,0
POI0283,Sa,10,33
POI0283,Sa,11,44
POI0283,Sa,12,50
POI0283,Sa,13,51
POI0283,Sa,14,54
POI0283,Sa,15,63
POI0283,Sa,16,65
POI0283,Sa,17,52
POI0283,Sa,18,0
POI0283,Sa,19,0
POI0283,Sa,20,0
POI0283,Sa,21,0
POI0283,Sa,22,0
POI0283,Sa,23,0
POI0283,Su,6,0
POI0283,Su,7,0
POI0283,Su,8,0
POI0283,Su,9,0
POI0283,Su,10,36
POI0283,Su,11,51
POI0283,Su,12,55
POI0283,Su,13,66
POI0283,Su,14,90
POI0283,Su,15,100
POI0283,Su,16,88
POI0283,Su,17,63
POI0283,Su,18,0
POI0283,Su,19,0
POI0283,Su,20,0
POI0283,Su,21,0
POI0283,Su,22,0
POI0283,Su,23,0
POI0291,Mo,0,10
POI0291,Mo,1,6
POI0291,Mo,2,4
POI0291,Mo,3,4
POI0291,Mo,4,2
POI0291,Mo,5,3
POI0291,Mo,6,6
POI0291,Mo,7,10
POI0291,Mo,8,13
POI0291,Mo,9,13
POI0291,Mo,10,12
POI0291,Mo,11,13
POI0291,Mo,12,14
POI0291,Mo,13,16
POI0291,Mo,14,16
POI0291,Mo,15,15
POI0291,Mo,16,14
POI0291,Mo,17,15
POI0291,Mo,18,18
POI0291,Mo,19,25
POI0291,Mo,20,27
POI0291,Mo,21,28
POI0291,Mo,22,25
POI0291,Mo,23,17
POI0291,Tu,0,10
POI0291,Tu,1,4
POI0291,Tu,2,3
POI0291,Tu,3,4
POI0291,Tu,4,4
POI0291,Tu,5,5
POI0291,Tu,6,5
POI0291,Tu,7,8
POI0291,Tu,8,12
POI0291,Tu,9,17
POI0291,Tu,10,21
POI0291,Tu,11,26
POI0291,Tu,12,27
POI0291,Tu,13,27
POI0291,Tu,14,21
POI0291,Tu,15,17
POI0291,Tu,16,15
POI0291,Tu,17,18
POI0291,Tu,18,26
POI0291,Tu,19,38
POI0291,Tu,20,46
POI0291,Tu,21,45
POI0291,Tu,22,36
POI0291,Tu,23,20
POI0291,We,0,18
POI0291,We,1,9
POI0291,We,2,4
POI0291,We,3,3
POI0291,We,4,3
POI0291,We,5,4
POI0291,We,6,6
POI0291,We,7,10
POI0291,We,8,12
POI0291,We,9,13
POI0291,We,10,12
POI0291,We,11,13
POI0291,We,12,17
POI0291,We,13,18
POI0291,We,14,17
POI0291,We,15,16
POI0291,We,16,15
POI0291,We,17,20
POI0291,We,18,31
POI0291,We,19,50
POI0291,We,20,63
POI0291,We,21,62
POI0291,We,22,51
POI0291,We,23,32
POI0291,Th,0,19
POI0291,Th,1,6
POI0291,Th,2,3
POI0291,Th,3,3
POI0291,Th,4,4
POI0291,Th,5,5
POI0291,Th,6,6
POI0291,Th,7,7
POI0291,Th,8,9
POI0291,Th,9,10
POI0291,Th,10,12
POI0291,Th,11,15
POI0291,Th,12,19
POI0291,Th,13,20
POI0291,Th,14,22
POI0291,Th,15,21
POI0291,Th,16,20
POI0291,Th,17,27
POI0291,Th,18,45
POI0291,Th,19,78
POI0291,Th,20,95
POI0291,Th,22,77
POI0291,Th,23,42
POI0291,Fr,0,18
POI0291,Fr,1,8
POI0291,Fr,2,6
POI0291,Fr,3,4
POI0291,Fr,4,5
POI0291,Fr,5,5
POI0291,Fr,6,6
POI0291,Fr,7,6
POI0291,Fr,8,8
POI0291,Fr,9,8
POI0291,Fr,10,10
POI0291,Fr,11,11
POI0291,Fr,12,11
POI0291,Fr,13,10
POI0291,Fr,14,10
POI0291,Fr,15,10
POI0291,Fr,16,10
POI0291,Fr,17,19
POI0291,Fr,18,35
POI0291,Fr,19,62
POI0291,Fr,20,76
POI0291,Fr,21,77
POI0291,Fr,22,64
POI0291,Fr,23,34
POI0291,Sa,0,18
POI0291,Sa,1,7
POI0291,Sa,2,6
POI0291,Sa,3,4
POI0291,Sa,4,2
POI0291,Sa,5,2
POI0291,Sa,6,2
POI0291,Sa,7,3
POI0291,Sa,8,5
POI0291,Sa,9,8
POI0291,Sa,10,11
POI0291,Sa,11,12
POI0291,Sa,12,12
POI0291,Sa,13,15
POI0291,Sa,14,23
POI0291,Sa,15,32
POI0291,Sa,16,37
POI0291,Sa,17,48
POI0291,Sa,18,63
POI0291,Sa,19,89
POI0291,Sa,20,100
POI0291,Sa,21,98
POI0291,Sa,22,76
POI0291,Sa,23,40
POI0291,Su,0,4
POI0291,Su,1,3
POI0291,Su,2,4
POI0291,Su,3,5
POI0291,Su,4,5
POI0291,Su,5,3
POI0291,Su,6,3
POI0291,Su,7,3
POI0291,Su,8,5
POI0291,Su,9,7
POI0291,Su,10,9
POI0291,Su,11,11
POI0291,Su,12,11
POI0291,Su,13,15
POI0291,Su,14,22
POI0291,Su,15,39
POI0291,Su,16,48
POI0291,Su,17,48
POI0291,Su,18,41
POI0291,Su,19,24
POI0291,Su,20,14
POI0291,Su,21,9
POI0291,Su,22,8
POI0291,Su,23,5
POI0292,Mo,6,0
POI0292,Mo,7,0
POI0292,Mo,8,0
POI0292,Mo,9,0
POI0292,Mo,10,26
POI0292,Mo,11,36
POI0292,Mo,12,43
POI0292,Mo,13,48
POI0292,Mo,14,53
POI0292,Mo,15,59
POI0292,Mo,16,66
POI0292,Mo,17,70
POI0292,Mo,18,68
POI0292,Mo,19,55
POI0292,Mo,20,0
POI0292,Mo,21,0
POI0292,Mo,22,0
POI0292,Mo,23,0
POI0292,Tu,6,0
POI0292,Tu,7,0
POI0292,Tu,8,0
POI0292,Tu,9,0
POI0292,Tu,10,27
POI0292,Tu,11,36
POI0292,Tu,12,43
POI0292,Tu,13,47
POI0292,Tu,14,51
POI0292,Tu,15,56
POI0292,Tu,16,63
POI0292,Tu,17,69
POI0292,Tu,18,67
POI0292,Tu,19,54
POI0292,Tu,20,0
POI0292,Tu,21,0
POI0292,Tu,22,0
POI0292,Tu,23,0
POI0292,We,6,0
POI0292,We,7,0
POI0292,We,8,0
POI0292,We,9,0
POI0292,We,10,26
POI0292,We,11,35
POI0292,We,12,43
POI0292,We,13,47
POI0292,We,14,50
POI0292,We,15,56
POI0292,We,16,62
POI0292,We,17,67
POI0292,We,18,65
POI0292,We,19,53
POI0292,We,20,0
POI0292,We,21,0
POI0292,We,22,0
POI0292,We,23,0
POI0292,Th,6,0
POI0292,Th,7,0
POI0292,Th,8,0
POI0292,Th,9,0
POI0292,Th,10,26
POI0292,Th,11,35
POI0292,Th,12,44
POI0292,Th,13,49
POI0292,Th,14,53
POI0292,Th,15,58
POI0292,Th,16,65
POI0292,Th,17,70
POI0292,Th,18,67
POI0292,Th,19,54
POI0292,Th,20,0
POI0292,Th,21,0
POI0292,Th,22,0
POI0292,Th,23,0
POI0292,Fr,6,0
POI0292,Fr,7,0
POI0292,Fr,8,0
POI0292,Fr,9,0
POI0292,Fr,10,28
POI0292,Fr,11,37
POI0292,Fr,12,43
POI0292,Fr,13,48
POI0292,Fr,14,53
POI0292,Fr,15,59
POI0292,Fr,16,67
POI0292,Fr,17,71
POI0292,Fr,18,68
POI0292,Fr,19,56
POI0292,Fr,20,0
POI0292,Fr,21,0
POI0292,Fr,22,0
POI0292,Fr,23,0
POI0292,Sa,6,0
POI0292,Sa,7,0
POI0292,Sa,8,0
POI0292,Sa,9,0
POI0292,Sa,10,34
POI0292,Sa,11,48
POI0292,Sa,12,59
POI0292,Sa,13,69
POI0292,Sa,14,79
POI0292,Sa,15,92
POI0292,Sa,16,100
POI0292,Sa,17,99
POI0292,Sa,18,87
POI0292,Sa,19,66
POI0292,Sa,20,0
POI0292,Sa,21,0
POI0292,Sa,22,0
POI0292,Sa,23,0
POI0292,Su,6,0
POI0292,Su,7,0
POI0292,Su,8,0
POI0292,Su,9,0
POI0292,Su,10,0
POI0292,Su,11,40
POI0292,Su,12,52
POI0292,Su,13,61
POI0292,Su,14,68
POI0292,Su,15,75
POI0292,Su,16,80
POI0292,Su,17,76
POI0292,Su,18,61
POI0292,Su,19,0
POI0292,Su,20,0
POI0292,Su,21,0
POI0292,Su,22,0
POI0292,Su,23,0
POI0294,Mo,6,0
POI0294,Mo,7,0
POI0294,Mo,8,0
POI0294,Mo,9,4
POI0294,Mo,10,5
POI0294,Mo,11,4
POI0294,Mo,12,6
POI0294,Mo,13,8
POI0294,Mo,14,9
POI0294,Mo,15,10
POI0294,Mo,16,11
POI0294,Mo,17,11
POI0294,Mo,18,7
POI0294,Mo,19,0
POI0294,Mo,20,0
POI0294,Mo,21,0
POI0294,Mo,22,0
POI0294,Mo,23,0
POI0294,Tu,6,0
POI0294,Tu,7,8
POI0294,Tu,8,8
POI0294,Tu,9,11
POI0294,Tu,10,13
POI0294,Tu,11,17
POI0294,Tu,12,14
POI0294,Tu,13,11
POI0294,Tu,14,7
POI0294,Tu,15,7
POI0294,Tu,16,7
POI0294,Tu,17,10
POI0294,Tu,18,11
POI0294,Tu,19,11
POI0294,Tu,20,0
POI0294,Tu,21,0
POI0294,Tu,22,0
POI0294,Tu,23,0
POI0294,We,6,0
POI0294,We,7,5
POI0294,We,8,4
POI0294,We,9,4
POI0294,We,10,6
POI0294,We,11,10
POI0294,We,12,16
POI0294,We,13,14
POI0294,We,14,13
POI0294,We,15,10
POI0294,We,16,8
POI0294,We,17,9
POI0294,We,18,7
POI0294,We,19,7
POI0294,We,20,0
POI0294,We,21,0
POI0294,We,22,0
POI0294,We,23,0
POI0294,Th,6,0
POI0294,Th,7,8
POI0294,Th,8,13
POI0294,Th,9,13
POI0294,Th,10,12
POI0294,Th,11,11
POI0294,Th,12,10
POI0294,Th,13,8
POI0294,Th,14,7
POI0294,Th,15,16
POI0294,Th,16,37
POI0294,Th,17,75
POI0294,Th,18,100
POI0294,Th,19,99
POI0294,Th,20,0
POI0294,Th,21,0
POI0294,Th,22,0
POI0294,Th,23,0
POI0294,Fr,6,0
POI0294,Fr,7,8
POI0294,Fr,8,7
POI0294,Fr,9,9
POI0294,Fr,10,8
POI0294,Fr,11,8
POI0294,Fr,12,7
POI0294,Fr,13,6
POI0294,Fr,14,7
POI0294,Fr,15,8
POI0294,Fr,16,11
POI0294,Fr,17,13
POI0294,Fr,18,19
POI0294,Fr,19,20
POI0294,Fr,20,0
POI0294,Fr,21,0
POI0294,Fr,22,0
POI0294,Fr,23,0
POI0294,Sa,6,0
POI0294,Sa,7,0
POI0294,Sa,8,0
POI0294,Sa,9,0
POI0294,Sa,10,0
POI0294,Sa,11,10
POI0294,Sa,12,13
POI0294,Sa,13,14
POI0294,Sa,14,13
POI0294,Sa,15,13
POI0294,Sa,16,17
POI0294,Sa,17,17
POI0294,Sa,18,18
POI0294,Sa,19,15
POI0294,Sa,20,0
POI0294,Sa,21,0
POI0294,Sa,22,0
POI0294,Sa,23,0
POI0294,Su,6,0
POI0294,Su,7,0
POI0294,Su,8,0
POI0294,Su,9,27
POI0294,Su,10,40
POI0294,Su,11,46
POI0294,Su,12,38
POI0294,Su,13,0
POI0294,Su,14,0
POI0294,Su,15,0
POI0294,Su,16,8
POI0294,Su,17,10
POI0294,Su,18,9
POI0294,Su,19,0
POI0294,Su,20,0
POI0294,Su,21,0
POI0294,Su,22,0
POI0294,Su,23,0
POI0297,Tu,6,0
POI0297,Tu,7,0
POI0297,Tu,8,0
POI0297,Tu,9,17
POI0297,Tu,10,34
POI0297,Tu,11,51
POI0297,Tu,12,63
POI0297,Tu,13,66
POI0297,Tu,14,71
POI0297,Tu,15,70
POI0297,Tu,16,58
POI0297,Tu,17,0
POI0297,Tu,18,0
POI0297,Tu,19,0
POI0297,Tu,20,0
POI0297,Tu,21,0
POI0297,Tu,22,0
POI0297,Tu,23,0
POI0297,We,6,0
POI0297,We,7,0
POI0297,We,8,0
POI0297,We,9,17
POI0297,We,10,33
POI0297,We,11,49
POI0297,We,12,60
POI0297,We,13,67
POI0297,We,14,73
POI0297,We,15,72
POI0297,We,16,61
POI0297,We,17,0
POI0297,We,18,0
POI0297,We,19,0
POI0297,We,20,0
POI0297,We,21,0
POI0297,We,22,0
POI0297,We,23,0
POI0297,Th,6,0
POI0297,Th,7,0
POI0297,Th,8,0
POI0297,Th,9,18
POI0297,Th,10,33
POI0297,Th,11,47
POI0297,Th,12,57
POI0297,Th,13,61
POI0297,Th,14,68
POI0297,Th,15,67
POI0297,Th,16,57
POI0297,Th,17,0
POI0297,Th,18,0
POI0297,Th,19,0
POI0297,Th,20,0
POI0297,Th,21,0
POI0297,Th,22,0
POI0297,Th,23,0
POI0297,Fr,6,0
POI0297,Fr,7,0
POI0297,Fr,8,0
POI0297,Fr,9,14
POI0297,Fr,10,27
POI0297,Fr,11,41
POI0297,Fr,12,53
POI0297,Fr,13,59
POI0297,Fr,14,66
POI0297,Fr,15,68
POI0297,Fr,16,61
POI0297,Fr,17,0
POI0297,Fr,18,0
POI0297,Fr,19,0
POI0297,Fr,20,0
POI0297,Fr,21,0
POI0297,Fr,22,0
POI0297,Fr,23,0
POI0297,Sa,6,0
POI0297,Sa,7,0
POI0297,Sa,8,0
POI0297,Sa,9,20
POI0297,Sa,10,38
POI0297,Sa,11,56
POI0297,Sa,12,70
POI0297,Sa,13,80
POI0297,Sa,14,90
POI0297,Sa,15,100
POI0297,Sa,16,98
POI0297,Sa,17,84
POI0297,Sa,18,57
POI0297,Sa,19,0
POI0297,Sa,20,0
POI0297,Sa,21,0
POI0297,Sa,22,0
POI0297,Sa,23,0
POI0297,Su,6,0
POI0297,Su,7,0
POI0297,Su,8,0
POI0297,Su,9,17
POI0297,Su,10,35
POI0297,Su,11,54
POI0297,Su,12,68
POI0297,Su,13,80
POI0297,Su,14,87
POI0297,Su,15,93
POI0297,Su,16,89
POI0297,Su,17,71
POI0297,Su,18,47
POI0297,Su,19,0
POI0297,Su,20,0
POI0297,Su,21,0
POI0297,Su,22,0
POI0297,Su,23,0
POI0300,Mo,0,43
POI0300,Mo,1,37
POI0300,Mo,2,32
POI0300,Mo,3,34
POI0300,Mo,4,32
POI0300,Mo,5,39
POI0300,Mo,6,31
POI0300,Mo,7,29
POI0300,Mo,8,36
POI0300,Mo,9,27
POI0300,Mo,10,29
POI0300,Mo,11,34
POI0300,Mo,12,32
POI0300,Mo,13,32
POI0300,Mo,14,27
POI0300,Mo,15,34
POI0300,Mo,16,37
POI0300,Mo,17,48
POI0300,Mo,18,55
POI0300,Mo,19,65
POI0300,Mo,20,72
POI0300,Mo,21,75
POI0300,Mo,22,60
POI0300,Mo,23,48
POI0300,Tu,0,43
POI0300,Tu,1,46
POI0300,Tu,2,41
POI0300,Tu,3,46
POI0300,Tu,4,46
POI0300,Tu,5,37
POI0300,Tu,6,37
POI0300,Tu,7,34
POI0300,Tu,8,36
POI0300,Tu,9,27
POI0300,Tu,10,34
POI0300,Tu,11,36
POI0300,Tu,12,44
POI0300,Tu,13,32
POI0300,Tu,14,24
POI0300,Tu,15,22
POI0300,Tu,16,32
POI0300,Tu,17,41
POI0300,Tu,18,50
POI0300,Tu,19,51
POI0300,Tu,20,55
POI0300,Tu,21,51
POI0300,Tu,22,50
POI0300,Tu,23,44
POI0300,We,0,50
POI0300,We,1,46
POI0300,We,2,36
POI0300,We,3,36
POI0300,We,4,36
POI0300,We,5,34
POI0300,We,6,25
POI0300,We,7,25
POI0300,We,8,24
POI0300,We,9,34
POI0300,We,10,36
POI0300,We,11,27
POI0300,We,12,31
POI0300,We,13,25
POI0300,We,14,41
POI0300,We,15,39
POI0300,We,16,48
POI0300,We,17,50
POI0300,We,18,46
POI0300,We,19,63
POI0300,We,20,63
POI0300,We,21,68
POI0300,We,22,58
POI0300,We,23,58
POI0300,Th,0,37
POI0300,Th,1,29
POI0300,Th,2,31
POI0300,Th,3,27
POI0300,Th,4,24
POI0300,Th,5,24
POI0300,Th,6,25
POI0300,Th,7,27
POI0300,Th,8,29
POI0300,Th,9,34
POI0300,Th,10,27
POI0300,Th,11,31
POI0300,Th,12,27
POI0300,Th,13,32
POI0300,Th,14,34
POI0300,Th,15,41
POI0300,Th,16,53
POI0300,Th,17,72
POI0300,Th,18,72
POI0300,Th,19,94
POI0300,Th,20,100
POI0300,Th,22,67
POI0300,Th,23,43
POI0300,Fr,0,29
POI0300,Fr,1,37
POI0300,Fr,2,36
POI0300,Fr,3,39
POI0300,Fr,4,37
POI0300,Fr,5,32
POI0300,Fr,6,34
POI0300,Fr,7,36
POI0300,Fr,8,34
POI0300,Fr,9,34
POI0300,Fr,10,36
POI0300,Fr,11,41
POI0300,Fr,12,39
POI0300,Fr,13,32
POI0300,Fr,14,39
POI0300,Fr,15,46
POI0300,Fr,16,65
POI0300,Fr,17,68
POI0300,Fr,18,77
POI0300,Fr,19,70
POI0300,Fr,20,87
POI0300,Fr,21,65
POI0300,Fr,22,50
POI0300,Fr,23,37
POI0300,Sa,0,70
POI0300,Sa,1,62
POI0300,Sa,2,58
POI0300,Sa,3,50
POI0300,Sa,4,48
POI0300,Sa,5,44
POI0300,Sa,6,41
POI0300,Sa,7,37
POI0300,Sa,8,32
POI0300,Sa,9,34
POI0300,Sa,10,31
POI0300,Sa,11,31
POI0300,Sa,12,36
POI0300,Sa,13,44
POI0300,Sa,14,46
POI0300,Sa,15,44
POI0300,Sa,16,37
POI0300,Sa,17,41
POI0300,Sa,18,48
POI0300,Sa,19,55
POI0300,Sa,20,63
POI0300,Sa,21,65
POI0300,Sa,22,56
POI0300,Sa,23,58
POI0300,Su,0,17
POI0300,Su,1,20
POI0300,Su,2,29
POI0300,Su,3,39
POI0300,Su,4,44
POI0300,Su,5,50
POI0300,Su,6,50
POI0300,Su,7,58
POI0300,Su,8,46
POI0300,Su,9,37
POI0300,Su,10,29
POI0300,Su,11,29
POI0300,Su,12,34
POI0300,Su,13,53
POI0300,Su,14,75
POI0300,Su,15,86
POI0300,Su,16,79
POI0300,Su,17,62
POI0300,Su,18,58
POI0300,Su,19,62
POI0300,Su,20,72
POI0300,Su,21,60
POI0300,Su,22,41
POI0300,Su,23,22
POI0301,Tu,6,0
POI0301,Tu,7,0
POI0301,Tu,8,0
POI0301,Tu,9,0
POI0301,Tu,10,36
POI0301,Tu,11,47
POI0301,Tu,12,47
POI0301,Tu,13,48
POI0301,Tu,14,52
POI0301,Tu,15,48
POI0301,Tu,16,37
POI0301,Tu,17,26
POI0301,Tu,18,0
POI0301,Tu,19,0
POI0301,Tu,20,0
POI0301,Tu,21,0
POI0301,Tu,22,0
POI0301,Tu,23,0
POI0301,We,6,0
POI0301,We,7,0
POI0301,We,8,0
POI0301,We,9,0
POI0301,We,10,37
POI0301,We,11,37
POI0301,We,12,37
POI0301,We,13,38
POI0301,We,14,48
POI0301,We,15,56
POI0301,We,16,53
POI0301,We,17,40
POI0301,We,18,0
POI0301,We,19,0
POI0301,We,20,0
POI0301,We,21,0
POI0301,We,22,0
POI0301,We,23,0
POI0301,Th,6,0
POI0301,Th,7,0
POI0301,Th,8,0
POI0301,Th,9,0
POI0301,Th,10,32
POI0301,Th,11,40
POI0301,Th,12,45
POI0301,Th,13,53
POI0301,Th,14,67
POI0301,Th,15,73
POI0301,Th,16,57
POI0301,Th,17,40
POI0301,Th,18,0
POI0301,Th,19,0
POI0301,Th,20,0
POI0301,Th,21,0
POI0301,Th,22,0
POI0301,Th,23,0
POI0301,Fr,6,0
POI0301,Fr,7,0
POI0301,Fr,8,0
POI0301,Fr,9,0
POI0301,Fr,10,23
POI0301,Fr,11,31
POI0301,Fr,12,30
POI0301,Fr,13,43
POI0301,Fr,14,57
POI0301,Fr,15,68
POI0301,Fr,16,63
POI0301,Fr,17,45
POI0301,Fr,18,0
POI0301,Fr,19,0
POI0301,Fr,20,0
POI0301,Fr,21,0
POI0301,Fr,22,0
POI0301,Fr,23,0
POI0301,Sa,6,0
POI0301,Sa,7,0
POI0301,Sa,8,0
POI0301,Sa,9,0
POI0301,Sa,10,37
POI0301,Sa,11,51
POI0301,Sa,12,65
POI0301,Sa,13,70
POI0301,Sa,14,80
POI0301,Sa,15,82
POI0301,Sa,16,68
POI0301,Sa,17,46
POI0301,Sa,18,0
POI0301,Sa,19,0
POI0301,Sa,20,0
POI0301,Sa,21,0
POI0301,Sa,22,0
POI0301,Sa,23,0
POI0301,Su,6,0
POI0301,Su,7,0
POI0301,Su,8,0
POI0301,Su,9,0
POI0301,Su,10,27
POI0301,Su,11,37
POI0301,Su,12,41
POI0301,Su,13,48
POI0301,Su,14,73
POI0301,Su,15,96
POI0301,Su,16,100
POI0301,Su,17,75
POI0301,Su,18,0
POI0301,Su,19,0
POI0301,Su,20,0
POI0301,Su,21,0
POI0301,Su,22,0
POI0301,Su,23,0
POI0302,Mo,0,53
POI0302,Mo,1,46
POI0302,Mo,2,66
POI0302,Mo,3,93
POI0302,Mo,4,93
POI0302,Mo,5,60
POI0302,Mo,6,60
POI0302,Mo,7,60
POI0302,Mo,8,86
POI0302,Mo,9,53
POI0302,Mo,10,40
POI0302,Mo,11,20
POI0302,Mo,12,20
POI0302,Mo,13,20
POI0302,Mo,14,20
POI0302,Mo,15,26
POI0302,Mo,16,60
POI0302,Mo,17,66
POI0302,Mo,18,86
POI0302,Mo,19,66
POI0302,Mo,20,40
POI0302,Mo,21,26
POI0302,Mo,22,40
POI0302,Mo,23,66
POI0302,Tu,0,33
POI0302,Tu,1,46
POI0302,Tu,2,53
POI0302,Tu,3,46
POI0302,Tu,4,60
POI0302,Tu,5,53
POI0302,Tu,6,53
POI0302,Tu,7,40
POI0302,Tu,8,46
POI0302,Tu,9,46
POI0302,Tu,10,80
POI0302,Tu,11,53
POI0302,Tu,12,40
POI0302,Tu,13,20
POI0302,Tu,14,20
POI0302,Tu,15,20
POI0302,Tu,16,6
POI0302,Tu,17,6
POI0302,Tu,18,6
POI0302,Tu,19,20
POI0302,Tu,20,46
POI0302,Tu,21,46
POI0302,Tu,22,46
POI0302,Tu,23,33
POI0302,We,0,33
POI0302,We,1,33
POI0302,We,2,40
POI0302,We,3,40
POI0302,We,4,46
POI0302,We,5,53
POI0302,We,6,40
POI0302,We,7,46
POI0302,We,8,33
POI0302,We,9,20
POI0302,We,10,13
POI0302,We,11,26
POI0302,We,12,53
POI0302,We,13,80
POI0302,We,14,93
POI0302,We,15,60
POI0302,We,16,66
POI0302,We,17,53
POI0302,We,18,66
POI0302,We,19,46
POI0302,We,20,33
POI0302,We,21,26
POI0302,We,22,33
POI0302,We,23,26
POI0302,Th,0,33
POI0302,Th,1,53
POI0302,Th,2,86
POI0302,Th,3,100
POI0302,Th,4,93
POI0302,Th,5,60
POI0302,Th,6,46
POI0302,Th,7,40
POI0302,Th,8,60
POI0302,Th,9,53
POI0302,Th,10,73
POI0302,Th,11,73
POI0302,Th,12,80
POI0302,Th,13,100
POI0302,Th,14,80
POI0302,Th,15,66
POI0302,Th,16,53
POI0302,Th,17,53
POI0302,Th,18,40
POI0302,Th,19,46
POI0302,Th,20,46
POI0302,Th,21,60
POI0302,Th,22,40
POI0302,Th,23,33
POI0302,Fr,0,66
POI0302,Fr,1,80
POI0302,Fr,2,73
POI0302,Fr,3,60
POI0302,Fr,4,40
POI0302,Fr,5,46
POI0302,Fr,6,73
POI0302,Fr,7,73
POI0302,Fr,8,53
POI0302,Fr,9,40
POI0302,Fr,10,46
POI0302,Fr,11,46
POI0302,Fr,12,46
POI0302,Fr,13,66
POI0302,Fr,14,60
POI0302,Fr,15,46
POI0302,Fr,16,46
POI0302,Fr,17,60
POI0302,Fr,18,80
POI0302,Fr,19,86
POI0302,Fr,20,80
POI0302,Fr,21,46
POI0302,Fr,22,26
POI0302,Fr,23,33
POI0302,Sa,0,33
POI0302,Sa,1,33
POI0302,Sa,2,40
POI0302,Sa,3,53
POI0302,Sa,4,53
POI0302,Sa,5,53
POI0302,Sa,6,40
POI0302,Sa,7,33
POI0302,Sa,8,33
POI0302,Sa,9,46
POI0302,Sa,10,60
POI0302,Sa,11,60
POI0302,Sa,12,60
POI0302,Sa,13,60
POI0302,Sa,14,73
POI0302,Sa,15,60
POI0302,Sa,16,53
POI0302,Sa,17,40
POI0302,Sa,18,53
POI0302,Sa,19,73
POI0302,Sa,20,66
POI0302,Sa,21,53
POI0302,Sa,22,40
POI0302,Sa,23,26
POI0302,Su,0,33
POI0302,Su,1,40
POI0302,Su,2,46
POI0302,Su,3,53
POI0302,Su,4,60
POI0302,Su,5,40
POI0302,Su,6,33
POI0302,Su,7,33
POI0302,Su,8,60
POI0302,Su,9,46
POI0302,Su,10,60
POI0302,Su,11,73
POI0302,Su,12,73
POI0302,Su,13,53
POI0302,Su,14,60
POI0302,Su,15,66
POI0302,Su,16,73
POI0302,Su,17,46
POI0302,Su,18,46
POI0302,Su,19,33
POI0302,Su,20,53
POI0302,Su,21,26
POI0302,Su,22,26
POI0302,Su,23,26
POI0307,Mo,6,0
POI0307,Mo,7,0
POI0307,Mo,8,11
POI0307,Mo,9,14
POI0307,Mo,10,20
POI0307,Mo,11,27
POI0307,Mo,12,37
POI0307,Mo,13,46
POI0307,Mo,14,45
POI0307,Mo,15,48
POI0307,Mo,16,46
POI0307,Mo,17,45
POI0307,Mo,18,38
POI0307,Mo,19,29
POI0307,Mo,20,21
POI0307,Mo,21,15
POI0307,Mo,22,0
POI0307,Mo,23,0
POI0307,Tu,6,0
POI0307,Tu,7,0
POI0307,Tu,8,13
POI0307,Tu,9,16
POI0307,Tu,10,22
POI0307,Tu,11,33
POI0307,Tu,12,46
POI0307,Tu,13,55
POI0307,Tu,14,51
POI0307,Tu,15,48
POI0307,Tu,16,46
POI0307,Tu,17,46
POI0307,Tu,18,40
POI0307,Tu,19,28
POI0307,Tu,20,17
POI0307,Tu,21,11
POI0307,Tu,22,0
POI0307,Tu,23,0
POI0307,We,6,0
POI0307,We,7,0
POI0307,We,8,12
POI0307,We,9,14
POI0307,We,10,19
POI0307,We,11,26
POI0307,We,12,34
POI0307,We,13,41
POI0307,We,14,44
POI0307,We,15,44
POI0307,We,16,40
POI0307,We,17,36
POI0307,We,18,31
POI0307,We,19,27
POI0307,We,20,19
POI0307,We,21,14
POI0307,We,22,0
POI0307,We,23,0
POI0307,Th,6,0
POI0307,Th,7,0
POI0307,Th,8,13
POI0307,Th,9,17
POI0307,Th,10,23
POI0307,Th,11,33
POI0307,Th,12,45
POI0307,Th,13,55
POI0307,Th,14,59
POI0307,Th,15,61
POI0307,Th,16,60
POI0307,Th,17,54
POI0307,Th,18,44
POI0307,Th,19,31
POI0307,Th,20,21
POI0307,Th,22,0
POI0307,Th,23,0
POI0307,Fr,6,0
POI0307,Fr,7,0
POI0307,Fr,8,13
POI0307,Fr,9,17
POI0307,Fr,10,24
POI0307,Fr,11,32
POI0307,Fr,12,43
POI0307,Fr,13,53
POI0307,Fr,14,60
POI0307,Fr,15,63
POI0307,Fr,16,59
POI0307,Fr,17,52
POI0307,Fr,18,40
POI0307,Fr,19,27
POI0307,Fr,20,16
POI0307,Fr,21,8
POI0307,Fr,22,0
POI0307,Fr,23,0
POI0307,Sa,6,0
POI0307,Sa,7,0
POI0307,Sa,8,0
POI0307,Sa,9,19
POI0307,Sa,10,29
POI0307,Sa,11,39
POI0307,Sa,12,54
POI0307,Sa,13,72
POI0307,Sa,14,86
POI0307,Sa,15,97
POI0307,Sa,16,100
POI0307,Sa,17,89
POI0307,Sa,18,70
POI0307,Sa,19,43
POI0307,Sa,20,25
POI0307,Sa,21,14
POI0307,Sa,22,0
POI0307,Sa,23,0
POI0307,Su,6,0
POI0307,Su,7,0
POI0307,Su,8,0
POI0307,Su,9,10
POI0307,Su,10,18
POI0307,Su,11,29
POI0307,Su,12,41
POI0307,Su,13,58
POI0307,Su,14,72
POI0307,Su,15,86
POI0307,Su,16,89
POI0307,Su,17,84
POI0307,Su,18,65
POI0307,Su,19,42
POI0307,Su,20,25
POI0307,Su,21,15
POI0307,Su,22,0
POI0307,Su,23,0
POI0310,Tu,6,0
POI0310,Tu,7,0
POI0310,Tu,8,0
POI0310,Tu,9,0
POI0310,Tu,10,44
POI0310,Tu,11,64
POI0310,Tu,12,82
POI0310,Tu,13,94
POI0310,Tu,14,100
POI0310,Tu,15,96
POI0310,Tu,16,81
POI0310,Tu,17,57
POI0310,Tu,18,0
POI0310,Tu,19,0
POI0310,Tu,20,0
POI0310,Tu,21,0
POI0310,Tu,22,0
POI0310,Tu,23,0
POI0310,We,6,0
POI0310,We,7,0
POI0310,We,8,0
POI0310,We,9,0
POI0310,We,10,42
POI0310,We,11,57
POI0310,We,12,63
POI0310,We,13,71
POI0310,We,14,76
POI0310,We,15,81
POI0310,We,16,68
POI0310,We,17,48
POI0310,We,18,0
POI0310,We,19,0
POI0310,We,20,0
POI0310,We,21,0
POI0310,We,22,0
POI0310,We,23,0
POI0310,Th,6,0
POI0310,Th,7,0
POI0310,Th,8,0
POI0310,Th,9,0
POI0310,Th,10,44
POI0310,Th,11,58
POI0310,Th,12,64
POI0310,Th,13,68
POI0310,Th,14,70
POI0310,Th,15,73
POI0310,Th,16,65
POI0310,Th,17,48
POI0310,Th,18,0
POI0310,Th,19,0
POI0310,Th,20,0
POI0310,Th,21,0
POI0310,Th,22,0
POI0310,Th,23,0
POI0310,Fr,6,0
POI0310,Fr,7,0
POI0310,Fr,8,0
POI0310,Fr,9,0
POI0310,Fr,10,39
POI0310,Fr,11,54
POI0310,Fr,12,63
POI0310,Fr,13,69
POI0310,Fr,14,74
POI0310,Fr,15,78
POI0310,Fr,16,76
POI0310,Fr,17,68
POI0310,Fr,18,59
POI0310,Fr,19,45
POI0310,Fr,20,29
POI0310,Fr,21,0
POI0310,Fr,22,0
POI0310,Fr,23,0
POI0310,Sa,6,0
POI0310,Sa,7,0
POI0310,Sa,8,0
POI0310,Sa,9,0
POI0310,Sa,10,42
POI0310,Sa,11,62
POI0310,Sa,12,74
POI0310,Sa,13,82
POI0310,Sa,14,86
POI0310,Sa,15,89
POI0310,Sa,16,80
POI0310,Sa,17,58
POI0310,Sa,18,0
POI0310,Sa,19,0
POI0310,Sa,20,0
POI0310,Sa,21,0
POI0310,Sa,22,0
POI0310,Sa,23,0
POI0310,Su,6,0
POI0310,Su,7,0
POI0310,Su,8,0
POI0310,Su,9,0
POI0310,Su,10,35
POI0310,Su,11,56
POI0310,Su,12,64
POI0310,Su,13,73
POI0310,Su,14,80
POI0310,Su,15,89
POI0310,Su,16,81
POI0310,Su,17,57
POI0310,Su,18,0
POI0310,Su,19,0
POI0310,Su,20,0
POI0310,Su,21,0
POI0310,Su,22,0
POI0310,Su,23,0
POI0311,Mo,0,23
POI0311,Mo,1,18
POI0311,Mo,6,0
POI0311,Mo,7,0
POI0311,Mo,8,15
POI0311,Mo,9,26
POI0311,Mo,10,40
POI0311,Mo,11,50
POI0311,Mo,12,59
POI0311,Mo,13,54
POI0311,Mo,14,56
POI0311,Mo,15,61
POI0311,Mo,16,63
POI0311,Mo,17,60
POI0311,Mo,18,56
POI0311,Mo,19,60
POI0311,Mo,20,59
POI0311,Mo,21,54
POI0311,Mo,22,36
POI0311,Mo,23,30
POI0311,Tu,0,18
POI0311,Tu,1,22
POI0311,Tu,6,0
POI0311,Tu,7,0
POI0311,Tu,8,46
POI0311,Tu,9,40
POI0311,Tu,10,42
POI0311,Tu,11,49
POI0311,Tu,12,52
POI0311,Tu,13,54
POI0311,Tu,14,54
POI0311,Tu,15,57
POI0311,Tu,16,64
POI0311,Tu,17,74
POI0311,Tu,18,77
POI0311,Tu,19,71
POI0311,Tu,20,67
POI0311,Tu,21,52
POI0311,Tu,22,33
POI0311,Tu,23,22
POI0311,We,0,38
POI0311,We,1,25
POI0311,We,6,0
POI0311,We,7,0
POI0311,We,8,26
POI0311,We,9,33
POI0311,We,10,45
POI0311,We,11,50
POI0311,We,12,53
POI0311,We,13,53
POI0311,We,14,53
POI0311,We,15,56
POI0311,We,16,54
POI0311,We,17,57
POI0311,We,18,53
POI0311,We,19,56
POI0311,We,20,53
POI0311,We,21,61
POI0311,We,22,59
POI0311,We,23,53
POI0311,Th,0,39
POI0311,Th,1,26
POI0311,Th,6,0
POI0311,Th,7,0
POI0311,Th,8,28
POI0311,Th,9,42
POI0311,Th,10,39
POI0311,Th,11,42
POI0311,Th,12,42
POI0311,Th,13,50
POI0311,Th,14,60
POI0311,Th,15,73
POI0311,Th,16,77
POI0311,Th,17,88
POI0311,Th,18,97
POI0311,Th,19,100
POI0311,Th,20,92
POI0311,Th,22,64
POI0311,Th,23,54
POI0311,Fr,0,28
POI0311,Fr,1,15
POI0311,Fr,6,0
POI0311,Fr,7,0
POI0311,Fr,8,29
POI0311,Fr,9,35
POI0311,Fr,10,39
POI0311,Fr,11,46
POI0311,Fr,12,53
POI0311,Fr,13,59
POI0311,Fr,14,60
POI0311,Fr,15,66
POI0311,Fr,16,71
POI0311,Fr,17,85
POI0311,Fr,18,98
POI0311,Fr,19,97
POI0311,Fr,20,95
POI0311,Fr,21,85
POI0311,Fr,22,67
POI0311,Fr,23,50
POI0311,Sa,0,45
POI0311,Sa,1,28
POI0311,Sa,6,0
POI0311,Sa,7,0
POI0311,Sa,8,15
POI0311,Sa,9,19
POI0311,Sa,10,36
POI0311,Sa,11,49
POI0311,Sa,12,74
POI0311,Sa,13,80
POI0311,Sa,14,84
POI0311,Sa,15,90
POI0311,Sa,16,94
POI0311,Sa,17,98
POI0311,Sa,18,98
POI0311,Sa,19,88
POI0311,Sa,20,78
POI0311,Sa,21,73
POI0311,Sa,22,71
POI0311,Sa,23,61
POI0312,Mo,0,55
POI0312,Mo,1,61
POI0312,Mo,2,61
POI0312,Mo,3,50
POI0312,Mo,4,50
POI0312,Mo,5,50
POI0312,Mo,6,61
POI0312,Mo,7,50
POI0312,Mo,8,33
POI0312,Mo,9,22
POI0312,Mo,10,22
POI0312,Mo,11,33
POI0312,Mo,12,55
POI0312,Mo,13,61
POI0312,Mo,14,66
POI0312,Mo,15,72
POI0312,Mo,16,55
POI0312,Mo,17,50
POI0312,Mo,18,66
POI0312,Mo,19,83
POI0312,Mo,20,100
POI0312,Mo,21,77
POI0312,Mo,22,61
POI0312,Mo,23,44
POI0312,Tu,0,38
POI0312,Tu,1,55
POI0312,Tu,2,77
POI0312,Tu,3,61
POI0312,Tu,4,50
POI0312,Tu,5,38
POI0312,Tu,6,38
POI0312,Tu,7,38
POI0312,Tu,8,44
POI0312,Tu,9,38
POI0312,Tu,10,55
POI0312,Tu,11,44
POI0312,Tu,12,66
POI0312,Tu,13,61
POI0312,Tu,14,55
POI0312,Tu,15,38
POI0312,Tu,16,27
POI0312,Tu,17,33
POI0312,Tu,18,16
POI0312,Tu,19,27
POI0312,Tu,20,27
POI0312,Tu,21,50
POI0312,Tu,22,38
POI0312,Tu,23,33
POI0312,We,0,22
POI0312,We,1,11
POI0312,We,2,16
POI0312,We,3,27
POI0312,We,4,44
POI0312,We,5,27
POI0312,We,6,22
POI0312,We,7,33
POI0312,We,8,44
POI0312,We,9,44
POI0312,We,10,27
POI0312,We,11,33
POI0312,We,12,33
POI0312,We,13,50
POI0312,We,14,33
POI0312,We,15,38
POI0312,We,16,38
POI0312,We,17,61
POI0312,We,18,66
POI0312,We,19,72
POI0312,We,20,55
POI0312,We,21,55
POI0312,We,22,38
POI0312,We,23,33
POI0312,Th,0,44
POI0312,Th,1,33
POI0312,Th,2,38
POI0312,Th,3,50
POI0312,Th,4,50
POI0312,Th,5,50
POI0312,Th,6,44
POI0312,Th,7,44
POI0312,Th,8,50
POI0312,Th,9,38
POI0312,Th,10,44
POI0312,Th,11,22
POI0312,Th,12,27
POI0312,Th,13,33
POI0312,Th,14,44
POI0312,Th,15,38
POI0312,Th,16,38
POI0312,Th,17,27
POI0312,Th,18,22
POI0312,Th,19,27
POI0312,Th,20,33
POI0312,Th,21,38
POI0312,Th,22,44
POI0312,Th,23,44
POI0312,Fr,0,55
POI0312,Fr,1,44
POI0312,Fr,2,38
POI0312,Fr,3,33
POI0312,Fr,4,38
POI0312,Fr,5,50
POI0312,Fr,6,50
POI0312,Fr,7,55
POI0312,Fr,8,44
POI0312,Fr,9,33
POI0312,Fr,10,27
POI0312,Fr,11,38
POI0312,Fr,12,55
POI0312,Fr,13,61
POI0312,Fr,14,50
POI0312,Fr,15,27
POI0312,Fr,16,33
POI0312,Fr,17,33
POI0312,Fr,18,44
POI0312,Fr,19,38
POI0312,Fr,20,50
POI0312,Fr,21,66
POI0312,Fr,22,50
POI0312,Fr,23,61
POI0312,Sa,0,44
POI0312,Sa,1,33
POI0312,Sa,2,33
POI0312,Sa,3,33
POI0312,Sa,4,33
POI0312,Sa,5,44
POI0312,Sa,6,61
POI0312,Sa,7,72
POI0312,Sa,8,72
POI0312,Sa,9,50
POI0312,Sa,10,50
POI0312,Sa,11,44
POI0312,Sa,12,55
POI0312,Sa,13,50
POI0312,Sa,14,33
POI0312,Sa,15,27
POI0312,Sa,16,33
POI0312,Sa,17,38
POI0312,Sa,18,44
POI0312,Sa,19,55
POI0312,Sa,20,61
POI0312,Sa,21,77
POI0312,Sa,22,83
POI0312,Sa,23,72
POI0312,Su,0,22
POI0312,Su,1,38
POI0312,Su,2,55
POI0312,Su,3,61
POI0312,Su,4,50
POI0312,Su,5,33
POI0312,Su,6,27
POI0312,Su,7,16
POI0312,Su,8,16
POI0312,Su,9,22
POI0312,Su,10,33
POI0312,Su,11,44
POI0312,Su,12,55
POI0312,Su,13,55
POI0312,Su,14,55
POI0312,Su,15,55
POI0312,Su,16,33
POI0312,Su,17,33
POI0312,Su,18,27
POI0312,Su,19,38
POI0312,Su,20,50
POI0312,Su,21,50
POI0312,Su,22,33
POI0312,Su,23,27
POI0316,Mo,0,24
POI0316,Mo,1,19
POI0316,Mo,2,12
POI0316,Mo,3,9
POI0316,Mo,4,7
POI0316,Mo,5,11
POI0316,Mo,6,16
POI0316,Mo,7,26
POI0316,Mo,8,39
POI0316,Mo,9,47
POI0316,Mo,10,53
POI0316,Mo,11,50
POI0316,Mo,12,56
POI0316,Mo,13,62
POI0316,Mo,14,64
POI0316,Mo,15,74
POI0316,Mo,16,83
POI0316,Mo,17,87
POI0316,Mo,18,79
POI0316,Mo,19,65
POI0316,Mo,20,58
POI0316,Mo,21,49
POI0316,Mo,22,41
POI0316,Mo,23,31
POI0316,Tu,0,21
POI0316,Tu,1,16
POI0316,Tu,2,12
POI0316,Tu,3,12
POI0316,Tu,4,16
POI0316,Tu,5,19
POI0316,Tu,6,25
POI0316,Tu,7,29
POI0316,Tu,8,35
POI0316,Tu,9,41
POI0316,Tu,10,42
POI0316,Tu,11,45
POI0316,Tu,12,55
POI0316,Tu,13,69
POI0316,Tu,14,70
POI0316,Tu,15,64
POI0316,Tu,16,57
POI0316,Tu,17,61
POI0316,Tu,18,71
POI0316,Tu,19,79
POI0316,Tu,20,80
POI0316,Tu,21,77
POI0316,Tu,22,53
POI0316,Tu,23,35
POI0316,We,0,25
POI0316,We,1,22
POI0316,We,2,21
POI0316,We,3,19
POI0316,We,4,17
POI0316,We,5,14
POI0316,We,6,14
POI0316,We,7,16
POI0316,We,8,24
POI0316,We,9,33
POI0316,We,10,38
POI0316,We,11,43
POI0316,We,12,45
POI0316,We,13,49
POI0316,We,14,52
POI0316,We,15,57
POI0316,We,16,57
POI0316,We,17,62
POI0316,We,18,72
POI0316,We,19,93
POI0316,We,20,100
POI0316,We,21,84
POI0316,We,22,54
POI0316,We,23,36
POI0316,Th,0,57
POI0316,Th,1,41
POI0316,Th,2,30
POI0316,Th,3,23
POI0316,Th,4,19
POI0316,Th,5,22
POI0316,Th,6,25
POI0316,Th,7,31
POI0316,Th,8,31
POI0316,Th,9,32
POI0316,Th,10,38
POI0316,Th,11,46
POI0316,Th,12,56
POI0316,Th,13,54
POI0316,Th,14,54
POI0316,Th,15,45
POI0316,Th,16,49
POI0316,Th,17,54
POI0316,Th,18,72
POI0316,Th,19,88
POI0316,Th,20,95
POI0316,Th,22,83
POI0316,Th,23,69
POI0316,Fr,0,29
POI0316,Fr,1,17
POI0316,Fr,2,10
POI0316,Fr,3,7
POI0316,Fr,4,11
POI0316,Fr,5,14
POI0316,Fr,6,22
POI0316,Fr,7,29
POI0316,Fr,8,31
POI0316,Fr,9,32
POI0316,Fr,10,34
POI0316,Fr,11,37
POI0316,Fr,12,38
POI0316,Fr,13,32
POI0316,Fr,14,30
POI0316,Fr,15,27
POI0316,Fr,16,28
POI0316,Fr,17,37
POI0316,Fr,18,54
POI0316,Fr,19,76
POI0316,Fr,20,83
POI0316,Fr,21,71
POI0316,Fr,22,56
POI0316,Fr,23,40
POI0316,Sa,0,43
POI0316,Sa,1,32
POI0316,Sa,2,21
POI0316,Sa,3,16
POI0316,Sa,4,14
POI0316,Sa,5,13
POI0316,Sa,6,16
POI0316,Sa,7,14
POI0316,Sa,8,16
POI0316,Sa,9,18
POI0316,Sa,10,17
POI0316,Sa,11,16
POI0316,Sa,12,30
POI0316,Sa,13,43
POI0316,Sa,14,64
POI0316,Sa,15,66
POI0316,Sa,16,69
POI0316,Sa,17,64
POI0316,Sa,18,71
POI0316,Sa,19,80
POI0316,Sa,20,85
POI0316,Sa,21,73
POI0316,Sa,22,59
POI0316,Sa,23,50
POI0316,Su,0,21
POI0316,Su,1,22
POI0316,Su,2,22
POI0316,Su,3,16
POI0316,Su,4,12
POI0316,Su,5,13
POI0316,Su,6,15
POI0316,Su,7,17
POI0316,Su,8,20
POI0316,Su,9,19
POI0316,Su,10,20
POI0316,Su,11,16
POI0316,Su,12,19
POI0316,Su,13,16
POI0316,Su,14,19
POI0316,Su,15,20
POI0316,Su,16,22
POI0316,Su,17,17
POI0316,Su,18,13
POI0316,Su,19,10
POI0316,Su,20,11
POI0316,Su,21,15
POI0316,Su,22,19
POI0316,Su,23,22
POI0317,Tu,6,0
POI0317,Tu,7,0
POI0317,Tu,8,0
POI0317,Tu,9,0
POI0317,Tu,10,0
POI0317,Tu,11,0
POI0317,Tu,12,35
POI0317,Tu,13,42
POI0317,Tu,14,51
POI0317,Tu,15,58
POI0317,Tu,16,60
POI0317,Tu,17,60
POI0317,Tu,18,0
POI0317,Tu,19,0
POI0317,Tu,20,0
POI0317,Tu,21,0
POI0317,Tu,22,0
POI0317,Tu,23,0
POI0317,We,6,0
POI0317,We,7,0
POI0317,We,8,0
POI0317,We,9,0
POI0317,We,10,0
POI0317,We,11,0
POI0317,We,12,31
POI0317,We,13,40
POI0317,We,14,47
POI0317,We,15,50
POI0317,We,16,52
POI0317,We,17,56
POI0317,We,18,0
POI0317,We,19,0
POI0317,We,20,0
POI0317,We,21,0
POI0317,We,22,0
POI0317,We,23,0
POI0317,Th,6,0
POI0317,Th,7,0
POI0317,Th,8,0
POI0317,Th,9,0
POI0317,Th,10,0
POI0317,Th,11,0
POI0317,Th,12,34
POI0317,Th,13,43
POI0317,Th,14,47
POI0317,Th,15,51
POI0317,Th,16,55
POI0317,Th,17,59
POI0317,Th,18,0
POI0317,Th,19,0
POI0317,Th,20,0
POI0317,Th,21,0
POI0317,Th,22,0
POI0317,Th,23,0
POI0317,Fr,6,0
POI0317,Fr,7,0
POI0317,Fr,8,0
POI0317,Fr,9,0
POI0317,Fr,10,0
POI0317,Fr,11,0
POI0317,Fr,12,32
POI0317,Fr,13,44
POI0317,Fr,14,52
POI0317,Fr,15,59
POI0317,Fr,16,62
POI0317,Fr,17,65
POI0317,Fr,18,0
POI0317,Fr,19,0
POI0317,Fr,20,0
POI0317,Fr,21,0
POI0317,Fr,22,0
POI0317,Fr,23,0
POI0317,Sa,6,0
POI0317,Sa,7,0
POI0317,Sa,8,0
POI0317,Sa,9,0
POI0317,Sa,10,32
POI0317,Sa,11,46
POI0317,Sa,12,57
POI0317,Sa,13,65
POI0317,Sa,14,78
POI0317,Sa,15,91
POI0317,Sa,16,98
POI0317,Sa,17,92
POI0317,Sa,18,0
POI0317,Sa,19,0
POI0317,Sa,20,0
POI0317,Sa,21,0
POI0317,Sa,22,0
POI0317,Sa,23,0
POI0317,Su,6,0
POI0317,Su,7,0
POI0317,Su,8,0
POI0317,Su,9,0
POI0317,Su,10,21
POI0317,Su,11,31
POI0317,Su,12,40
POI0317,Su,13,52
POI0317,Su,14,70
POI0317,Su,15,92
POI0317,Su,16,100
POI0317,Su,17,93
POI0317,Su,18,0
POI0317,Su,19,0
POI0317,Su,20,0
POI0317,Su,21,0
POI0317,Su,22,0
POI0317,Su,23,0
POI0320,Tu,6,0
POI0320,Tu,7,0
POI0320,Tu,8,0
POI0320,Tu,9,0
POI0320,Tu,10,20
POI0320,Tu,11,29
POI0320,Tu,12,36
POI0320,Tu,13,49
POI0320,Tu,14,59
POI0320,Tu,15,58
POI0320,Tu,16,44
POI0320,Tu,17,27
POI0320,Tu,18,0
POI0320,Tu,19,0
POI0320,Tu,20,0
POI0320,Tu,21,0
POI0320,Tu,22,0
POI0320,Tu,23,0
POI0320,We,6,0
POI0320,We,7,0
POI0320,We,8,0
POI0320,We,9,0
POI0320,We,10,32
POI0320,We,11,42
POI0320,We,12,43
POI0320,We,13,45
POI0320,We,14,49
POI0320,We,15,56
POI0320,We,16,52
POI0320,We,17,40
POI0320,We,18,0
POI0320,We,19,0
POI0320,We,20,0
POI0320,We,21,0
POI0320,We,22,0
POI0320,We,23,0
POI0320,Th,6,0
POI0320,Th,7,0
POI0320,Th,8,0
POI0320,Th,9,0
POI0320,Th,10,30
POI0320,Th,11,39
POI0320,Th,12,44
POI0320,Th,13,47
POI0320,Th,14,52
POI0320,Th,15,55
POI0320,Th,16,47
POI0320,Th,17,35
POI0320,Th,18,0
POI0320,Th,19,0
POI0320,Th,20,0
POI0320,Th,21,0
POI0320,Th,22,0
POI0320,Th,23,0
POI0320,Fr,6,0
POI0320,Fr,7,0
POI0320,Fr,8,0
POI0320,Fr,9,0
POI0320,Fr,10,23
POI0320,Fr,11,31
POI0320,Fr,12,35
POI0320,Fr,13,41
POI0320,Fr,14,49
POI0320,Fr,15,54
POI0320,Fr,16,47
POI0320,Fr,17,37
POI0320,Fr,18,0
POI0320,Fr,19,0
POI0320,Fr,20,0
POI0320,Fr,21,0
POI0320,Fr,22,0
POI0320,Fr,23,0
POI0320,Sa,6,0
POI0320,Sa,7,0
POI0320,Sa,8,0
POI0320,Sa,9,0
POI0320,Sa,10,26
POI0320,Sa,11,38
POI0320,Sa,12,45
POI0320,Sa,13,55
POI0320,Sa,14,77
POI0320,Sa,15,100
POI0320,Sa,16,97
POI0320,Sa,17,70
POI0320,Sa,18,0
POI0320,Sa,19,0
POI0320,Sa,20,0
POI0320,Sa,21,0
POI0320,Sa,22,0
POI0320,Sa,23,0
POI0320,Su,6,0
POI0320,Su,7,0
POI0320,Su,8,0
POI0320,Su,9,0
POI0320,Su,10,25
POI0320,Su,11,40
POI0320,Su,12,45
POI0320,Su,13,59
POI0320,Su,14,78
POI0320,Su,15,90
POI0320,Su,16,85
POI0320,Su,17,59
POI0320,Su,18,0
POI0320,Su,19,0
POI0320,Su,20,0
POI0320,Su,21,0
POI0320,Su,22,0
POI0320,Su,23,0
POI0322,Mo,0,18
POI0322,Mo,1,7
POI0322,Mo,2,1
POI0322,Mo,3,0
POI0322,Mo,4,1
POI0322,Mo,5,5
POI0322,Mo,6,13
POI0322,Mo,7,23
POI0322,Mo,8,31
POI0322,Mo,9,30
POI0322,Mo,10,27
POI0322,Mo,11,25
POI0322,Mo,12,27
POI0322,Mo,13,29
POI0322,Mo,14,32
POI0322,Mo,15,36
POI0322,Mo,16,46
POI0322,Mo,17,64
POI0322,Mo,18,81
POI0322,Mo,19,77
POI0322,Mo,20,64
POI0322,Mo,21,50
POI0322,Mo,22,42
POI0322,Mo,23,33
POI0322,Tu,0,21
POI0322,Tu,1,8
POI0322,Tu,2,2
POI0322,Tu,3,1
POI0322,Tu,4,2
POI0322,Tu,5,7
POI0322,Tu,6,16
POI0322,Tu,7,28
POI0322,Tu,8,40
POI0322,Tu,9,46
POI0322,Tu,10,44
POI0322,Tu,11,45
POI0322,Tu,12,48
POI0322,Tu,13,52
POI0322,Tu,14,55
POI0322,Tu,15,61
POI0322,Tu,16,72
POI0322,Tu,17,89
POI0322,Tu,18,100
POI0322,Tu,19,89
POI0322,Tu,20,72
POI0322,Tu,21,59
POI0322,Tu,22,50
POI0322,Tu,23,39
POI0322,We,0,21
POI0322,We,1,7
POI0322,We,2,2
POI0322,We,3,1
POI0322,We,4,3
POI0322,We,5,8
POI0322,We,6,17
POI0322,We,7,25
POI0322,We,8,33
POI0322,We,9,32
POI0322,We,10,30
POI0322,We,11,28
POI0322,We,12,30
POI0322,We,13,34
POI0322,We,14,37
POI0322,We,15,39
POI0322,We,16,47
POI0322,We,17,58
POI0322,We,18,69
POI0322,We,19,64
POI0322,We,20,56
POI0322,We,21,53
POI0322,We,22,50
POI0322,We,23,39
POI0322,Th,0,25
POI0322,Th,1,10
POI0322,Th,2,2
POI0322,Th,3,1
POI0322,Th,4,3
POI0322,Th,5,8
POI0322,Th,6,16
POI0322,Th,7,26
POI0322,Th,8,33
POI0322,Th,9,32
POI0322,Th,10,30
POI0322,Th,11,30
POI0322,Th,12,32
POI0322,Th,13,33
POI0322,Th,14,35
POI0322,Th,15,36
POI0322,Th,16,46
POI0322,Th,17,62
POI0322,Th,18,81
POI0322,Th,19,80
POI0322,Th,20,73
POI0322,Th,21,64
POI0322,Th,22,58
POI0322,Fr,0,27
POI0322,Fr,1,13
POI0322,Fr,2,3
POI0322,Fr,3,1
POI0322,Fr,4,2
POI0322,Fr,5,7
POI0322,Fr,6,13
POI0322,Fr,7,20
POI0322,Fr,8,26
POI0322,Fr,9,27
POI0322,Fr,10,26
POI0322,Fr,11,26
POI0322,Fr,12,28
POI0322,Fr,13,29
POI0322,Fr,14,33
POI0322,Fr,15,35
POI0322,Fr,16,41
POI0322,Fr,17,45
POI0322,Fr,18,49
POI0322,Fr,19,47
POI0322,Fr,20,45
POI0322,Fr,21,50
POI0322,Fr,22,50
POI0322,Fr,23,44
POI0322,Sa,0,24
POI0322,Sa,1,12
POI0322,Sa,2,4
POI0322,Sa,3,1
POI0322,Sa,4,2
POI0322,Sa,5,5
POI0322,Sa,6,11
POI0322,Sa,7,14
POI0322,Sa,8,17
POI0322,Sa,9,18
POI0322,Sa,10,20
POI0322,Sa,11,21
POI0322,Sa,12,22
POI0322,Sa,13,24
POI0322,Sa,14,29
POI0322,Sa,15,35
POI0322,Sa,16,44
POI0322,Sa,17,54
POI0322,Sa,18,65
POI0322,Sa,19,64
POI0322,Sa,20,55
POI0322,Sa,21,48
POI0322,Sa,22,44
POI0322,Sa,23,39
POI0322,Su,0,14
POI0322,Su,1,6
POI0322,Su,2,1
POI0322,Su,3,1
POI0322,Su,4,2
POI0322,Su,5,4
POI0322,Su,6,8
POI0322,Su,7,12
POI0322,Su,8,16
POI0322,Su,9,19
POI0322,Su,10,22
POI0322,Su,11,22
POI0322,Su,12,22
POI0322,Su,13,24
POI0322,Su,14,27
POI0322,Su,15,31
POI0322,Su,16,37
POI0322,Su,17,46
POI0322,Su,18,55
POI0322,Su,19,51
POI0322,Su,20,46
POI0322,Su,21,38
POI0322,Su,22,33
POI0322,Su,23,25
POI0327,Mo,0,37
POI0327,Mo,1,50
POI0327,Mo,2,56
POI0327,Mo,3,81
POI0327,Mo,4,62
POI0327,Mo,5,43
POI0327,Mo,6,18
POI0327,Mo,7,25
POI0327,Mo,8,50
POI0327,Mo,9,62
POI0327,Mo,10,62
POI0327,Mo,11,43
POI0327,Mo,12,43
POI0327,Mo,13,62
POI0327,Mo,14,93
POI0327,Mo,15,56
POI0327,Mo,16,43
POI0327,Mo,17,37
POI0327,Mo,18,56
POI0327,Mo,19,100
POI0327,Mo,20,100
POI0327,Mo,21,93
POI0327,Mo,22,68
POI0327,Mo,23,50
POI0327,Tu,0,25
POI0327,Tu,1,25
POI0327,Tu,2,25
POI0327,Tu,3,25
POI0327,Tu,4,37
POI0327,Tu,5,43
POI0327,Tu,6,50
POI0327,Tu,7,62
POI0327,Tu,8,50
POI0327,Tu,9,50
POI0327,Tu,10,50
POI0327,Tu,11,43
POI0327,Tu,12,25
POI0327,Tu,13,18
POI0327,Tu,14,25
POI0327,Tu,15,25
POI0327,Tu,16,25
POI0327,Tu,17,18
POI0327,Tu,18,31
POI0327,Tu,19,18
POI0327,Tu,20,25
POI0327,Tu,21,25
POI0327,Tu,22,43
POI0327,Tu,23,25
POI0327,We,0,18
POI0327,We,1,31
POI0327,We,2,56
POI0327,We,3,50
POI0327,We,4,37
POI0327,We,5,37
POI0327,We,6,50
POI0327,We,7,43
POI0327,We,8,50
POI0327,We,9,56
POI0327,We,10,68
POI0327,We,11,62
POI0327,We,12,50
POI0327,We,13,50
POI0327,We,14,43
POI0327,We,15,43
POI0327,We,16,56
POI0327,We,17,56
POI0327,We,18,50
POI0327,We,19,43
POI0327,We,20,18
POI0327,We,21,6
POI0327,We,22,6
POI0327,We,23,6
POI0327,Th,0,37
POI0327,Th,1,50
POI0327,Th,2,37
POI0327,Th,3,50
POI0327,Th,4,37
POI0327,Th,5,43
POI0327,Th,6,37
POI0327,Th,7,43
POI0327,Th,8,43
POI0327,Th,9,37
POI0327,Th,10,50
POI0327,Th,11,75
POI0327,Th,12,81
POI0327,Th,13,68
POI0327,Th,14,68
POI0327,Th,15,56
POI0327,Th,16,62
POI0327,Th,17,37
POI0327,Th,18,37
POI0327,Th,19,50
POI0327,Th,20,56
POI0327,Th,21,56
POI0327,Th,22,43
POI0327,Th,23,37
POI0327,Fr,0,62
POI0327,Fr,1,43
POI0327,Fr,2,50
POI0327,Fr,3,37
POI0327,Fr,4,56
POI0327,Fr,5,56
POI0327,Fr,6,56
POI0327,Fr,7,50
POI0327,Fr,8,43
POI0327,Fr,9,37
POI0327,Fr,10,31
POI0327,Fr,11,43
POI0327,Fr,12,50
POI0327,Fr,13,56
POI0327,Fr,14,43
POI0327,Fr,15,50
POI0327,Fr,16,43
POI0327,Fr,17,87
POI0327,Fr,18,68
POI0327,Fr,19,87
POI0327,Fr,20,68
POI0327,Fr,21,68
POI0327,Fr,22,68
POI0327,Fr,23,56
POI0327,Sa,0,56
POI0327,Sa,1,50
POI0327,Sa,2,37
POI0327,Sa,3,43
POI0327,Sa,4,50
POI0327,Sa,5,43
POI0327,Sa,6,43
POI0327,Sa,7,37
POI0327,Sa,8,56
POI0327,Sa,9,43
POI0327,Sa,10,56
POI0327,Sa,11,50
POI0327,Sa,12,56
POI0327,Sa,13,56
POI0327,Sa,14,43
POI0327,Sa,15,50
POI0327,Sa,16,56
POI0327,Sa,17,87
POI0327,Sa,18,62
POI0327,Sa,19,62
POI0327,Sa,20,43
POI0327,Sa,21,56
POI0327,Sa,22,62
POI0327,Sa,23,56
POI0327,Su,0,18
POI0327,Su,1,37
POI0327,Su,2,62
POI0327,Su,3,56
POI0327,Su,4,62
POI0327,Su,5,62
POI0327,Su,6,68
POI0327,Su,7,68
POI0327,Su,8,50
POI0327,Su,9,37
POI0327,Su,10,18
POI0327,Su,11,18
POI0327,Su,12,25
POI0327,Su,13,37
POI0327,Su,14,50
POI0327,Su,15,50
POI0327,Su,16,50
POI0327,Su,17,37
POI0327,Su,18,25
POI0327,Su,19,31
POI0327,Su,20,37
POI0327,Su,21,56
POI0327,Su,22,25
POI0327,Su,23,18
POI0328,Mo,6,0
POI0328,Mo,7,0
POI0328,Mo,8,41
POI0328,Mo,9,38
POI0328,Mo,10,41
POI0328,Mo,11,50
POI0328,Mo,12,55
POI0328,Mo,13,52
POI0328,Mo,14,47
POI0328,Mo,15,44
POI0328,Mo,16,47
POI0328,Mo,17,47
POI0328,Mo,18,47
POI0328,Mo,19,61
POI0328,Mo,20,70
POI0328,Mo,21,88
POI0328,Mo,22,0
POI0328,Mo,23,0
POI0328,Tu,6,0
POI0328,Tu,7,0
POI0328,Tu,8,52
POI0328,Tu,9,55
POI0328,Tu,10,52
POI0328,Tu,11,55
POI0328,Tu,12,67
POI0328,Tu,13,91
POI0328,Tu,14,85
POI0328,Tu,15,67
POI0328,Tu,16,55
POI0328,Tu,17,50
POI0328,Tu,18,41
POI0328,Tu,19,47
POI0328,Tu,20,58
POI0328,Tu,21,76
POI0328,Tu,22,0
POI0328,Tu,23,0
POI0328,We,6,0
POI0328,We,7,0
POI0328,We,8,58
POI0328,We,9,52
POI0328,We,10,52
POI0328,We,11,47
POI0328,We,12,41
POI0328,We,13,44
POI0328,We,14,55
POI0328,We,15,50
POI0328,We,16,52
POI0328,We,17,50
POI0328,We,18,67
POI0328,We,19,82
POI0328,We,20,88
POI0328,We,21,67
POI0328,We,22,0
POI0328,We,23,0
POI0328,Th,6,0
POI0328,Th,7,0
POI0328,Th,8,73
POI0328,Th,9,64
POI0328,Th,10,73
POI0328,Th,11,55
POI0328,Th,12,64
POI0328,Th,13,55
POI0328,Th,14,55
POI0328,Th,15,55
POI0328,Th,16,50
POI0328,Th,17,41
POI0328,Th,18,47
POI0328,Th,19,52
POI0328,Th,20,52
POI0328,Th,22,0
POI0328,Th,23,0
POI0328,Fr,6,0
POI0328,Fr,7,0
POI0328,Fr,8,41
POI0328,Fr,9,44
POI0328,Fr,10,35
POI0328,Fr,11,50
POI0328,Fr,12,55
POI0328,Fr,13,76
POI0328,Fr,14,64
POI0328,Fr,15,61
POI0328,Fr,16,50
POI0328,Fr,17,52
POI0328,Fr,18,50
POI0328,Fr,19,70
POI0328,Fr,20,61
POI0328,Fr,21,73
POI0328,Fr,22,0
POI0328,Fr,23,0
POI0328,Sa,6,0
POI0328,Sa,7,0
POI0328,Sa,8,0
POI0328,Sa,9,44
POI0328,Sa,10,47
POI0328,Sa,11,58
POI0328,Sa,12,64
POI0328,Sa,13,55
POI0328,Sa,14,52
POI0328,Sa,15,38
POI0328,Sa,16,50
POI0328,Sa,17,44
POI0328,Sa,18,47
POI0328,Sa,19,55
POI0328,Sa,20,64
POI0328,Sa,21,67
POI0328,Sa,22,0
POI0328,Sa,23,0
POI0328,Su,6,0
POI0328,Su,7,0
POI0328,Su,8,0
POI0328,Su,9,29
POI0328,Su,10,55
POI0328,Su,11,67
POI0328,Su,12,100
POI0328,Su,13,94
POI0328,Su,14,73
POI0328,Su,15,64
POI0328,Su,16,38
POI0328,Su,17,38
POI0328,Su,18,44
POI0328,Su,19,76
POI0328,Su,20,70
POI0328,Su,21,70
POI0328,Su,22,0
POI0328,Su,23,0
POI0331,Tu,6,0
POI0331,Tu,7,0
POI0331,Tu,8,0
POI0331,Tu,9,0
POI0331,Tu,10,19
POI0331,Tu,11,25
POI0331,Tu,12,33
POI0331,Tu,13,36
POI0331,Tu,14,45
POI0331,Tu,15,50
POI0331,Tu,16,48
POI0331,Tu,17,32
POI0331,Tu,18,0
POI0331,Tu,19,0
POI0331,Tu,20,0
POI0331,Tu,21,0
POI0331,Tu,22,0
POI0331,Tu,23,0
POI0331,We,6,0
POI0331,We,7,0
POI0331,We,8,0
POI0331,We,9,0
POI0331,We,10,25
POI0331,We,11,31
POI0331,We,12,35
POI0331,We,13,40
POI0331,We,14,46
POI0331,We,15,48
POI0331,We,16,41
POI0331,We,17,29
POI0331,We,18,0
POI0331,We,19,0
POI0331,We,20,0
POI0331,We,21,0
POI0331,We,22,0
POI0331,We,23,0
POI0331,Th,6,0
POI0331,Th,7,0
POI0331,Th,8,0
POI0331,Th,9,0
POI0331,Th,10,24
POI0331,Th,11,32
POI0331,Th,12,38
POI0331,Th,13,43
POI0331,Th,14,52
POI0331,Th,15,53
POI0331,Th,16,44
POI0331,Th,17,33
POI0331,Th,18,0
POI0331,Th,19,0
POI0331,Th,20,0
POI0331,Th,21,0
POI0331,Th,22,0
POI0331,Th,23,0
POI0331,Fr,6,0
POI0331,Fr,7,0
POI0331,Fr,8,0
POI0331,Fr,9,0
POI0331,Fr,10,29
POI0331,Fr,11,37
POI0331,Fr,12,39
POI0331,Fr,13,49
POI0331,Fr,14,62
POI0331,Fr,15,71
POI0331,Fr,16,66
POI0331,Fr,17,49
POI0331,Fr,18,0
POI0331,Fr,19,0
POI0331,Fr,20,0
POI0331,Fr,21,0
POI0331,Fr,22,0
POI0331,Fr,23,0
POI0331,Sa,6,0
POI0331,Sa,7,0
POI0331,Sa,8,0
POI0331,Sa,9,0
POI0331,Sa,10,30
POI0331,Sa,11,43
POI0331,Sa,12,55
POI0331,Sa,13,65
POI0331,Sa,14,86
POI0331,Sa,15,100
POI0331,Sa,16,94
POI0331,Sa,17,70
POI0331,Sa,18,0
POI0331,Sa,19,0
POI0331,Sa,20,0
POI0331,Sa,21,0
POI0331,Sa,22,0
POI0331,Sa,23,0
POI0333,Mo,0,44
POI0333,Mo,1,39
POI0333,Mo,2,55
POI0333,Mo,3,76
POI0333,Mo,4,81
POI0333,Mo,5,57
POI0333,Mo,6,52
POI0333,Mo,7,39
POI0333,Mo,8,47
POI0333,Mo,9,39
POI0333,Mo,10,52
POI0333,Mo,11,57
POI0333,Mo,12,68
POI0333,Mo,13,73
POI0333,Mo,14,94
POI0333,Mo,15,65
POI0333,Mo,16,65
POI0333,Mo,17,42
POI0333,Mo,18,50
POI0333,Mo,19,50
POI0333,Mo,20,65
POI0333,Mo,21,55
POI0333,Mo,22,50
POI0333,Mo,23,44
POI0333,Tu,0,31
POI0333,Tu,1,28
POI0333,Tu,2,31
POI0333,Tu,3,44
POI0333,Tu,4,60
POI0333,Tu,5,63
POI0333,Tu,6,60
POI0333,Tu,7,55
POI0333,Tu,8,60
POI0333,Tu,9,63
POI0333,Tu,10,63
POI0333,Tu,11,52
POI0333,Tu,12,60
POI0333,Tu,13,55
POI0333,Tu,14,57
POI0333,Tu,15,57
POI0333,Tu,16,42
POI0333,Tu,17,31
POI0333,Tu,18,23
POI0333,Tu,19,26
POI0333,Tu,20,31
POI0333,Tu,21,36
POI0333,Tu,22,34
POI0333,Tu,23,36
POI0333,We,0,44
POI0333,We,1,47
POI0333,We,2,52
POI0333,We,3,63
POI0333,We,4,86
POI0333,We,5,73
POI0333,We,6,73
POI0333,We,7,63
POI0333,We,8,47
POI0333,We,9,28
POI0333,We,10,15
POI0333,We,11,28
POI0333,We,12,47
POI0333,We,13,78
POI0333,We,14,71
POI0333,We,15,78
POI0333,We,16,63
POI0333,We,17,47
POI0333,We,18,42
POI0333,We,19,47
POI0333,We,20,71
POI0333,We,21,81
POI0333,We,22,78
POI0333,We,23,50
POI0333,Th,0,71
POI0333,Th,1,65
POI0333,Th,2,81
POI0333,Th,3,71
POI0333,Th,4,68
POI0333,Th,5,39
POI0333,Th,6,36
POI0333,Th,7,44
POI0333,Th,8,63
POI0333,Th,9,63
POI0333,Th,10,52
POI0333,Th,11,55
POI0333,Th,12,73
POI0333,Th,13,81
POI0333,Th,14,68
POI0333,Th,15,68
POI0333,Th,16,55
POI0333,Th,17,63
POI0333,Th,18,50
POI0333,Th,19,31
POI0333,Th,20,31
POI0333,Th,21,42
POI0333,Th,22,60
POI0333,Th,23,63
POI0333,Fr,0,44
POI0333,Fr,1,44
POI0333,Fr,2,47
POI0333,Fr,3,36
POI0333,Fr,4,47
POI0333,Fr,5,44
POI0333,Fr,6,44
POI0333,Fr,7,52
POI0333,Fr,8,44
POI0333,Fr,9,44
POI0333,Fr,10,34
POI0333,Fr,11,34
POI0333,Fr,12,36
POI0333,Fr,13,44
POI0333,Fr,14,31
POI0333,Fr,15,31
POI0333,Fr,16,31
POI0333,Fr,17,42
POI0333,Fr,18,60
POI0333,Fr,19,57
POI0333,Fr,20,60
POI0333,Fr,21,47
POI0333,Fr,22,55
POI0333,Fr,23,47
POI0333,Sa,0,50
POI0333,Sa,1,55
POI0333,Sa,2,50
POI0333,Sa,3,39
POI0333,Sa,4,34
POI0333,Sa,5,50
POI0333,Sa,6,42
POI0333,Sa,7,42
POI0333,Sa,8,47
POI0333,Sa,9,60
POI0333,Sa,10,76
POI0333,Sa,11,60
POI0333,Sa,12,60
POI0333,Sa,13,47
POI0333,Sa,14,44
POI0333,Sa,15,52
POI0333,Sa,16,60
POI0333,Sa,17,68
POI0333,Sa,18,68
POI0333,Sa,19,60
POI0333,Sa,20,63
POI0333,Sa,21,50
POI0333,Sa,22,44
POI0333,Sa,23,44
POI0333,Su,0,39
POI0333,Su,1,36
POI0333,Su,2,36
POI0333,Su,3,55
POI0333,Su,4,73
POI0333,Su,5,92
POI0333,Su,6,100
POI0333,Su,7,89
POI0333,Su,8,65
POI0333,Su,9,50
POI0333,Su,10,47
POI0333,Su,11,47
POI0333,Su,12,60
POI0333,Su,13,65
POI0333,Su,14,52
POI0333,Su,15,50
POI0333,Su,16,55
POI0333,Su,17,68
POI0333,Su,18,68
POI0333,Su,19,63
POI0333,Su,20,57
POI0333,Su,21,55
POI0333,Su,22,47
POI0333,Su,23,44
POI0336,Mo,0,15
POI0336,Mo,1,12
POI0336,Mo,6,0
POI0336,Mo,7,0
POI0336,Mo,8,13
POI0336,Mo,9,17
POI0336,Mo,10,18
POI0336,Mo,11,24
POI0336,Mo,12,24
POI0336,Mo,13,27
POI0336,Mo,14,24
POI0336,Mo,15,27
POI0336,Mo,16,27
POI0336,Mo,17,32
POI0336,Mo,18,36
POI0336,Mo,19,46
POI0336,Mo,20,48
POI0336,Mo,21,44
POI0336,Mo,22,32
POI0336,Mo,23,22
POI0336,Tu,0,32
POI0336,Tu,1,18
POI0336,Tu,6,0
POI0336,Tu,7,0
POI0336,Tu,8,31
POI0336,Tu,9,46
POI0336,Tu,10,39
POI0336,Tu,11,36
POI0336,Tu,12,25
POI0336,Tu,13,31
POI0336,Tu,14,24
POI0336,Tu,15,20
POI0336,Tu,16,15
POI0336,Tu,17,20
POI0336,Tu,18,31
POI0336,Tu,19,48
POI0336,Tu,20,62
POI0336,Tu,21,67
POI0336,Tu,22,60
POI0336,Tu,23,48
POI0336,We,0,20
POI0336,We,1,15
POI0336,We,6,0
POI0336,We,7,0
POI0336,We,8,15
POI0336,We,9,17
POI0336,We,10,20
POI0336,We,11,29
POI0336,We,12,25
POI0336,We,13,29
POI0336,We,14,27
POI0336,We,15,29
POI0336,We,16,24
POI0336,We,17,32
POI0336,We,18,43
POI0336,We,19,56
POI0336,We,20,60
POI0336,We,21,60
POI0336,We,22,48
POI0336,We,23,36
POI0336,Th,0,37
POI0336,Th,1,25
POI0336,Th,6,0
POI0336,Th,7,0
POI0336,Th,8,17
POI0336,Th,9,24
POI0336,Th,10,27
POI0336,Th,11,31
POI0336,Th,12,32
POI0336,Th,13,31
POI0336,Th,14,31
POI0336,Th,15,29
POI0336,Th,16,34
POI0336,Th,17,41
POI0336,Th,18,48
POI0336,Th,19,58
POI0336,Th,20,74
POI0336,Th,22,75
POI0336,Th,23,55
POI0336,Fr,0,31
POI0336,Fr,1,22
POI0336,Fr,6,0
POI0336,Fr,7,0
POI0336,Fr,8,22
POI0336,Fr,9,24
POI0336,Fr,10,24
POI0336,Fr,11,22
POI0336,Fr,12,25
POI0336,Fr,13,24
POI0336,Fr,14,25
POI0336,Fr,15,36
POI0336,Fr,16,44
POI0336,Fr,17,53
POI0336,Fr,18,51
POI0336,Fr,19,55
POI0336,Fr,20,63
POI0336,Fr,21,72
POI0336,Fr,22,70
POI0336,Fr,23,53
POI0336,Sa,0,43
POI0336,Sa,1,27
POI0336,Sa,6,0
POI0336,Sa,7,0
POI0336,Sa,8,13
POI0336,Sa,9,15
POI0336,Sa,10,17
POI0336,Sa,11,20
POI0336,Sa,12,25
POI0336,Sa,13,25
POI0336,Sa,14,31
POI0336,Sa,15,37
POI0336,Sa,16,58
POI0336,Sa,17,84
POI0336,Sa,18,100
POI0336,Sa,19,98
POI0336,Sa,20,86
POI0336,Sa,21,86
POI0336,Sa,22,77
POI0336,Sa,23,65
POI0336,Su,0,13
POI0336,Su,1,6
POI0336,Su,6,0
POI0336,Su,7,0
POI0336,Su,8,18
POI0336,Su,9,32
POI0336,Su,10,48
POI0336,Su,11,48
POI0336,Su,12,32
POI0336,Su,13,32
POI0336,Su,14,24
POI0336,Su,15,36
POI0336,Su,16,46
POI0336,Su,17,55
POI0336,Su,18,60
POI0336,Su,19,65
POI0336,Su,20,68
POI0336,Su,21,58
POI0336,Su,22,51
POI0336,Su,23,31
POI0340,Mo,6,0
POI0340,Mo,7,0
POI0340,Mo,8,0
POI0340,Mo,9,0
POI0340,Mo,10,43
POI0340,Mo,11,52
POI0340,Mo,12,57
POI0340,Mo,13,65
POI0340,Mo,14,71
POI0340,Mo,15,73
POI0340,Mo,16,66
POI0340,Mo,17,51
POI0340,Mo,18,0
POI0340,Mo,19,0
POI0340,Mo,20,0
POI0340,Mo,21,0
POI0340,Mo,22,0
POI0340,Mo,23,0
POI0340,Tu,6,0
POI0340,Tu,7,0
POI0340,Tu,8,0
POI0340,Tu,9,0
POI0340,Tu,10,31
POI0340,Tu,11,41
POI0340,Tu,12,48
POI0340,Tu,13,56
POI0340,Tu,14,66
POI0340,Tu,15,72
POI0340,Tu,16,69
POI0340,Tu,17,55
POI0340,Tu,18,0
POI0340,Tu,19,0
POI0340,Tu,20,0
POI0340,Tu,21,0
POI0340,Tu,22,0
POI0340,Tu,23,0
POI0340,We,6,0
POI0340,We,7,0
POI0340,We,8,0
POI0340,We,9,0
POI0340,We,10,31
POI0340,We,11,39
POI0340,We,12,43
POI0340,We,13,46
POI0340,We,14,55
POI0340,We,15,63
POI0340,We,16,62
POI0340,We,17,45
POI0340,We,18,0
POI0340,We,19,0
POI0340,We,20,0
POI0340,We,21,0
POI0340,We,22,0
POI0340,We,23,0
POI0340,Th,6,0
POI0340,Th,7,0
POI0340,Th,8,0
POI0340,Th,9,0
POI0340,Th,10,33
POI0340,Th,11,42
POI0340,Th,12,46
POI0340,Th,13,51
POI0340,Th,14,59
POI0340,Th,15,68
POI0340,Th,16,67
POI0340,Th,17,59
POI0340,Th,18,55
POI0340,Th,19,49
POI0340,Th,20,41
POI0340,Th,21,0
POI0340,Th,22,0
POI0340,Th,23,0
POI0340,Fr,6,0
POI0340,Fr,7,0
POI0340,Fr,8,0
POI0340,Fr,9,0
POI0340,Fr,10,31
POI0340,Fr,11,41
POI0340,Fr,12,49
POI0340,Fr,13,51
POI0340,Fr,14,57
POI0340,Fr,15,64
POI0340,Fr,16,63
POI0340,Fr,17,51
POI0340,Fr,18,0
POI0340,Fr,19,0
POI0340,Fr,20,0
POI0340,Fr,21,0
POI0340,Fr,22,0
POI0340,Fr,23,0
POI0340,Su,6,0
POI0340,Su,7,0
POI0340,Su,8,0
POI0340,Su,9,0
POI0340,Su,10,35
POI0340,Su,11,50
POI0340,Su,12,62
POI0340,Su,13,74
POI0340,Su,14,90
POI0340,Su,15,100
POI0340,Su,16,95
POI0340,Su,17,71
POI0340,Su,18,0
POI0340,Su,19,0
POI0340,Su,20,0
POI0340,Su,21,0
POI0340,Su,22,0
POI0340,Su,23,0
POI0342,Mo,6,0
POI0342,Mo,7,0
POI0342,Mo,8,0
POI0342,Mo,9,0
POI0342,Mo,10,9
POI0342,Mo,11,10
POI0342,Mo,12,10
POI0342,Mo,13,10
POI0342,Mo,14,11
POI0342,Mo,15,11
POI0342,Mo,16,10
POI0342,Mo,17,10
POI0342,Mo,18,13
POI0342,Mo,19,15
POI0342,Mo,20,17
POI0342,Mo,21,16
POI0342,Mo,22,13
POI0342,Mo,23,8
POI0342,Tu,6,0
POI0342,Tu,7,0
POI0342,Tu,8,0
POI0342,Tu,9,0
POI0342,Tu,10,12
POI0342,Tu,11,13
POI0342,Tu,12,14
POI0342,Tu,13,14
POI0342,Tu,14,14
POI0342,Tu,15,15
POI0342,Tu,16,17
POI0342,Tu,17,21
POI0342,Tu,18,29
POI0342,Tu,19,43
POI0342,Tu,20,51
POI0342,Tu,21,52
POI0342,Tu,22,43
POI0342,Tu,23,23
POI0342,We,6,0
POI0342,We,7,0
POI0342,We,8,0
POI0342,We,9,0
POI0342,We,10,10
POI0342,We,11,12
POI0342,We,12,13
POI0342,We,13,14
POI0342,We,14,15
POI0342,We,15,15
POI0342,We,16,16
POI0342,We,17,19
POI0342,We,18,29
POI0342,We,19,45
POI0342,We,20,55
POI0342,We,21,55
POI0342,We,22,44
POI0342,We,23,24
POI0342,Th,6,0
POI0342,Th,7,0
POI0342,Th,8,0
POI0342,Th,9,0
POI0342,Th,10,6
POI0342,Th,11,8
POI0342,Th,12,10
POI0342,Th,13,12
POI0342,Th,14,14
POI0342,Th,15,15
POI0342,Th,16,16
POI0342,Th,17,19
POI0342,Th,18,25
POI0342,Th,19,36
POI0342,Th,20,42
POI0342,Th,22,37
POI0342,Th,23,26
POI0342,Fr,6,0
POI0342,Fr,7,0
POI0342,Fr,8,0
POI0342,Fr,9,0
POI0342,Fr,10,14
POI0342,Fr,11,15
POI0342,Fr,12,14
POI0342,Fr,13,12
POI0342,Fr,14,11
POI0342,Fr,15,10
POI0342,Fr,16,11
POI0342,Fr,17,18
POI0342,Fr,18,32
POI0342,Fr,19,56
POI0342,Fr,20,71
POI0342,Fr,21,74
POI0342,Fr,22,65
POI0342,Fr,23,40
POI0342,Sa,6,0
POI0342,Sa,7,0
POI0342,Sa,8,0
POI0342,Sa,9,0
POI0342,Sa,10,5
POI0342,Sa,11,7
POI0342,Sa,12,8
POI0342,Sa,13,7
POI0342,Sa,14,7
POI0342,Sa,15,7
POI0342,Sa,16,9
POI0342,Sa,17,22
POI0342,Sa,18,45
POI0342,Sa,19,79
POI0342,Sa,20,99
POI0342,Sa,21,100
POI0342,Sa,22,85
POI0342,Sa,23,52
POI0342,Su,6,0
POI0342,Su,7,0
POI0342,Su,8,0
POI0342,Su,9,0
POI0342,Su,10,2
POI0342,Su,11,3
POI0342,Su,12,4
POI0342,Su,13,4
POI0342,Su,14,5
POI0342,Su,15,6
POI0342,Su,16,8
POI0342,Su,17,13
POI0342,Su,18,22
POI0342,Su,19,30
POI0342,Su,20,35
POI0342,Su,21,32
POI0342,Su,22,25
POI0342,Su,23,14
POI0344,Mo,6,0
POI0344,Mo,7,0
POI0344,Mo,8,0
POI0344,Mo,9,0
POI0344,Mo,10,24
POI0344,Mo,11,37
POI0344,Mo,12,47
POI0344,Mo,13,53
POI0344,Mo,14,57
POI0344,Mo,15,60
POI0344,Mo,16,59
POI0344,Mo,17,52
POI0344,Mo,18,42
POI0344,Mo,19,31
POI0344,Mo,20,0
POI0344,Mo,21,0
POI0344,Mo,22,0
POI0344,Mo,23,0
POI0344,Tu,6,0
POI0344,Tu,7,0
POI0344,Tu,8,0
POI0344,Tu,9,0
POI0344,Tu,10,31
POI0344,Tu,11,38
POI0344,Tu,12,43
POI0344,Tu,13,50
POI0344,Tu,14,53
POI0344,Tu,15,56
POI0344,Tu,16,54
POI0344,Tu,17,52
POI0344,Tu,18,44
POI0344,Tu,19,37
POI0344,Tu,20,0
POI0344,Tu,21,0
POI0344,Tu,22,0
POI0344,Tu,23,0
POI0344,We,6,0
POI0344,We,7,0
POI0344,We,8,0
POI0344,We,9,0
POI0344,We,10,26
POI0344,We,11,33
POI0344,We,12,41
POI0344,We,13,42
POI0344,We,14,48
POI0344,We,15,50
POI0344,We,16,53
POI0344,We,17,52
POI0344,We,18,45
POI0344,We,19,33
POI0344,We,20,0
POI0344,We,21,0
POI0344,We,22,0
POI0344,We,23,0
POI0344,Th,6,0
POI0344,Th,7,0
POI0344,Th,8,0
POI0344,Th,9,0
POI0344,Th,10,28
POI0344,Th,11,36
POI0344,Th,12,43
POI0344,Th,13,47
POI0344,Th,14,51
POI0344,Th,15,51
POI0344,Th,16,54
POI0344,Th,17,52
POI0344,Th,18,49
POI0344,Th,19,40
POI0344,Th,20,0
POI0344,Th,21,0
POI0344,Th,22,0
POI0344,Th,23,0
POI0344,Fr,6,0
POI0344,Fr,7,0
POI0344,Fr,8,0
POI0344,Fr,9,0
POI0344,Fr,10,27
POI0344,Fr,11,33
POI0344,Fr,12,41
POI0344,Fr,13,48
POI0344,Fr,14,53
POI0344,Fr,15,57
POI0344,Fr,16,56
POI0344,Fr,17,52
POI0344,Fr,18,49
POI0344,Fr,19,45
POI0344,Fr,20,0
POI0344,Fr,21,0
POI0344,Fr,22,0
POI0344,Fr,23,0
POI0344,Sa,6,0
POI0344,Sa,7,0
POI0344,Sa,8,0
POI0344,Sa,9,0
POI0344,Sa,10,33
POI0344,Sa,11,42
POI0344,Sa,12,50
POI0344,Sa,13,58
POI0344,Sa,14,72
POI0344,Sa,15,83
POI0344,Sa,16,88
POI0344,Sa,17,79
POI0344,Sa,18,65
POI0344,Sa,19,51
POI0344,Sa,20,0
POI0344,Sa,21,0
POI0344,Sa,22,0
POI0344,Sa,23,0
POI0344,Su,6,0
POI0344,Su,7,0
POI0344,Su,8,0
POI0344,Su,9,0
POI0344,Su,10,28
POI0344,Su,11,36
POI0344,Su,12,45
POI0344,Su,13,46
POI0344,Su,14,55
POI0344,Su,15,69
POI0344,Su,16,89
POI0344,Su,17,100
POI0344,Su,18,97
POI0344,Su,19,73
POI0344,Su,20,0
POI0344,Su,21,0
POI0344,Su,22,0
POI0344,Su,23,0
POI0346,Tu,6,0
POI0346,Tu,7,0
POI0346,Tu,8,0
POI0346,Tu,9,0
POI0346,Tu,10,37
POI0346,Tu,11,48
POI0346,Tu,12,53
POI0346,Tu,13,55
POI0346,Tu,14,69
POI0346,Tu,15,67
POI0346,Tu,16,55
POI0346,Tu,17,0
POI0346,Tu,18,0
POI0346,Tu,19,0
POI0346,Tu,20,0
POI0346,Tu,21,0
POI0346,Tu,22,0
POI0346,Tu,23,0
POI0346,We,6,0
POI0346,We,7,0
POI0346,We,8,0
POI0346,We,9,0
POI0346,We,10,39
POI0346,We,11,46
POI0346,We,12,51
POI0346,We,13,46
POI0346,We,14,48
POI0346,We,15,50
POI0346,We,16,46
POI0346,We,17,0
POI0346,We,18,0
POI0346,We,19,0
POI0346,We,20,0
POI0346,We,21,0
POI0346,We,22,0
POI0346,We,23,0
POI0346,Th,6,0
POI0346,Th,7,0
POI0346,Th,8,0
POI0346,Th,9,0
POI0346,Th,10,35
POI0346,Th,11,42
POI0346,Th,12,48
POI0346,Th,13,50
POI0346,Th,14,60
POI0346,Th,15,67
POI0346,Th,16,62
POI0346,Th,17,0
POI0346,Th,18,0
POI0346,Th,19,0
POI0346,Th,20,0
POI0346,Th,21,0
POI0346,Th,22,0
POI0346,Th,23,0
POI0346,Fr,6,0
POI0346,Fr,7,0
POI0346,Fr,8,0
POI0346,Fr,9,0
POI0346,Fr,10,44
POI0346,Fr,11,57
POI0346,Fr,12,67
POI0346,Fr,13,69
POI0346,Fr,14,73
POI0346,Fr,15,66
POI0346,Fr,16,48
POI0346,Fr,17,0
POI0346,Fr,18,0
POI0346,Fr,19,0
POI0346,Fr,20,0
POI0346,Fr,21,0
POI0346,Fr,22,0
POI0346,Fr,23,0
POI0346,Sa,6,0
POI0346,Sa,7,0
POI0346,Sa,8,0
POI0346,Sa,9,0
POI0346,Sa,10,67
POI0346,Sa,11,89
POI0346,Sa,12,89
POI0346,Sa,13,87
POI0346,Sa,14,100
POI0346,Sa,15,98
POI0346,Sa,16,85
POI0346,Sa,17,0
POI0346,Sa,18,0
POI0346,Sa,19,0
POI0346,Sa,20,0
POI0346,Sa,21,0
POI0346,Sa,22,0
POI0346,Sa,23,0
POI0346,Su,6,0
POI0346,Su,7,0
POI0346,Su,8,0
POI0346,Su,9,0
POI0346,Su,10,60
POI0346,Su,11,89
POI0346,Su,12,85
POI0346,Su,13,69
POI0346,Su,14,58
POI0346,Su,15,51
POI0346,Su,16,33
POI0346,Su,17,0
POI0346,Su,18,0
POI0346,Su,19,0
POI0346,Su,20,0
POI0346,Su,21,0
POI0346,Su,22,0
POI0346,Su,23,0
POI0347,Mo,6,0
POI0347,Mo,7,0
POI0347,Mo,8,0
POI0347,Mo,9,0
POI0347,Mo,10,0
POI0347,Mo,11,0
POI0347,Mo,12,0
POI0347,Mo,13,0
POI0347,Mo,14,25
POI0347,Mo,15,34
POI0347,Mo,16,35
POI0347,Mo,17,31
POI0347,Mo,18,22
POI0347,Mo,19,0
POI0347,Mo,20,0
POI0347,Mo,21,0
POI0347,Mo,22,0
POI0347,Mo,23,0
POI0347,Tu,0,54
POI0347,Tu,1,26
POI0347,Tu,6,0
POI0347,Tu,7,0
POI0347,Tu,8,0
POI0347,Tu,9,0
POI0347,Tu,10,0
POI0347,Tu,11,0
POI0347,Tu,12,0
POI0347,Tu,13,0
POI0347,Tu,14,0
POI0347,Tu,15,0
POI0347,Tu,16,0
POI0347,Tu,17,0
POI0347,Tu,18,0
POI0347,Tu,19,28
POI0347,Tu,20,50
POI0347,Tu,21,78
POI0347,Tu,22,94
POI0347,Tu,23,89
POI0347,Th,0,72
POI0347,Th,1,46
POI0347,Th,2,28
POI0347,Th,3,20
POI0347,Th,4,22
POI0347,Th,5,14
POI0347,Th,6,8
POI0347,Th,7,0
POI0347,Th,8,0
POI0347,Th,9,0
POI0347,Th,10,0
POI0347,Th,11,0
POI0347,Th,12,0
POI0347,Th,13,0
POI0347,Th,14,0
POI0347,Th,15,0
POI0347,Th,16,0
POI0347,Th,17,0
POI0347,Th,18,0
POI0347,Th,19,0
POI0347,Th,20,0
POI0347,Th,21,0
POI0347,Th,22,0
POI0347,Th,23,100
POI0347,Fr,0,36
POI0347,Fr,1,38
POI0347,Fr,2,35
POI0347,Fr,3,30
POI0347,Fr,4,30
POI0347,Fr,5,18
POI0347,Fr,6,9
POI0347,Fr,7,0
POI0347,Fr,8,0
POI0347,Fr,9,0
POI0347,Fr,10,0
POI0347,Fr,11,0
POI0347,Fr,12,0
POI0347,Fr,13,0
POI0347,Fr,14,0
POI0347,Fr,15,0
POI0347,Fr,16,0
POI0347,Fr,17,0
POI0347,Fr,18,0
POI0347,Fr,19,0
POI0347,Fr,20,0
POI0347,Fr,21,0
POI0347,Fr,22,0
POI0347,Fr,23,34
POI0347,Sa,0,47
POI0347,Sa,1,56
POI0347,Sa,2,55
POI0347,Sa,3,46
POI0347,Sa,4,24
POI0347,Sa,5,23
POI0347,Sa,6,14
POI0347,Sa,7,0
POI0347,Sa,8,0
POI0347,Sa,9,0
POI0347,Sa,10,0
POI0347,Sa,11,0
POI0347,Sa,12,0
POI0347,Sa,13,0
POI0347,Sa,14,0
POI0347,Sa,15,0
POI0347,Sa,16,0
POI0347,Sa,17,0
POI0347,Sa,18,0
POI0347,Sa,19,0
POI0347,Sa,20,0
POI0347,Sa,21,0
POI0347,Sa,22,0
POI0347,Sa,23,40
POI0351,Mo,0,11
POI0351,Mo,1,6
POI0351,Mo,2,4
POI0351,Mo,3,3
POI0351,Mo,4,3
POI0351,Mo,5,3
POI0351,Mo,6,6
POI0351,Mo,7,9
POI0351,Mo,8,12
POI0351,Mo,9,18
POI0351,Mo,10,24
POI0351,Mo,11,30
POI0351,Mo,12,34
POI0351,Mo,13,37
POI0351,Mo,14,39
POI0351,Mo,15,43
POI0351,Mo,16,48
POI0351,Mo,17,51
POI0351,Mo,18,52
POI0351,Mo,19,48
POI0351,Mo,20,41
POI0351,Mo,21,34
POI0351,Mo,22,27
POI0351,Mo,23,20
POI0351,Tu,0,16
POI0351,Tu,1,8
POI0351,Tu,2,3
POI0351,Tu,3,3
POI0351,Tu,4,2
POI0351,Tu,5,4
POI0351,Tu,6,7
POI0351,Tu,7,11
POI0351,Tu,8,15
POI0351,Tu,9,20
POI0351,Tu,10,25
POI0351,Tu,11,30
POI0351,Tu,12,36
POI0351,Tu,13,40
POI0351,Tu,14,41
POI0351,Tu,15,43
POI0351,Tu,16,46
POI0351,Tu,17,51
POI0351,Tu,18,54
POI0351,Tu,19,52
POI0351,Tu,20,48
POI0351,Tu,21,42
POI0351,Tu,22,36
POI0351,Tu,23,28
POI0351,We,0,17
POI0351,We,1,8
POI0351,We,2,4
POI0351,We,3,3
POI0351,We,4,3
POI0351,We,5,4
POI0351,We,6,6
POI0351,We,7,9
POI0351,We,8,12
POI0351,We,9,17
POI0351,We,10,23
POI0351,We,11,29
POI0351,We,12,34
POI0351,We,13,38
POI0351,We,14,41
POI0351,We,15,43
POI0351,We,16,47
POI0351,We,17,50
POI0351,We,18,51
POI0351,We,19,48
POI0351,We,20,44
POI0351,We,21,40
POI0351,We,22,37
POI0351,We,23,30
POI0351,Th,0,19
POI0351,Th,1,11
POI0351,Th,2,6
POI0351,Th,3,5
POI0351,Th,4,4
POI0351,Th,5,5
POI0351,Th,6,7
POI0351,Th,7,10
POI0351,Th,8,15
POI0351,Th,9,23
POI0351,Th,10,30
POI0351,Th,11,37
POI0351,Th,12,43
POI0351,Th,13,47
POI0351,Th,14,49
POI0351,Th,15,50
POI0351,Th,16,52
POI0351,Th,17,56
POI0351,Th,18,58
POI0351,Th,19,55
POI0351,Th,20,49
POI0351,Th,22,39
POI0351,Th,23,32
POI0351,Fr,0,35
POI0351,Fr,1,20
POI0351,Fr,2,12
POI0351,Fr,3,8
POI0351,Fr,4,6
POI0351,Fr,5,6
POI0351,Fr,6,7
POI0351,Fr,7,9
POI0351,Fr,8,14
POI0351,Fr,9,21
POI0351,Fr,10,28
POI0351,Fr,11,33
POI0351,Fr,12,38
POI0351,Fr,13,42
POI0351,Fr,14,47
POI0351,Fr,15,51
POI0351,Fr,16,56
POI0351,Fr,17,60
POI0351,Fr,18,62
POI0351,Fr,19,63
POI0351,Fr,20,64
POI0351,Fr,21,67
POI0351,Fr,22,65
POI0351,Fr,23,56
POI0351,Sa,0,40
POI0351,Sa,1,25
POI0351,Sa,2,15
POI0351,Sa,3,10
POI0351,Sa,4,8
POI0351,Sa,5,7
POI0351,Sa,6,6
POI0351,Sa,7,8
POI0351,Sa,8,14
POI0351,Sa,9,23
POI0351,Sa,10,33
POI0351,Sa,11,41
POI0351,Sa,12,47
POI0351,Sa,13,54
POI0351,Sa,14,63
POI0351,Sa,15,73
POI0351,Sa,16,82
POI0351,Sa,17,84
POI0351,Sa,18,81
POI0351,Sa,19,70
POI0351,Sa,20,64
POI0351,Sa,21,62
POI0351,Sa,22,63
POI0351,Sa,23,58
POI0351,Su,0,10
POI0351,Su,1,7
POI0351,Su,2,5
POI0351,Su,3,5
POI0351,Su,4,7
POI0351,Su,5,8
POI0351,Su,6,9
POI0351,Su,7,13
POI0351,Su,8,23
POI0351,Su,9,41
POI0351,Su,10,65
POI0351,Su,11,86
POI0351,Su,12,99
POI0351,Su,13,100
POI0351,Su,14,95
POI0351,Su,15,86
POI0351,Su,16,79
POI0351,Su,17,74
POI0351,Su,18,65
POI0351,Su,19,53
POI0351,Su,20,41
POI0351,Su,21,33
POI0351,Su,22,25
POI0351,Su,23,19
POI0352,Mo,6,0
POI0352,Mo,7,13
POI0352,Mo,8,21
POI0352,Mo,9,24
POI0352,Mo,10,26
POI0352,Mo,11,25
POI0352,Mo,12,28
POI0352,Mo,13,26
POI0352,Mo,14,22
POI0352,Mo,15,27
POI0352,Mo,16,33
POI0352,Mo,17,33
POI0352,Mo,18,31
POI0352,Mo,19,22
POI0352,Mo,20,14
POI0352,Mo,21,0
POI0352,Mo,22,0
POI0352,Mo,23,0
POI0352,Tu,6,0
POI0352,Tu,7,15
POI0352,Tu,8,19
POI0352,Tu,9,25
POI0352,Tu,10,22
POI0352,Tu,11,20
POI0352,Tu,12,20
POI0352,Tu,13,21
POI0352,Tu,14,22
POI0352,Tu,15,20
POI0352,Tu,16,20
POI0352,Tu,17,19
POI0352,Tu,18,16
POI0352,Tu,19,15
POI0352,Tu,20,14
POI0352,Tu,21,0
POI0352,Tu,22,0
POI0352,Tu,23,0
POI0352,We,6,0
POI0352,We,7,13
POI0352,We,8,14
POI0352,We,9,15
POI0352,We,10,19
POI0352,We,11,21
POI0352,We,12,31
POI0352,We,13,40
POI0352,We,14,37
POI0352,We,15,27
POI0352,We,16,21
POI0352,We,17,22
POI0352,We,18,25
POI0352,We,19,25
POI0352,We,20,25
POI0352,We,21,0
POI0352,We,22,0
POI0352,We,23,0
POI0352,Th,6,0
POI0352,Th,7,20
POI0352,Th,8,31
POI0352,Th,9,34
POI0352,Th,10,37
POI0352,Th,11,39
POI0352,Th,12,40
POI0352,Th,13,32
POI0352,Th,14,27
POI0352,Th,15,26
POI0352,Th,16,30
POI0352,Th,17,36
POI0352,Th,18,46
POI0352,Th,19,48
POI0352,Th,20,49
POI0352,Th,21,0
POI0352,Th,22,0
POI0352,Th,23,0
POI0352,Fr,6,0
POI0352,Fr,7,14
POI0352,Fr,8,18
POI0352,Fr,9,22
POI0352,Fr,10,24
POI0352,Fr,11,27
POI0352,Fr,12,26
POI0352,Fr,13,31
POI0352,Fr,14,26
POI0352,Fr,15,30
POI0352,Fr,16,30
POI0352,Fr,17,33
POI0352,Fr,18,37
POI0352,Fr,19,43
POI0352,Fr,20,40
POI0352,Fr,21,0
POI0352,Fr,22,0
POI0352,Fr,23,0
POI0352,Sa,6,0
POI0352,Sa,7,18
POI0352,Sa,8,26
POI0352,Sa,9,44
POI0352,Sa,10,61
POI0352,Sa,11,69
POI0352,Sa,12,49
POI0352,Sa,13,43
POI0352,Sa,14,50
POI0352,Sa,15,71
POI0352,Sa,16,85
POI0352,Sa,17,80
POI0352,Sa,18,67
POI0352,Sa,19,51
POI0352,Sa,20,34
POI0352,Sa,21,0
POI0352,Sa,22,0
POI0352,Sa,23,0
POI0352,Su,6,0
POI0352,Su,7,30
POI0352,Su,8,51
POI0352,Su,9,77
POI0352,Su,10,92
POI0352,Su,11,100
POI0352,Su,12,85
POI0352,Su,13,57
POI0352,Su,14,33
POI0352,Su,15,22
POI0352,Su,16,34
POI0352,Su,17,51
POI0352,Su,18,68
POI0352,Su,19,63
POI0352,Su,20,51
POI0352,Su,21,0
POI0352,Su,22,0
POI0352,Su,23,0
POI0356,Mo,6,0
POI0356,Mo,7,0
POI0356,Mo,8,21
POI0356,Mo,9,24
POI0356,Mo,10,28
POI0356,Mo,11,29
POI0356,Mo,12,27
POI0356,Mo,13,29
POI0356,Mo,14,30
POI0356,Mo,15,34
POI0356,Mo,16,37
POI0356,Mo,17,41
POI0356,Mo,18,44
POI0356,Mo,19,41
POI0356,Mo,20,36
POI0356,Mo,21,28
POI0356,Mo,22,0
POI0356,Mo,23,0
POI0356,Tu,6,0
POI0356,Tu,7,0
POI0356,Tu,8,24
POI0356,Tu,9,28
POI0356,Tu,10,28
POI0356,Tu,11,28
POI0356,Tu,12,29
POI0356,Tu,13,31
POI0356,Tu,14,35
POI0356,Tu,15,40
POI0356,Tu,16,45
POI0356,Tu,17,48
POI0356,Tu,18,47
POI0356,Tu,19,46
POI0356,Tu,20,39
POI0356,Tu,21,33
POI0356,Tu,22,0
POI0356,Tu,23,0
POI0356,We,6,0
POI0356,We,7,0
POI0356,We,8,15
POI0356,We,9,19
POI0356,We,10,21
POI0356,We,11,24
POI0356,We,12,25
POI0356,We,13,27
POI0356,We,14,32
POI0356,We,15,34
POI0356,We,16,40
POI0356,We,17,38
POI0356,We,18,39
POI0356,We,19,35
POI0356,We,20,34
POI0356,We,21,27
POI0356,We,22,0
POI0356,We,23,0
POI0356,Th,6,0
POI0356,Th,7,0
POI0356,Th,8,29
POI0356,Th,9,36
POI0356,Th,10,37
POI0356,Th,11,31
POI0356,Th,12,32
POI0356,Th,13,36
POI0356,Th,14,40
POI0356,Th,15,44
POI0356,Th,16,49
POI0356,Th,17,53
POI0356,Th,18,50
POI0356,Th,19,43
POI0356,Th,20,40
POI0356,Th,21,32
POI0356,Th,22,0
POI0356,Th,23,0
POI0356,Fr,6,0
POI0356,Fr,7,0
POI0356,Fr,8,24
POI0356,Fr,9,29
POI0356,Fr,10,39
POI0356,Fr,11,41
POI0356,Fr,12,44
POI0356,Fr,13,44
POI0356,Fr,14,46
POI0356,Fr,15,51
POI0356,Fr,16,51
POI0356,Fr,17,49
POI0356,Fr,18,40
POI0356,Fr,19,36
POI0356,Fr,20,31
POI0356,Fr,21,23
POI0356,Fr,22,0
POI0356,Fr,23,0
POI0356,Sa,6,0
POI0356,Sa,7,0
POI0356,Sa,8,0
POI0356,Sa,9,25
POI0356,Sa,10,32
POI0356,Sa,11,37
POI0356,Sa,12,40
POI0356,Sa,13,49
POI0356,Sa,14,61
POI0356,Sa,15,71
POI0356,Sa,16,72
POI0356,Sa,17,68
POI0356,Sa,18,56
POI0356,Sa,19,46
POI0356,Sa,20,37
POI0356,Sa,21,30
POI0356,Sa,22,0
POI0356,Sa,23,0
POI0356,Su,6,0
POI0356,Su,7,0
POI0356,Su,8,0
POI0356,Su,9,22
POI0356,Su,10,27
POI0356,Su,11,37
POI0356,Su,12,45
POI0356,Su,13,57
POI0356,Su,14,70
POI0356,Su,15,85
POI0356,Su,16,100
POI0356,Su,17,92
POI0356,Su,18,73
POI0356,Su,19,43
POI0356,Su,20,29
POI0356,Su,21,20
POI0356,Su,22,0
POI0356,Su,23,0
POI0359,Mo,0,34
POI0359,Mo,1,17
POI0359,Mo,6,0
POI0359,Mo,7,17
POI0359,Mo,8,26
POI0359,Mo,9,23
POI0359,Mo,10,36
POI0359,Mo,11,30
POI0359,Mo,12,32
POI0359,Mo,13,28
POI0359,Mo,14,32
POI0359,Mo,15,36
POI0359,Mo,16,39
POI0359,Mo,17,39
POI0359,Mo,18,34
POI0359,Mo,19,45
POI0359,Mo,20,63
POI0359,Mo,21,63
POI0359,Mo,22,60
POI0359,Mo,23,45
POI0359,Tu,0,19
POI0359,Tu,1,10
POI0359,Tu,6,0
POI0359,Tu,7,21
POI0359,Tu,8,26
POI0359,Tu,9,23
POI0359,Tu,10,15
POI0359,Tu,11,15
POI0359,Tu,12,23
POI0359,Tu,13,34
POI0359,Tu,14,34
POI0359,Tu,15,32
POI0359,Tu,16,34
POI0359,Tu,17,45
POI0359,Tu,18,54
POI0359,Tu,19,60
POI0359,Tu,20,58
POI0359,Tu,21,54
POI0359,Tu,22,47
POI0359,Tu,23,32
POI0359,We,0,17
POI0359,We,1,19
POI0359,We,6,0
POI0359,We,7,15
POI0359,We,8,10
POI0359,We,9,15
POI0359,We,10,15
POI0359,We,11,19
POI0359,We,12,23
POI0359,We,13,23
POI0359,We,14,23
POI0359,We,15,28
POI0359,We,16,36
POI0359,We,17,39
POI0359,We,18,43
POI0359,We,19,52
POI0359,We,20,63
POI0359,We,21,60
POI0359,We,22,43
POI0359,We,23,26
POI0359,Th,0,41
POI0359,Th,1,28
POI0359,Th,6,0
POI0359,Th,7,26
POI0359,Th,8,26
POI0359,Th,9,26
POI0359,Th,10,23
POI0359,Th,11,23
POI0359,Th,12,17
POI0359,Th,13,15
POI0359,Th,14,15
POI0359,Th,15,19
POI0359,Th,16,17
POI0359,Th,17,23
POI0359,Th,18,30
POI0359,Th,19,47
POI0359,Th,20,63
POI0359,Th,22,63
POI0359,Th,23,47
POI0359,Fr,0,32
POI0359,Fr,1,23
POI0359,Fr,6,0
POI0359,Fr,7,21
POI0359,Fr,8,21
POI0359,Fr,9,19
POI0359,Fr,10,19
POI0359,Fr,11,17
POI0359,Fr,12,26
POI0359,Fr,13,23
POI0359,Fr,14,28
POI0359,Fr,15,36
POI0359,Fr,16,41
POI0359,Fr,17,56
POI0359,Fr,18,63
POI0359,Fr,19,76
POI0359,Fr,20,73
POI0359,Fr,21,76
POI0359,Fr,22,58
POI0359,Fr,23,47
POI0359,Sa,0,34
POI0359,Sa,1,23
POI0359,Sa,6,0
POI0359,Sa,7,6
POI0359,Sa,8,8
POI0359,Sa,9,13
POI0359,Sa,10,21
POI0359,Sa,11,30
POI0359,Sa,12,34
POI0359,Sa,13,36
POI0359,Sa,14,36
POI0359,Sa,15,47
POI0359,Sa,16,50
POI0359,Sa,17,67
POI0359,Sa,18,76
POI0359,Sa,19,95
POI0359,Sa,20,100
POI0359,Sa,21,91
POI0359,Sa,22,69
POI0359,Sa,23,52
POI0359,Su,0,21
POI0359,Su,1,21
POI0359,Su,6,0
POI0359,Su,7,15
POI0359,Su,8,17
POI0359,Su,9,17
POI0359,Su,10,21
POI0359,Su,11,30
POI0359,Su,12,45
POI0359,Su,13,45
POI0359,Su,14,41
POI0359,Su,15,30
POI0359,Su,16,21
POI0359,Su,17,23
POI0359,Su,18,34
POI0359,Su,19,50
POI0359,Su,20,63
POI0359,Su,21,65
POI0359,Su,22,50
POI0359,Su,23,36
POI0362,Tu,6,0
POI0362,Tu,7,0
POI0362,Tu,8,0
POI0362,Tu,9,0
POI0362,Tu,10,19
POI0362,Tu,11,25
POI0362,Tu,12,33
POI0362,Tu,13,36
POI0362,Tu,14,45
POI0362,Tu,15,50
POI0362,Tu,16,48
POI0362,Tu,17,32
POI0362,Tu,18,0
POI0362,Tu,19,0
POI0362,Tu,20,0
POI0362,Tu,21,0
POI0362,Tu,22,0
POI0362,Tu,23,0
POI0362,We,6,0
POI0362,We,7,0
POI0362,We,8,0
POI0362,We,9,0
POI0362,We,10,25
POI0362,We,11,31
POI0362,We,12,35
POI0362,We,13,40
POI0362,We,14,46
POI0362,We,15,48
POI0362,We,16,41
POI0362,We,17,29
POI0362,We,18,0
POI0362,We,19,0
POI0362,We,20,0
POI0362,We,21,0
POI0362,We,22,0
POI0362,We,23,0
POI0362,Th,6,0
POI0362,Th,7,0
POI0362,Th,8,0
POI0362,Th,9,0
POI0362,Th,10,24
POI0362,Th,11,32
POI0362,Th,12,38
POI0362,Th,13,43
POI0362,Th,14,52
POI0362,Th,15,53
POI0362,Th,16,44
POI0362,Th,17,33
POI0362,Th,18,0
POI0362,Th,19,0
POI0362,Th,20,0
POI0362,Th,21,0
POI0362,Th,22,0
POI0362,Th,23,0
POI0362,Fr,6,0
POI0362,Fr,7,0
POI0362,Fr,8,0
POI0362,Fr,9,0
POI0362,Fr,10,29
POI0362,Fr,11,37
POI0362,Fr,12,39
POI0362,Fr,13,49
POI0362,Fr,14,62
POI0362,Fr,15,71
POI0362,Fr,16,66
POI0362,Fr,17,49
POI0362,Fr,18,0
POI0362,Fr,19,0
POI0362,Fr,20,0
POI0362,Fr,21,0
POI0362,Fr,22,0
POI0362,Fr,23,0
POI0362,Sa,6,0
POI0362,Sa,7,0
POI0362,Sa,8,0
POI0362,Sa,9,0
POI0362,Sa,10,30
POI0362,Sa,11,43
POI0362,Sa,12,55
POI0362,Sa,13,65
POI0362,Sa,14,86
POI0362,Sa,15,100
POI0362,Sa,16,94
POI0362,Sa,17,70
POI0362,Sa,18,0
POI0362,Sa,19,0
POI0362,Sa,20,0
POI0362,Sa,21,0
POI0362,Sa,22,0
POI0362,Sa,23,0
POI0368,Mo,6,0
POI0368,Mo,7,0
POI0368,Mo,8,0
POI0368,Mo,9,0
POI0368,Mo,10,0
POI0368,Mo,11,0
POI0368,Mo,12,0
POI0368,Mo,13,0
POI0368,Mo,14,0
POI0368,Mo,15,0
POI0368,Mo,16,0
POI0368,Mo,17,40
POI0368,Mo,18,56
POI0368,Mo,19,0
POI0368,Mo,20,0
POI0368,Mo,21,0
POI0368,Mo,22,0
POI0368,Mo,23,0
POI0368,Tu,6,0
POI0368,Tu,7,0
POI0368,Tu,8,0
POI0368,Tu,9,44
POI0368,Tu,10,40
POI0368,Tu,11,44
POI0368,Tu,12,40
POI0368,Tu,13,36
POI0368,Tu,14,32
POI0368,Tu,15,24
POI0368,Tu,16,32
POI0368,Tu,17,44
POI0368,Tu,18,68
POI0368,Tu,19,0
POI0368,Tu,20,0
POI0368,Tu,21,0
POI0368,Tu,22,0
POI0368,Tu,23,0
POI0368,We,6,0
POI0368,We,7,0
POI0368,We,8,0
POI0368,We,9,32
POI0368,We,10,52
POI0368,We,11,48
POI0368,We,12,56
POI0368,We,13,56
POI0368,We,14,60
POI0368,We,15,60
POI0368,We,16,52
POI0368,We,17,56
POI0368,We,18,48
POI0368,We,19,0
POI0368,We,20,0
POI0368,We,21,0
POI0368,We,22,0
POI0368,We,23,0
POI0368,Th,6,0
POI0368,Th,7,0
POI0368,Th,8,0
POI0368,Th,9,48
POI0368,Th,10,52
POI0368,Th,11,48
POI0368,Th,12,40
POI0368,Th,13,44
POI0368,Th,14,36
POI0368,Th,15,32
POI0368,Th,16,36
POI0368,Th,17,40
POI0368,Th,18,28
POI0368,Th,19,0
POI0368,Th,20,0
POI0368,Th,21,0
POI0368,Th,22,0
POI0368,Th,23,0
POI0368,Fr,6,0
POI0368,Fr,7,0
POI0368,Fr,8,0
POI0368,Fr,9,40
POI0368,Fr,10,48
POI0368,Fr,11,52
POI0368,Fr,12,44
POI0368,Fr,13,52
POI0368,Fr,14,52
POI0368,Fr,15,72
POI0368,Fr,16,48
POI0368,Fr,17,40
POI0368,Fr,18,20
POI0368,Fr,19,0
POI0368,Fr,20,0
POI0368,Fr,21,0
POI0368,Fr,22,0
POI0368,Fr,23,0
POI0368,Sa,6,0
POI0368,Sa,7,0
POI0368,Sa,8,0
POI0368,Sa,9,44
POI0368,Sa,10,48
POI0368,Sa,11,52
POI0368,Sa,12,44
POI0368,Sa,13,52
POI0368,Sa,14,72
POI0368,Sa,15,88
POI0368,Sa,16,100
POI0368,Sa,17,72
POI0368,Sa,18,52
POI0368,Sa,19,0
POI0368,Sa,20,0
POI0368,Sa,21,0
POI0368,Sa,22,0
POI0368,Sa,23,0
POI0368,Su,6,0
POI0368,Su,7,0
POI0368,Su,8,0
POI0368,Su,9,56
POI0368,Su,10,64
POI0368,Su,11,72
POI0368,Su,12,60
POI0368,Su,13,48
POI0368,Su,14,40
POI0368,Su,15,52
POI0368,Su,16,52
POI0368,Su,17,48
POI0368,Su,18,40
POI0368,Su,19,0
POI0368,Su,20,0
POI0368,Su,21,0
POI0368,Su,22,0
POI0368,Su,23,0
POI0369,Mo,6,0
POI0369,Mo,7,0
POI0369,Mo,8,10
POI0369,Mo,9,12
POI0369,Mo,10,17
POI0369,Mo,11,30
POI0369,Mo,12,54
POI0369,Mo,13,67
POI0369,Mo,14,69
POI0369,Mo,15,68
POI0369,Mo,16,82
POI0369,Mo,17,82
POI0369,Mo,18,59
POI0369,Mo,19,34
POI0369,Mo,20,20
POI0369,Mo,21,12
POI0369,Mo,22,0
POI0369,Mo,23,0
POI0369,Tu,6,0
POI0369,Tu,7,0
POI0369,Tu,8,24
POI0369,Tu,9,25
POI0369,Tu,10,26
POI0369,Tu,11,37
POI0369,Tu,12,60
POI0369,Tu,13,75
POI0369,Tu,14,69
POI0369,Tu,15,64
POI0369,Tu,16,68
POI0369,Tu,17,67
POI0369,Tu,18,51
POI0369,Tu,19,32
POI0369,Tu,20,21
POI0369,Tu,21,15
POI0369,Tu,22,0
POI0369,Tu,23,0
POI0369,We,6,0
POI0369,We,7,0
POI0369,We,8,8
POI0369,We,9,11
POI0369,We,10,25
POI0369,We,11,48
POI0369,We,12,78
POI0369,We,13,89
POI0369,We,14,77
POI0369,We,15,62
POI0369,We,16,51
POI0369,We,17,43
POI0369,We,18,34
POI0369,We,19,29
POI0369,We,20,29
POI0369,We,21,18
POI0369,We,22,0
POI0369,We,23,0
POI0369,Th,6,0
POI0369,Th,7,0
POI0369,Th,8,16
POI0369,Th,9,21
POI0369,Th,10,36
POI0369,Th,11,53
POI0369,Th,12,75
POI0369,Th,13,82
POI0369,Th,14,68
POI0369,Th,15,62
POI0369,Th,16,67
POI0369,Th,17,68
POI0369,Th,18,54
POI0369,Th,19,37
POI0369,Th,20,24
POI0369,Th,21,15
POI0369,Th,22,0
POI0369,Th,23,0
POI0369,Fr,6,0
POI0369,Fr,7,0
POI0369,Fr,8,13
POI0369,Fr,9,21
POI0369,Fr,10,34
POI0369,Fr,11,41
POI0369,Fr,12,54
POI0369,Fr,13,65
POI0369,Fr,14,67
POI0369,Fr,15,72
POI0369,Fr,16,68
POI0369,Fr,17,64
POI0369,Fr,18,46
POI0369,Fr,19,31
POI0369,Fr,20,17
POI0369,Fr,21,17
POI0369,Fr,22,0
POI0369,Fr,23,0
POI0369,Sa,6,0
POI0369,Sa,7,0
POI0369,Sa,8,0
POI0369,Sa,9,18
POI0369,Sa,10,25
POI0369,Sa,11,37
POI0369,Sa,12,45
POI0369,Sa,13,55
POI0369,Sa,14,63
POI0369,Sa,15,75
POI0369,Sa,16,89
POI0369,Sa,17,91
POI0369,Sa,18,78
POI0369,Sa,19,53
POI0369,Sa,20,30
POI0369,Sa,21,16
POI0369,Sa,22,0
POI0369,Sa,23,0
POI0369,Su,6,0
POI0369,Su,7,0
POI0369,Su,8,0
POI0369,Su,9,18
POI0369,Su,10,34
POI0369,Su,11,45
POI0369,Su,12,56
POI0369,Su,13,59
POI0369,Su,14,67
POI0369,Su,15,87
POI0369,Su,16,100
POI0369,Su,17,100
POI0369,Su,18,70
POI0369,Su,19,44
POI0369,Su,20,25
POI0369,Su,21,15
POI0369,Su,22,0
POI0369,Su,23,0
POI0374,Tu,6,0
POI0374,Tu,7,0
POI0374,Tu,8,0
POI0374,Tu,9,0
POI0374,Tu,10,0
POI0374,Tu,11,16
POI0374,Tu,12,25
POI0374,Tu,13,25
POI0374,Tu,14,25
POI0374,Tu,15,0
POI0374,Tu,16,0
POI0374,Tu,17,0
POI0374,Tu,18,32
POI0374,Tu,19,45
POI0374,Tu,20,64
POI0374,Tu,21,64
POI0374,Tu,22,54
POI0374,Tu,23,0
POI0374,We,6,0
POI0374,We,7,0
POI0374,We,8,0
POI0374,We,9,0
POI0374,We,10,0
POI0374,We,11,29
POI0374,We,12,32
POI0374,We,13,25
POI0374,We,14,19
POI0374,We,15,0
POI0374,We,16,0
POI0374,We,17,0
POI0374,We,18,35
POI0374,We,19,32
POI0374,We,20,35
POI0374,We,21,41
POI0374,We,22,38
POI0374,We,23,0
POI0374,Th,6,0
POI0374,Th,7,0
POI0374,Th,8,0
POI0374,Th,9,0
POI0374,Th,10,0
POI0374,Th,11,38
POI0374,Th,12,41
POI0374,Th,13,41
POI0374,Th,14,45
POI0374,Th,15,0
POI0374,Th,16,0
POI0374,Th,17,0
POI0374,Th,18,45
POI0374,Th,19,64
POI0374,Th,20,80
POI0374,Th,21,70
POI0374,Th,22,51
POI0374,Th,23,0
POI0374,Fr,6,0
POI0374,Fr,7,0
POI0374,Fr,8,0
POI0374,Fr,9,0
POI0374,Fr,10,0
POI0374,Fr,11,29
POI0374,Fr,12,45
POI0374,Fr,13,51
POI0374,Fr,14,41
POI0374,Fr,15,0
POI0374,Fr,16,0
POI0374,Fr,17,0
POI0374,Fr,18,64
POI0374,Fr,19,87
POI0374,Fr,20,100
POI0374,Fr,21,90
POI0374,Fr,22,74
POI0374,Fr,23,0
POI0374,Sa,6,0
POI0374,Sa,7,0
POI0374,Sa,8,0
POI0374,Sa,9,0
POI0374,Sa,10,0
POI0374,Sa,11,48
POI0374,Sa,12,51
POI0374,Sa,13,58
POI0374,Sa,14,48
POI0374,Sa,15,0
POI0374,Sa,16,0
POI0374,Sa,17,0
POI0374,Sa,18,51
POI0374,Sa,19,80
POI0374,Sa,20,96
POI0374,Sa,21,77
POI0374,Sa,22,58
POI0374,Sa,23,0
POI0374,Su,6,0
POI0374,Su,7,0
POI0374,Su,8,0
POI0374,Su,9,0
POI0374,Su,10,0
POI0374,Su,11,32
POI0374,Su,12,32
POI0374,Su,13,25
POI0374,Su,14,12
POI0374,Su,15,0
POI0374,Su,16,0
POI0374,Su,17,0
POI0374,Su,18,22
POI0374,Su,19,32
POI0374,Su,20,41
POI0374,Su,21,32
POI0374,Su,22,22
POI0374,Su,23,0
POI0375,Tu,6,0
POI0375,Tu,7,0
POI0375,Tu,8,0
POI0375,Tu,9,0
POI0375,Tu,10,0
POI0375,Tu,11,0
POI0375,Tu,12,20
POI0375,Tu,13,29
POI0375,Tu,14,36
POI0375,Tu,15,41
POI0375,Tu,16,41
POI0375,Tu,17,33
POI0375,Tu,18,30
POI0375,Tu,19,29
POI0375,Tu,20,27
POI0375,Tu,21,24
POI0375,Tu,22,18
POI0375,Tu,23,0
POI0375,We,6,0
POI0375,We,7,0
POI0375,We,8,0
POI0375,We,9,0
POI0375,We,10,0
POI0375,We,11,0
POI0375,We,12,17
POI0375,We,13,23
POI0375,We,14,29
POI0375,We,15,37
POI0375,We,16,38
POI0375,We,17,31
POI0375,We,18,25
POI0375,We,19,23
POI0375,We,20,23
POI0375,We,21,19
POI0375,We,22,11
POI0375,We,23,0
POI0375,Th,6,0
POI0375,Th,7,0
POI0375,Th,8,0
POI0375,Th,9,0
POI0375,Th,10,0
POI0375,Th,11,0
POI0375,Th,12,21
POI0375,Th,13,32
POI0375,Th,14,39
POI0375,Th,15,34
POI0375,Th,16,31
POI0375,Th,17,29
POI0375,Th,18,32
POI0375,Th,19,33
POI0375,Th,20,33
POI0375,Th,22,15
POI0375,Th,23,0
POI0375,Fr,6,0
POI0375,Fr,7,0
POI0375,Fr,8,0
POI0375,Fr,9,0
POI0375,Fr,10,0
POI0375,Fr,11,0
POI0375,Fr,12,27
POI0375,Fr,13,41
POI0375,Fr,14,55
POI0375,Fr,15,57
POI0375,Fr,16,58
POI0375,Fr,17,57
POI0375,Fr,18,50
POI0375,Fr,19,38
POI0375,Fr,20,35
POI0375,Fr,21,31
POI0375,Fr,22,27
POI0375,Fr,23,0
POI0375,Sa,6,0
POI0375,Sa,7,0
POI0375,Sa,8,0
POI0375,Sa,9,0
POI0375,Sa,10,0
POI0375,Sa,11,0
POI0375,Sa,12,52
POI0375,Sa,13,73
POI0375,Sa,14,89
POI0375,Sa,15,99
POI0375,Sa,16,100
POI0375,Sa,17,90
POI0375,Sa,18,69
POI0375,Sa,19,46
POI0375,Sa,20,33
POI0375,Sa,21,21
POI0375,Sa,22,13
POI0375,Sa,23,0
POI0375,Su,6,0
POI0375,Su,7,0
POI0375,Su,8,0
POI0375,Su,9,0
POI0375,Su,10,0
POI0375,Su,11,0
POI0375,Su,12,36
POI0375,Su,13,46
POI0375,Su,14,58
POI0375,Su,15,63
POI0375,Su,16,63
POI0375,Su,17,47
POI0375,Su,18,32
POI0375,Su,19,18
POI0375,Su,20,14
POI0375,Su,21,16
POI0375,Su,22,20
POI0375,Su,23,0
POI0376,Mo,0,24
POI0376,Mo,6,0
POI0376,Mo,7,0
POI0376,Mo,8,24
POI0376,Mo,9,32
POI0376,Mo,10,44
POI0376,Mo,11,48
POI0376,Mo,12,40
POI0376,Mo,13,36
POI0376,Mo,14,44
POI0376,Mo,15,56
POI0376,Mo,16,68
POI0376,Mo,17,64
POI0376,Mo,18,48
POI0376,Mo,19,28
POI0376,Mo,20,16
POI0376,Mo,21,12
POI0376,Mo,22,20
POI0376,Mo,23,20
POI0376,Tu,0,44
POI0376,Tu,6,0
POI0376,Tu,7,0
POI0376,Tu,8,44
POI0376,Tu,9,44
POI0376,Tu,10,44
POI0376,Tu,11,64
POI0376,Tu,12,80
POI0376,Tu,13,80
POI0376,Tu,14,72
POI0376,Tu,15,44
POI0376,Tu,16,40
POI0376,Tu,17,28
POI0376,Tu,18,32
POI0376,Tu,19,36
POI0376,Tu,20,40
POI0376,Tu,21,56
POI0376,Tu,22,68
POI0376,Tu,23,56
POI0376,We,0,100
POI0376,We,6,0
POI0376,We,7,0
POI0376,We,8,28
POI0376,We,9,44
POI0376,We,10,56
POI0376,We,11,40
POI0376,We,12,28
POI0376,We,13,24
POI0376,We,14,40
POI0376,We,15,64
POI0376,We,16,72
POI0376,We,17,80
POI0376,We,18,64
POI0376,We,19,64
POI0376,We,20,44
POI0376,We,21,48
POI0376,We,22,52
POI0376,We,23,72
POI0376,Th,0,48
POI0376,Th,6,0
POI0376,Th,7,0
POI0376,Th,8,28
POI0376,Th,9,28
POI0376,Th,10,20
POI0376,Th,11,20
POI0376,Th,12,28
POI0376,Th,13,16
POI0376,Th,14,12
POI0376,Th,15,8
POI0376,Th,16,8
POI0376,Th,17,12
POI0376,Th,18,24
POI0376,Th,19,36
POI0376,Th,20,44
POI0376,Th,21,48
POI0376,Th,22,56
POI0376,Th,23,52
POI0376,Fr,0,40
POI0376,Fr,6,0
POI0376,Fr,7,0
POI0376,Fr,8,28
POI0376,Fr,9,52
POI0376,Fr,10,56
POI0376,Fr,11,68
POI0376,Fr,12,48
POI0376,Fr,13,36
POI0376,Fr,14,28
POI0376,Fr,15,44
POI0376,Fr,16,44
POI0376,Fr,17,44
POI0376,Fr,18,32
POI0376,Fr,19,28
POI0376,Fr,20,24
POI0376,Fr,21,32
POI0376,Fr,22,32
POI0376,Fr,23,36
POI0376,Sa,0,40
POI0376,Sa,6,0
POI0376,Sa,7,0
POI0376,Sa,8,28
POI0376,Sa,9,48
POI0376,Sa,10,56
POI0376,Sa,11,60
POI0376,Sa,12,48
POI0376,Sa,13,28
POI0376,Sa,14,32
POI0376,Sa,15,36
POI0376,Sa,16,40
POI0376,Sa,17,40
POI0376,Sa,18,48
POI0376,Sa,19,64
POI0376,Sa,20,68
POI0376,Sa,21,72
POI0376,Sa,22,76
POI0376,Sa,23,56
POI0376,Su,0,36
POI0376,Su,6,0
POI0376,Su,7,0
POI0376,Su,8,52
POI0376,Su,9,56
POI0376,Su,10,56
POI0376,Su,11,56
POI0376,Su,12,60
POI0376,Su,13,76
POI0376,Su,14,64
POI0376,Su,15,48
POI0376,Su,16,24
POI0376,Su,17,16
POI0376,Su,18,20
POI0376,Su,19,32
POI0376,Su,20,40
POI0376,Su,21,44
POI0376,Su,22,32
POI0376,Su,23,36
POI0378,Mo,0,10
POI0378,Mo,1,6
POI0378,Mo,6,0
POI0378,Mo,7,7
POI0378,Mo,8,10
POI0378,Mo,9,14
POI0378,Mo,10,21
POI0378,Mo,11,32
POI0378,Mo,12,45
POI0378,Mo,13,51
POI0378,Mo,14,53
POI0378,Mo,15,53
POI0378,Mo,16,51
POI0378,Mo,17,51
POI0378,Mo,18,52
POI0378,Mo,19,53
POI0378,Mo,20,51
POI0378,Mo,21,44
POI0378,Mo,22,33
POI0378,Mo,23,21
POI0378,Tu,0,15
POI0378,Tu,1,6
POI0378,Tu,6,0
POI0378,Tu,7,7
POI0378,Tu,8,9
POI0378,Tu,9,13
POI0378,Tu,10,21
POI0378,Tu,11,34
POI0378,Tu,12,49
POI0378,Tu,13,55
POI0378,Tu,14,52
POI0378,Tu,15,45
POI0378,Tu,16,41
POI0378,Tu,17,39
POI0378,Tu,18,46
POI0378,Tu,19,50
POI0378,Tu,20,52
POI0378,Tu,21,51
POI0378,Tu,22,45
POI0378,Tu,23,31
POI0378,We,0,18
POI0378,We,1,7
POI0378,We,6,0
POI0378,We,7,5
POI0378,We,8,9
POI0378,We,9,15
POI0378,We,10,24
POI0378,We,11,35
POI0378,We,12,51
POI0378,We,13,59
POI0378,We,14,54
POI0378,We,15,48
POI0378,We,16,45
POI0378,We,17,48
POI0378,We,18,52
POI0378,We,19,57
POI0378,We,20,62
POI0378,We,21,59
POI0378,We,22,50
POI0378,We,23,34
POI0378,Th,0,21
POI0378,Th,1,9
POI0378,Th,6,0
POI0378,Th,7,6
POI0378,Th,8,10
POI0378,Th,9,17
POI0378,Th,10,22
POI0378,Th,11,35
POI0378,Th,12,50
POI0378,Th,13,58
POI0378,Th,14,59
POI0378,Th,15,56
POI0378,Th,16,54
POI0378,Th,17,54
POI0378,Th,18,60
POI0378,Th,19,65
POI0378,Th,20,70
POI0378,Th,22,58
POI0378,Th,23,40
POI0378,Fr,0,48
POI0378,Fr,1,23
POI0378,Fr,6,0
POI0378,Fr,7,6
POI0378,Fr,8,9
POI0378,Fr,9,15
POI0378,Fr,10,23
POI0378,Fr,11,34
POI0378,Fr,12,49
POI0378,Fr,13,63
POI0378,Fr,14,66
POI0378,Fr,15,65
POI0378,Fr,16,60
POI0378,Fr,17,61
POI0378,Fr,18,63
POI0378,Fr,19,69
POI0378,Fr,20,78
POI0378,Fr,21,86
POI0378,Fr,22,91
POI0378,Fr,23,78
POI0378,Sa,0,42
POI0378,Sa,1,18
POI0378,Sa,6,0
POI0378,Sa,7,7
POI0378,Sa,8,13
POI0378,Sa,9,22
POI0378,Sa,10,36
POI0378,Sa,11,51
POI0378,Sa,12,69
POI0378,Sa,13,83
POI0378,Sa,14,86
POI0378,Sa,15,83
POI0378,Sa,16,82
POI0378,Sa,17,82
POI0378,Sa,18,85
POI0378,Sa,19,89
POI0378,Sa,20,95
POI0378,Sa,21,100
POI0378,Sa,22,97
POI0378,Sa,23,75
POI0378,Su,0,13
POI0378,Su,1,9
POI0378,Su,6,0
POI0378,Su,7,7
POI0378,Su,8,11
POI0378,Su,9,19
POI0378,Su,10,31
POI0378,Su,11,46
POI0378,Su,12,58
POI0378,Su,13,68
POI0378,Su,14,74
POI0378,Su,15,77
POI0378,Su,16,78
POI0378,Su,17,78
POI0378,Su,18,79
POI0378,Su,19,75
POI0378,Su,20,67
POI0378,Su,21,53
POI0378,Su,22,39
POI0378,Su,23,24
POI0381,Mo,6,0
POI0381,Mo,7,0
POI0381,Mo,8,0
POI0381,Mo,9,0
POI0381,Mo,10,0
POI0381,Mo,11,36
POI0381,Mo,12,40
POI0381,Mo,13,54
POI0381,Mo,14,45
POI0381,Mo,15,59
POI0381,Mo,16,45
POI0381,Mo,17,31
POI0381,Mo,18,31
POI0381,Mo,19,36
POI0381,Mo,20,50
POI0381,Mo,21,40
POI0381,Mo,22,0
POI0381,Mo,23,0
POI0381,Tu,6,0
POI0381,Tu,7,0
POI0381,Tu,8,0
POI0381,Tu,9,0
POI0381,Tu,10,0
POI0381,Tu,11,36
POI0381,Tu,12,54
POI0381,Tu,13,50
POI0381,Tu,14,59
POI0381,Tu,15,50
POI0381,Tu,16,45
POI0381,Tu,17,54
POI0381,Tu,18,54
POI0381,Tu,19,63
POI0381,Tu,20,59
POI0381,Tu,21,68
POI0381,Tu,22,0
POI0381,Tu,23,0
POI0381,We,6,0
POI0381,We,7,0
POI0381,We,8,0
POI0381,We,9,0
POI0381,We,10,0
POI0381,We,11,36
POI0381,We,12,50
POI0381,We,13,54
POI0381,We,14,45
POI0381,We,15,40
POI0381,We,16,45
POI0381,We,17,50
POI0381,We,18,45
POI0381,We,19,40
POI0381,We,20,40
POI0381,We,21,40
POI0381,We,22,0
POI0381,We,23,0
POI0381,Th,6,0
POI0381,Th,7,0
POI0381,Th,8,0
POI0381,Th,9,0
POI0381,Th,10,0
POI0381,Th,11,31
POI0381,Th,12,40
POI0381,Th,13,45
POI0381,Th,14,40
POI0381,Th,15,40
POI0381,Th,16,50
POI0381,Th,17,68
POI0381,Th,18,90
POI0381,Th,19,100
POI0381,Th,20,100
POI0381,Th,21,68
POI0381,Th,22,0
POI0381,Th,23,0
POI0381,Fr,6,0
POI0381,Fr,7,0
POI0381,Fr,8,0
POI0381,Fr,9,0
POI0381,Fr,10,0
POI0381,Fr,11,40
POI0381,Fr,12,54
POI0381,Fr,13,54
POI0381,Fr,14,50
POI0381,Fr,15,45
POI0381,Fr,16,40
POI0381,Fr,17,45
POI0381,Fr,18,45
POI0381,Fr,19,45
POI0381,Fr,20,36
POI0381,Fr,21,36
POI0381,Fr,22,31
POI0381,Fr,23,0
POI0381,Sa,6,0
POI0381,Sa,7,0
POI0381,Sa,8,0
POI0381,Sa,9,0
POI0381,Sa,10,0
POI0381,Sa,11,31
POI0381,Sa,12,36
POI0381,Sa,13,54
POI0381,Sa,14,54
POI0381,Sa,15,54
POI0381,Sa,16,45
POI0381,Sa,17,50
POI0381,Sa,18,40
POI0381,Sa,19,36
POI0381,Sa,20,40
POI0381,Sa,21,40
POI0381,Sa,22,31
POI0381,Sa,23,0
POI0381,Su,6,0
POI0381,Su,7,0
POI0381,Su,8,0
POI0381,Su,9,0
POI0381,Su,10,0
POI0381,Su,11,13
POI0381,Su,12,13
POI0381,Su,13,31
POI0381,Su,14,59
POI0381,Su,15,68
POI0381,Su,16,68
POI0381,Su,17,59
POI0381,Su,18,50
POI0381,Su,19,40
POI0381,Su,20,31
POI0381,Su,21,36
POI0381,Su,22,0
POI0381,Su,23,0
POI0385,Mo,6,0
POI0385,Mo,7,0
POI0385,Mo,8,0
POI0385,Mo,9,0
POI0385,Mo,10,0
POI0385,Mo,11,0
POI0385,Mo,12,7
POI0385,Mo,13,11
POI0385,Mo,14,19
POI0385,Mo,15,0
POI0385,Mo,16,0
POI0385,Mo,17,0
POI0385,Mo,18,0
POI0385,Mo,19,54
POI0385,Mo,20,61
POI0385,Mo,21,54
POI0385,Mo,22,40
POI0385,Mo,23,0
POI0385,Tu,6,0
POI0385,Tu,7,0
POI0385,Tu,8,0
POI0385,Tu,9,0
POI0385,Tu,10,0
POI0385,Tu,11,0
POI0385,Tu,12,30
POI0385,Tu,13,26
POI0385,Tu,14,16
POI0385,Tu,15,0
POI0385,Tu,16,0
POI0385,Tu,17,0
POI0385,Tu,18,0
POI0385,Tu,19,52
POI0385,Tu,20,66
POI0385,Tu,21,69
POI0385,Tu,22,50
POI0385,Tu,23,0
POI0385,We,6,0
POI0385,We,7,0
POI0385,We,8,0
POI0385,We,9,0
POI0385,We,10,0
POI0385,We,11,0
POI0385,We,12,42
POI0385,We,13,42
POI0385,We,14,42
POI0385,We,15,0
POI0385,We,16,0
POI0385,We,17,0
POI0385,We,18,0
POI0385,We,19,38
POI0385,We,20,42
POI0385,We,21,45
POI0385,We,22,40
POI0385,We,23,0
POI0385,Th,6,0
POI0385,Th,7,0
POI0385,Th,8,0
POI0385,Th,9,0
POI0385,Th,10,0
POI0385,Th,11,0
POI0385,Th,12,40
POI0385,Th,13,50
POI0385,Th,14,33
POI0385,Th,15,0
POI0385,Th,16,0
POI0385,Th,17,0
POI0385,Th,18,0
POI0385,Th,19,66
POI0385,Th,20,97
POI0385,Th,21,92
POI0385,Th,22,73
POI0385,Th,23,0
POI0385,Fr,6,0
POI0385,Fr,7,0
POI0385,Fr,8,0
POI0385,Fr,9,0
POI0385,Fr,10,0
POI0385,Fr,11,0
POI0385,Fr,12,33
POI0385,Fr,13,42
POI0385,Fr,14,33
POI0385,Fr,15,0
POI0385,Fr,16,0
POI0385,Fr,17,0
POI0385,Fr,18,0
POI0385,Fr,19,47
POI0385,Fr,20,57
POI0385,Fr,21,47
POI0385,Fr,22,40
POI0385,Fr,23,0
POI0385,Sa,6,0
POI0385,Sa,7,0
POI0385,Sa,8,0
POI0385,Sa,9,0
POI0385,Sa,10,0
POI0385,Sa,11,0
POI0385,Sa,12,59
POI0385,Sa,13,80
POI0385,Sa,14,80
POI0385,Sa,15,61
POI0385,Sa,16,35
POI0385,Sa,17,33
POI0385,Sa,18,45
POI0385,Sa,19,71
POI0385,Sa,20,100
POI0385,Sa,21,97
POI0385,Sa,22,78
POI0385,Sa,23,0
POI0385,Su,6,0
POI0385,Su,7,0
POI0385,Su,8,0
POI0385,Su,9,0
POI0385,Su,10,0
POI0385,Su,11,0
POI0385,Su,12,45
POI0385,Su,13,57
POI0385,Su,14,45
POI0385,Su,15,38
POI0385,Su,16,38
POI0385,Su,17,47
POI0385,Su,18,59
POI0385,Su,19,69
POI0385,Su,20,76
POI0385,Su,21,76
POI0385,Su,22,69
POI0385,Su,23,0
POI0388,Mo,0,27
POI0388,Mo,1,14
POI0388,Mo,6,0
POI0388,Mo,7,0
POI0388,Mo,8,0
POI0388,Mo,9,0
POI0388,Mo,10,0
POI0388,Mo,11,0
POI0388,Mo,12,0
POI0388,Mo,13,0
POI0388,Mo,14,0
POI0388,Mo,15,0
POI0388,Mo,16,25
POI0388,Mo,17,39
POI0388,Mo,18,52
POI0388,Mo,19,60
POI0388,Mo,20,60
POI0388,Mo,21,59
POI0388,Mo,22,53
POI0388,Mo,23,45
POI0388,Tu,0,47
POI0388,Tu,1,25
POI0388,Tu,6,0
POI0388,Tu,7,0
POI0388,Tu,8,0
POI0388,Tu,9,0
POI0388,Tu,10,0
POI0388,Tu,11,0
POI0388,Tu,12,0
POI0388,Tu,13,0
POI0388,Tu,14,0
POI0388,Tu,15,0
POI0388,Tu,16,31
POI0388,Tu,17,48
POI0388,Tu,18,66
POI0388,Tu,19,76
POI0388,Tu,20,86
POI0388,Tu,21,93
POI0388,Tu,22,91
POI0388,Tu,23,81
POI0388,We,0,55
POI0388,We,1,29
POI0388,We,6,0
POI0388,We,7,0
POI0388,We,8,0
POI0388,We,9,0
POI0388,We,10,0
POI0388,We,11,0
POI0388,We,12,0
POI0388,We,13,0
POI0388,We,14,0
POI0388,We,15,0
POI0388,We,16,25
POI0388,We,17,33
POI0388,We,18,45
POI0388,We,19,59
POI0388,We,20,79
POI0388,We,21,92
POI0388,We,22,100
POI0388,We,23,88
POI0388,Th,0,47
POI0388,Th,1,28
POI0388,Th,6,0
POI0388,Th,7,0
POI0388,Th,8,0
POI0388,Th,9,0
POI0388,Th,10,0
POI0388,Th,11,0
POI0388,Th,12,0
POI0388,Th,13,0
POI0388,Th,14,0
POI0388,Th,15,0
POI0388,Th,16,21
POI0388,Th,17,33
POI0388,Th,18,48
POI0388,Th,19,58
POI0388,Th,20,70
POI0388,Th,22,78
POI0388,Th,23,70
POI0388,Fr,0,60
POI0388,Fr,1,43
POI0388,Fr,6,0
POI0388,Fr,7,0
POI0388,Fr,8,0
POI0388,Fr,9,0
POI0388,Fr,10,0
POI0388,Fr,11,0
POI0388,Fr,12,0
POI0388,Fr,13,0
POI0388,Fr,14,0
POI0388,Fr,15,0
POI0388,Fr,16,27
POI0388,Fr,17,37
POI0388,Fr,18,50
POI0388,Fr,19,60
POI0388,Fr,20,63
POI0388,Fr,21,72
POI0388,Fr,22,77
POI0388,Fr,23,79
POI0388,Sa,0,55
POI0388,Sa,1,38
POI0388,Sa,6,0
POI0388,Sa,7,0
POI0388,Sa,8,0
POI0388,Sa,9,0
POI0388,Sa,10,0
POI0388,Sa,11,0
POI0388,Sa,12,0
POI0388,Sa,13,0
POI0388,Sa,14,0
POI0388,Sa,15,23
POI0388,Sa,16,34
POI0388,Sa,17,49
POI0388,Sa,18,62
POI0388,Sa,19,67
POI0388,Sa,20,65
POI0388,Sa,21,73
POI0388,Sa,22,75
POI0388,Sa,23,75
POI0388,Su,0,33
POI0388,Su,1,18
POI0388,Su,6,0
POI0388,Su,7,0
POI0388,Su,8,0
POI0388,Su,9,0
POI0388,Su,10,0
POI0388,Su,11,0
POI0388,Su,12,0
POI0388,Su,13,0
POI0388,Su,14,0
POI0388,Su,15,15
POI0388,Su,16,25
POI0388,Su,17,35
POI0388,Su,18,40
POI0388,Su,19,50
POI0388,Su,20,59
POI0388,Su,21,67
POI0388,Su,22,64
POI0388,Su,23,55
POI0391,Mo,0,34
POI0391,Mo,1,24
POI0391,Mo,6,0
POI0391,Mo,7,0
POI0391,Mo,8,0
POI0391,Mo,9,0
POI0391,Mo,10,0
POI0391,Mo,11,0
POI0391,Mo,12,0
POI0391,Mo,13,0
POI0391,Mo,14,0
POI0391,Mo,15,0
POI0391,Mo,16,13
POI0391,Mo,17,24
POI0391,Mo,18,40
POI0391,Mo,19,46
POI0391,Mo,20,56
POI0391,Mo,21,51
POI0391,Mo,22,50
POI0391,Mo,23,42
POI0391,Tu,0,46
POI0391,Tu,1,33
POI0391,Tu,6,0
POI0391,Tu,7,0
POI0391,Tu,8,0
POI0391,Tu,9,0
POI0391,Tu,10,0
POI0391,Tu,11,0
POI0391,Tu,12,0
POI0391,Tu,13,0
POI0391,Tu,14,0
POI0391,Tu,15,0
POI0391,Tu,16,19
POI0391,Tu,17,31
POI0391,Tu,18,48
POI0391,Tu,19,59
POI0391,Tu,20,68
POI0391,Tu,21,66
POI0391,Tu,22,59
POI0391,Tu,23,57
POI0391,We,0,34
POI0391,We,1,18
POI0391,We,6,0
POI0391,We,7,0
POI0391,We,8,0
POI0391,We,9,0
POI0391,We,10,0
POI0391,We,11,0
POI0391,We,12,0
POI0391,We,13,0
POI0391,We,14,0
POI0391,We,15,0
POI0391,We,16,21
POI0391,We,17,28
POI0391,We,18,40
POI0391,We,19,53
POI0391,We,20,68
POI0391,We,21,71
POI0391,We,22,72
POI0391,We,23,54
POI0391,Th,0,57
POI0391,Th,1,34
POI0391,Th,6,0
POI0391,Th,7,0
POI0391,Th,8,0
POI0391,Th,9,0
POI0391,Th,10,0
POI0391,Th,11,0
POI0391,Th,12,0
POI0391,Th,13,0
POI0391,Th,14,0
POI0391,Th,15,0
POI0391,Th,16,16
POI0391,Th,17,27
POI0391,Th,18,46
POI0391,Th,19,60
POI0391,Th,20,78
POI0391,Th,22,93
POI0391,Th,23,86
POI0391,Fr,0,56
POI0391,Fr,1,39
POI0391,Fr,6,0
POI0391,Fr,7,0
POI0391,Fr,8,0
POI0391,Fr,9,0
POI0391,Fr,10,0
POI0391,Fr,11,0
POI0391,Fr,12,0
POI0391,Fr,13,0
POI0391,Fr,14,0
POI0391,Fr,15,0
POI0391,Fr,16,21
POI0391,Fr,17,40
POI0391,Fr,18,62
POI0391,Fr,19,81
POI0391,Fr,20,89
POI0391,Fr,21,86
POI0391,Fr,22,83
POI0391,Fr,23,78
POI0391,Sa,0,51
POI0391,Sa,1,31
POI0391,Sa,6,0
POI0391,Sa,7,0
POI0391,Sa,8,0
POI0391,Sa,9,0
POI0391,Sa,10,0
POI0391,Sa,11,0
POI0391,Sa,12,0
POI0391,Sa,13,0
POI0391,Sa,14,0
POI0391,Sa,15,0
POI0391,Sa,16,33
POI0391,Sa,17,50
POI0391,Sa,18,59
POI0391,Sa,19,68
POI0391,Sa,20,81
POI0391,Sa,21,100
POI0391,Sa,22,95
POI0391,Sa,23,84
POI0391,Su,0,28
POI0391,Su,1,21
POI0391,Su,6,0
POI0391,Su,7,0
POI0391,Su,8,0
POI0391,Su,9,0
POI0391,Su,10,0
POI0391,Su,11,0
POI0391,Su,12,0
POI0391,Su,13,0
POI0391,Su,14,0
POI0391,Su,15,0
POI0391,Su,16,30
POI0391,Su,17,50
POI0391,Su,18,62
POI0391,Su,19,68
POI0391,Su,20,65
POI0391,Su,21,57
POI0391,Su,22,51
POI0391,Su,23,43
POI0392,Mo,6,0
POI0392,Mo,7,0
POI0392,Mo,8,0
POI0392,Mo,9,0
POI0392,Mo,10,0
POI0392,Mo,11,0
POI0392,Mo,12,0
POI0392,Mo,13,0
POI0392,Mo,14,0
POI0392,Mo,15,0
POI0392,Mo,16,11
POI0392,Mo,17,16
POI0392,Mo,18,22
POI0392,Mo,19,31
POI0392,Mo,20,34
POI0392,Mo,21,33
POI0392,Mo,22,24
POI0392,Mo,23,18
POI0392,Tu,0,21
POI0392,Tu,6,0
POI0392,Tu,7,0
POI0392,Tu,8,0
POI0392,Tu,9,0
POI0392,Tu,10,10
POI0392,Tu,11,14
POI0392,Tu,12,16
POI0392,Tu,13,15
POI0392,Tu,14,15
POI0392,Tu,15,15
POI0392,Tu,16,17
POI0392,Tu,17,25
POI0392,Tu,18,37
POI0392,Tu,19,50
POI0392,Tu,20,61
POI0392,Tu,21,61
POI0392,Tu,22,59
POI0392,Tu,23,40
POI0392,We,0,28
POI0392,We,6,0
POI0392,We,7,0
POI0392,We,8,0
POI0392,We,9,0
POI0392,We,10,7
POI0392,We,11,10
POI0392,We,12,12
POI0392,We,13,14
POI0392,We,14,11
POI0392,We,15,11
POI0392,We,16,17
POI0392,We,17,31
POI0392,We,18,50
POI0392,We,19,61
POI0392,We,20,65
POI0392,We,21,64
POI0392,We,22,55
POI0392,We,23,45
POI0392,Th,0,35
POI0392,Th,1,23
POI0392,Th,6,0
POI0392,Th,7,0
POI0392,Th,8,0
POI0392,Th,9,0
POI0392,Th,10,7
POI0392,Th,11,11
POI0392,Th,12,13
POI0392,Th,13,16
POI0392,Th,14,13
POI0392,Th,15,12
POI0392,Th,16,19
POI0392,Th,17,31
POI0392,Th,18,56
POI0392,Th,19,71
POI0392,Th,20,70
POI0392,Th,22,58
POI0392,Th,23,52
POI0392,Fr,0,48
POI0392,Fr,1,32
POI0392,Fr,6,0
POI0392,Fr,7,0
POI0392,Fr,8,0
POI0392,Fr,9,0
POI0392,Fr,10,8
POI0392,Fr,11,10
POI0392,Fr,12,9
POI0392,Fr,13,10
POI0392,Fr,14,12
POI0392,Fr,15,18
POI0392,Fr,16,24
POI0392,Fr,17,30
POI0392,Fr,18,36
POI0392,Fr,19,50
POI0392,Fr,20,62
POI0392,Fr,21,75
POI0392,Fr,22,79
POI0392,Fr,23,70
POI0392,Sa,0,57
POI0392,Sa,1,32
POI0392,Sa,6,0
POI0392,Sa,7,0
POI0392,Sa,8,0
POI0392,Sa,9,0
POI0392,Sa,10,11
POI0392,Sa,11,9
POI0392,Sa,12,12
POI0392,Sa,13,12
POI0392,Sa,14,18
POI0392,Sa,15,27
POI0392,Sa,16,38
POI0392,Sa,17,44
POI0392,Sa,18,53
POI0392,Sa,19,66
POI0392,Sa,20,85
POI0392,Sa,21,100
POI0392,Sa,22,100
POI0392,Sa,23,86
POI0392,Su,6,0
POI0392,Su,7,0
POI0392,Su,8,0
POI0392,Su,9,0
POI0392,Su,10,0
POI0392,Su,11,0
POI0392,Su,12,0
POI0392,Su,13,0
POI0392,Su,14,0
POI0392,Su,15,0
POI0392,Su,16,14
POI0392,Su,17,22
POI0392,Su,18,21
POI0392,Su,19,23
POI0392,Su,20,23
POI0392,Su,21,19
POI0392,Su,22,0
POI0392,Su,23,0
POI0393,Mo,0,13
POI0393,Mo,1,8
POI0393,Mo,6,0
POI0393,Mo,7,0
POI0393,Mo,8,0
POI0393,Mo,9,0
POI0393,Mo,10,0
POI0393,Mo,11,0
POI0393,Mo,12,0
POI0393,Mo,13,0
POI0393,Mo,14,11
POI0393,Mo,15,16
POI0393,Mo,16,16
POI0393,Mo,17,17
POI0393,Mo,18,21
POI0393,Mo,19,29
POI0393,Mo,20,34
POI0393,Mo,21,32
POI0393,Mo,22,29
POI0393,Mo,23,21
POI0393,Tu,0,20
POI0393,Tu,1,10
POI0393,Tu,6,0
POI0393,Tu,7,0
POI0393,Tu,8,0
POI0393,Tu,9,0
POI0393,Tu,10,0
POI0393,Tu,11,0
POI0393,Tu,12,0
POI0393,Tu,13,0
POI0393,Tu,14,14
POI0393,Tu,15,15
POI0393,Tu,16,18
POI0393,Tu,17,23
POI0393,Tu,18,33
POI0393,Tu,19,41
POI0393,Tu,20,47
POI0393,Tu,21,46
POI0393,Tu,22,43
POI0393,Tu,23,31
POI0393,We,0,25
POI0393,We,1,15
POI0393,We,2,6
POI0393,We,3,5
POI0393,We,6,0
POI0393,We,7,0
POI0393,We,8,0
POI0393,We,9,0
POI0393,We,10,0
POI0393,We,11,0
POI0393,We,12,0
POI0393,We,13,0
POI0393,We,14,11
POI0393,We,15,11
POI0393,We,16,18
POI0393,We,17,25
POI0393,We,18,38
POI0393,We,19,47
POI0393,We,20,53
POI0393,We,21,54
POI0393,We,22,53
POI0393,We,23,41
POI0393,Th,0,31
POI0393,Th,1,17
POI0393,Th,2,9
POI0393,Th,3,6
POI0393,Th,6,0
POI0393,Th,7,0
POI0393,Th,8,0
POI0393,Th,9,0
POI0393,Th,10,0
POI0393,Th,11,0
POI0393,Th,12,0
POI0393,Th,13,0
POI0393,Th,14,6
POI0393,Th,15,9
POI0393,Th,16,15
POI0393,Th,17,27
POI0393,Th,18,38
POI0393,Th,19,58
POI0393,Th,20,64
POI0393,Th,22,63
POI0393,Th,23,52
POI0393,Fr,0,49
POI0393,Fr,1,34
POI0393,Fr,2,20
POI0393,Fr,3,13
POI0393,Fr,4,15
POI0393,Fr,6,0
POI0393,Fr,7,0
POI0393,Fr,8,0
POI0393,Fr,9,0
POI0393,Fr,10,0
POI0393,Fr,11,0
POI0393,Fr,12,0
POI0393,Fr,13,0
POI0393,Fr,14,8
POI0393,Fr,15,13
POI0393,Fr,16,22
POI0393,Fr,17,32
POI0393,Fr,18,48
POI0393,Fr,19,63
POI0393,Fr,20,75
POI0393,Fr,21,85
POI0393,Fr,22,82
POI0393,Fr,23,70
POI0393,Sa,0,72
POI0393,Sa,1,50
POI0393,Sa,2,34
POI0393,Sa,3,24
POI0393,Sa,4,4
POI0393,Sa,6,0
POI0393,Sa,7,0
POI0393,Sa,8,0
POI0393,Sa,9,0
POI0393,Sa,10,0
POI0393,Sa,11,0
POI0393,Sa,12,0
POI0393,Sa,13,0
POI0393,Sa,14,18
POI0393,Sa,15,25
POI0393,Sa,16,37
POI0393,Sa,17,50
POI0393,Sa,18,65
POI0393,Sa,19,76
POI0393,Sa,20,88
POI0393,Sa,21,95
POI0393,Sa,22,100
POI0393,Sa,23,95
POI0393,Su,0,9
POI0393,Su,1,6
POI0393,Su,6,0
POI0393,Su,7,0
POI0393,Su,8,0
POI0393,Su,9,0
POI0393,Su,10,0
POI0393,Su,11,0
POI0393,Su,12,0
POI0393,Su,13,0
POI0393,Su,14,14
POI0393,Su,15,17
POI0393,Su,16,18
POI0393,Su,17,21
POI0393,Su,18,30
POI0393,Su,19,36
POI0393,Su,20,36
POI0393,Su,21,27
POI0393,Su,22,21
POI0393,Su,23,13
POI0394,Mo,6,0
POI0394,Mo,7,0
POI0394,Mo,8,0
POI0394,Mo,9,0
POI0394,Mo,10,0
POI0394,Mo,11,0
POI0394,Mo,12,0
POI0394,Mo,13,0
POI0394,Mo,14,0
POI0394,Mo,15,9
POI0394,Mo,16,16
POI0394,Mo,17,24
POI0394,Mo,18,35
POI0394,Mo,19,38
POI0394,Mo,20,41
POI0394,Mo,21,34
POI0394,Mo,22,25
POI0394,Mo,23,15
POI0394,Tu,6,0
POI0394,Tu,7,0
POI0394,Tu,8,0
POI0394,Tu,9,0
POI0394,Tu,10,0
POI0394,Tu,11,0
POI0394,Tu,12,0
POI0394,Tu,13,0
POI0394,Tu,14,0
POI0394,Tu,15,11
POI0394,Tu,16,13
POI0394,Tu,17,23
POI0394,Tu,18,41
POI0394,Tu,19,65
POI0394,Tu,20,75
POI0394,Tu,21,68
POI0394,Tu,22,52
POI0394,Tu,23,30
POI0394,We,6,0
POI0394,We,7,0
POI0394,We,8,0
POI0394,We,9,0
POI0394,We,10,0
POI0394,We,11,0
POI0394,We,12,0
POI0394,We,13,0
POI0394,We,14,0
POI0394,We,15,18
POI0394,We,16,27
POI0394,We,17,38
POI0394,We,18,48
POI0394,We,19,67
POI0394,We,20,75
POI0394,We,21,73
POI0394,We,22,55
POI0394,We,23,31
POI0394,Th,6,0
POI0394,Th,7,0
POI0394,Th,8,0
POI0394,Th,9,0
POI0394,Th,10,0
POI0394,Th,11,0
POI0394,Th,12,0
POI0394,Th,13,0
POI0394,Th,14,0
POI0394,Th,15,14
POI0394,Th,16,19
POI0394,Th,17,32
POI0394,Th,18,51
POI0394,Th,19,75
POI0394,Th,20,83
POI0394,Th,22,52
POI0394,Th,23,30
POI0394,Fr,0,38
POI0394,Fr,1,19
POI0394,Fr,6,0
POI0394,Fr,7,0
POI0394,Fr,8,0
POI0394,Fr,9,0
POI0394,Fr,10,0
POI0394,Fr,11,0
POI0394,Fr,12,0
POI0394,Fr,13,0
POI0394,Fr,14,0
POI0394,Fr,15,13
POI0394,Fr,16,19
POI0394,Fr,17,31
POI0394,Fr,18,50
POI0394,Fr,19,78
POI0394,Fr,20,96
POI0394,Fr,21,100
POI0394,Fr,22,86
POI0394,Fr,23,64
POI0394,Sa,0,31
POI0394,Sa,1,18
POI0394,Sa,6,0
POI0394,Sa,7,0
POI0394,Sa,8,0
POI0394,Sa,9,0
POI0394,Sa,10,0
POI0394,Sa,11,0
POI0394,Sa,12,14
POI0394,Sa,13,25
POI0394,Sa,14,41
POI0394,Sa,15,54
POI0394,Sa,16,61
POI0394,Sa,17,62
POI0394,Sa,18,63
POI0394,Sa,19,73
POI0394,Sa,20,82
POI0394,Sa,21,82
POI0394,Sa,22,71
POI0394,Sa,23,50
POI0394,Su,6,0
POI0394,Su,7,0
POI0394,Su,8,0
POI0394,Su,9,0
POI0394,Su,10,0
POI0394,Su,11,0
POI0394,Su,12,22
POI0394,Su,13,34
POI0394,Su,14,47
POI0394,Su,15,59
POI0394,Su,16,63
POI0394,Su,17,58
POI0394,Su,18,50
POI0394,Su,19,41
POI0394,Su,20,31
POI0394,Su,21,24
POI0394,Su,22,19
POI0394,Su,23,15
POI0397,Mo,0,29
POI0397,Mo,1,14
POI0397,Mo,6,0
POI0397,Mo,7,0
POI0397,Mo,8,0
POI0397,Mo,9,0
POI0397,Mo,10,0
POI0397,Mo,11,0
POI0397,Mo,12,0
POI0397,Mo,13,0
POI0397,Mo,14,0
POI0397,Mo,15,14
POI0397,Mo,16,28
POI0397,Mo,17,43
POI0397,Mo,18,61
POI0397,Mo,19,69
POI0397,Mo,20,67
POI0397,Mo,21,61
POI0397,Mo,22,53
POI0397,Mo,23,39
POI0397,Tu,0,29
POI0397,Tu,1,18
POI0397,Tu,6,0
POI0397,Tu,7,0
POI0397,Tu,8,0
POI0397,Tu,9,0
POI0397,Tu,10,0
POI0397,Tu,11,0
POI0397,Tu,12,0
POI0397,Tu,13,0
POI0397,Tu,14,0
POI0397,Tu,15,16
POI0397,Tu,16,30
POI0397,Tu,17,45
POI0397,Tu,18,63
POI0397,Tu,19,73
POI0397,Tu,20,83
POI0397,Tu,21,77
POI0397,Tu,22,64
POI0397,Tu,23,47
POI0397,We,0,42
POI0397,We,1,23
POI0397,We,6,0
POI0397,We,7,0
POI0397,We,8,0
POI0397,We,9,0
POI0397,We,10,0
POI0397,We,11,0
POI0397,We,12,0
POI0397,We,13,0
POI0397,We,14,0
POI0397,We,15,14
POI0397,We,16,22
POI0397,We,17,42
POI0397,We,18,61
POI0397,We,19,80
POI0397,We,20,90
POI0397,We,21,100
POI0397,We,22,97
POI0397,We,23,76
POI0397,Th,0,30
POI0397,Th,1,19
POI0397,Th,6,0
POI0397,Th,7,0
POI0397,Th,8,0
POI0397,Th,9,0
POI0397,Th,10,0
POI0397,Th,11,0
POI0397,Th,12,0
POI0397,Th,13,0
POI0397,Th,14,0
POI0397,Th,15,21
POI0397,Th,16,38
POI0397,Th,17,52
POI0397,Th,18,57
POI0397,Th,19,60
POI0397,Th,20,57
POI0397,Th,22,54
POI0397,Th,23,46
POI0397,Fr,0,63
POI0397,Fr,1,38
POI0397,Fr,6,0
POI0397,Fr,7,0
POI0397,Fr,8,0
POI0397,Fr,9,0
POI0397,Fr,10,0
POI0397,Fr,11,0
POI0397,Fr,12,0
POI0397,Fr,13,0
POI0397,Fr,14,0
POI0397,Fr,15,19
POI0397,Fr,16,32
POI0397,Fr,17,46
POI0397,Fr,18,56
POI0397,Fr,19,70
POI0397,Fr,20,81
POI0397,Fr,21,84
POI0397,Fr,22,78
POI0397,Fr,23,77
POI0397,Sa,0,39
POI0397,Sa,1,22
POI0397,Sa,6,0
POI0397,Sa,7,0
POI0397,Sa,8,0
POI0397,Sa,9,0
POI0397,Sa,10,0
POI0397,Sa,11,0
POI0397,Sa,12,21
POI0397,Sa,13,36
POI0397,Sa,14,47
POI0397,Sa,15,61
POI0397,Sa,16,73
POI0397,Sa,17,83
POI0397,Sa,18,85
POI0397,Sa,19,84
POI0397,Sa,20,87
POI0397,Sa,21,85
POI0397,Sa,22,76
POI0397,Sa,23,59
POI0397,Su,0,19
POI0397,Su,1,12
POI0397,Su,6,0
POI0397,Su,7,0
POI0397,Su,8,0
POI0397,Su,9,0
POI0397,Su,10,0
POI0397,Su,11,0
POI0397,Su,12,19
POI0397,Su,13,23
POI0397,Su,14,38
POI0397,Su,15,53
POI0397,Su,16,69
POI0397,Su,17,76
POI0397,Su,18,77
POI0397,Su,19,66
POI0397,Su,20,53
POI0397,Su,21,38
POI0397,Su,22,29
POI0397,Su,23,29
POI0398,Mo,0,17
POI0398,Mo,1,10
POI0398,Mo,6,0
POI0398,Mo,7,0
POI0398,Mo,8,0
POI0398,Mo,9,0
POI0398,Mo,10,0
POI0398,Mo,11,0
POI0398,Mo,12,0
POI0398,Mo,13,0
POI0398,Mo,14,0
POI0398,Mo,15,0
POI0398,Mo,16,29
POI0398,Mo,17,36
POI0398,Mo,18,41
POI0398,Mo,19,39
POI0398,Mo,20,38
POI0398,Mo,21,36
POI0398,Mo,22,30
POI0398,Mo,23,23
POI0398,Tu,0,27
POI0398,Tu,1,18
POI0398,Tu,6,0
POI0398,Tu,7,0
POI0398,Tu,8,0
POI0398,Tu,9,0
POI0398,Tu,10,0
POI0398,Tu,11,0
POI0398,Tu,12,0
POI0398,Tu,13,0
POI0398,Tu,14,0
POI0398,Tu,15,0
POI0398,Tu,16,16
POI0398,Tu,17,25
POI0398,Tu,18,37
POI0398,Tu,19,51
POI0398,Tu,20,60
POI0398,Tu,21,67
POI0398,Tu,22,66
POI0398,Tu,23,44
POI0398,We,0,23
POI0398,We,1,12
POI0398,We,6,0
POI0398,We,7,0
POI0398,We,8,0
POI0398,We,9,0
POI0398,We,10,0
POI0398,We,11,0
POI0398,We,12,0
POI0398,We,13,0
POI0398,We,14,0
POI0398,We,15,0
POI0398,We,16,19
POI0398,We,17,27
POI0398,We,18,27
POI0398,We,19,30
POI0398,We,20,34
POI0398,We,21,44
POI0398,We,22,44
POI0398,We,23,39
POI0398,Th,0,29
POI0398,Th,1,25
POI0398,Th,6,0
POI0398,Th,7,0
POI0398,Th,8,0
POI0398,Th,9,0
POI0398,Th,10,0
POI0398,Th,11,0
POI0398,Th,12,0
POI0398,Th,13,0
POI0398,Th,14,0
POI0398,Th,15,0
POI0398,Th,16,25
POI0398,Th,17,34
POI0398,Th,18,44
POI0398,Th,19,52
POI0398,Th,20,47
POI0398,Th,22,34
POI0398,Th,23,33
POI0398,Fr,0,39
POI0398,Fr,1,33
POI0398,Fr,2,26
POI0398,Fr,3,22
POI0398,Fr,4,16
POI0398,Fr,6,0
POI0398,Fr,7,0
POI0398,Fr,8,0
POI0398,Fr,9,0
POI0398,Fr,10,0
POI0398,Fr,11,0
POI0398,Fr,12,0
POI0398,Fr,13,0
POI0398,Fr,14,0
POI0398,Fr,15,0
POI0398,Fr,16,24
POI0398,Fr,17,27
POI0398,Fr,18,37
POI0398,Fr,19,38
POI0398,Fr,20,46
POI0398,Fr,21,52
POI0398,Fr,22,54
POI0398,Fr,23,55
POI0398,Sa,0,72
POI0398,Sa,1,47
POI0398,Sa,2,30
POI0398,Sa,3,24
POI0398,Sa,4,9
POI0398,Sa,6,0
POI0398,Sa,7,0
POI0398,Sa,8,0
POI0398,Sa,9,0
POI0398,Sa,10,0
POI0398,Sa,11,0
POI0398,Sa,12,0
POI0398,Sa,13,0
POI0398,Sa,14,0
POI0398,Sa,15,0
POI0398,Sa,16,37
POI0398,Sa,17,60
POI0398,Sa,18,74
POI0398,Sa,19,74
POI0398,Sa,20,73
POI0398,Sa,21,79
POI0398,Sa,22,94
POI0398,Sa,23,100
POI0398,Su,0,33
POI0398,Su,1,18
POI0398,Su,6,0
POI0398,Su,7,0
POI0398,Su,8,0
POI0398,Su,9,0
POI0398,Su,10,0
POI0398,Su,11,0
POI0398,Su,12,0
POI0398,Su,13,0
POI0398,Su,14,0
POI0398,Su,15,0
POI0398,Su,16,27
POI0398,Su,17,39
POI0398,Su,18,52
POI0398,Su,19,51
POI0398,Su,20,45
POI0398,Su,21,46
POI0398,Su,22,51
POI0398,Su,23,45
POI0399,Mo,0,28
POI0399,Mo,1,17
POI0399,Mo,3,0
POI0399,Mo,4,9
POI0399,Mo,5,8
POI0399,Mo,6,7
POI0399,Mo,7,5
POI0399,Mo,8,3
POI0399,Mo,9,3
POI0399,Mo,10,4
POI0399,Mo,11,7
POI0399,Mo,12,13
POI0399,Mo,13,20
POI0399,Mo,14,22
POI0399,Mo,15,20
POI0399,Mo,16,17
POI0399,Mo,17,18
POI0399,Mo,18,26
POI0399,Mo,19,36
POI0399,Mo,20,44
POI0399,Mo,21,51
POI0399,Mo,22,50
POI0399,Mo,23,43
POI0399,Tu,0,31
POI0399,Tu,1,16
POI0399,Tu,3,0
POI0399,Tu,4,5
POI0399,Tu,5,6
POI0399,Tu,6,6
POI0399,Tu,7,7
POI0399,Tu,8,7
POI0399,Tu,9,7
POI0399,Tu,10,8
POI0399,Tu,11,10
POI0399,Tu,12,12
POI0399,Tu,13,16
POI0399,Tu,14,19
POI0399,Tu,15,20
POI0399,Tu,16,17
POI0399,Tu,17,15
POI0399,Tu,18,24
POI0399,Tu,19,42
POI0399,Tu,20,56
POI0399,Tu,21,65
POI0399,Tu,22,64
POI0399,Tu,23,52
POI0399,We,0,21
POI0399,We,1,13
POI0399,We,3,0
POI0399,We,4,5
POI0399,We,5,3
POI0399,We,6,3
POI0399,We,7,3
POI0399,We,8,7
POI0399,We,9,10
POI0399,We,10,12
POI0399,We,11,10
POI0399,We,12,11
POI0399,We,13,11
POI0399,We,14,14
POI0399,We,15,15
POI0399,We,16,14
POI0399,We,17,15
POI0399,We,18,22
POI0399,We,19,35
POI0399,We,20,47
POI0399,We,21,49
POI0399,We,22,44
POI0399,We,23,38
POI0399,Th,0,30
POI0399,Th,1,12
POI0399,Th,3,0
POI0399,Th,4,4
POI0399,Th,5,5
POI0399,Th,6,6
POI0399,Th,7,6
POI0399,Th,8,4
POI0399,Th,9,2
POI0399,Th,10,5
POI0399,Th,11,10
POI0399,Th,12,21
POI0399,Th,13,25
POI0399,Th,14,26
POI0399,Th,15,23
POI0399,Th,16,25
POI0399,Th,17,26
POI0399,Th,18,34
POI0399,Th,19,43
POI0399,Th,20,58
POI0399,Th,22,64
POI0399,Th,23,53
POI0399,Fr,0,42
POI0399,Fr,1,21
POI0399,Fr,3,0
POI0399,Fr,4,3
POI0399,Fr,5,3
POI0399,Fr,6,3
POI0399,Fr,7,3
POI0399,Fr,8,5
POI0399,Fr,9,5
POI0399,Fr,10,7
POI0399,Fr,11,11
POI0399,Fr,12,18
POI0399,Fr,13,20
POI0399,Fr,14,20
POI0399,Fr,15,20
POI0399,Fr,16,26
POI0399,Fr,17,34
POI0399,Fr,18,41
POI0399,Fr,19,49
POI0399,Fr,20,56
POI0399,Fr,21,66
POI0399,Fr,22,73
POI0399,Fr,23,64
POI0399,Sa,0,55
POI0399,Sa,1,33
POI0399,Sa,3,0
POI0399,Sa,4,4
POI0399,Sa,5,6
POI0399,Sa,6,5
POI0399,Sa,7,4
POI0399,Sa,8,3
POI0399,Sa,9,5
POI0399,Sa,10,6
POI0399,Sa,11,10
POI0399,Sa,12,16
POI0399,Sa,13,20
POI0399,Sa,14,25
POI0399,Sa,15,32
POI0399,Sa,16,38
POI0399,Sa,17,43
POI0399,Sa,18,53
POI0399,Sa,19,71
POI0399,Sa,20,91
POI0399,Sa,21,100
POI0399,Sa,22,99
POI0399,Sa,23,85
POI0399,Su,0,39
POI0399,Su,1,23
POI0399,Su,3,0
POI0399,Su,4,8
POI0399,Su,5,7
POI0399,Su,6,6
POI0399,Su,7,9
POI0399,Su,8,8
POI0399,Su,9,10
POI0399,Su,10,10
POI0399,Su,11,12
POI0399,Su,12,17
POI0399,Su,13,30
POI0399,Su,14,35
POI0399,Su,15,37
POI0399,Su,16,34
POI0399,Su,17,35
POI0399,Su,18,41
POI0399,Su,19,53
POI0399,Su,20,66
POI0399,Su,21,74
POI0399,Su,22,71
POI0399,Su,23,58
POI0401,Mo,0,12
POI0401,Mo,1,18
POI0401,Mo,2,14
POI0401,Mo,3,20
POI0401,Mo,4,18
POI0401,Mo,5,22
POI0401,Mo,6,18
POI0401,Mo,7,24
POI0401,Mo,8,22
POI0401,Mo,9,22
POI0401,Mo,10,28
POI0401,Mo,11,26
POI0401,Mo,12,28
POI0401,Mo,13,38
POI0401,Mo,14,52
POI0401,Mo,15,70
POI0401,Mo,16,64
POI0401,Mo,17,64
POI0401,Mo,18,62
POI0401,Mo,19,50
POI0401,Mo,20,38
POI0401,Mo,21,30
POI0401,Mo,22,18
POI0401,Mo,23,16
POI0401,Tu,0,24
POI0401,Tu,1,18
POI0401,Tu,2,14
POI0401,Tu,3,18
POI0401,Tu,4,16
POI0401,Tu,5,18
POI0401,Tu,6,16
POI0401,Tu,7,18
POI0401,Tu,8,28
POI0401,Tu,9,42
POI0401,Tu,10,50
POI0401,Tu,11,62
POI0401,Tu,12,70
POI0401,Tu,13,60
POI0401,Tu,14,52
POI0401,Tu,15,56
POI0401,Tu,16,72
POI0401,Tu,17,92
POI0401,Tu,18,86
POI0401,Tu,19,78
POI0401,Tu,20,70
POI0401,Tu,21,62
POI0401,Tu,22,50
POI0401,Tu,23,34
POI0401,We,0,20
POI0401,We,1,18
POI0401,We,2,16
POI0401,We,3,22
POI0401,We,4,24
POI0401,We,5,18
POI0401,We,6,18
POI0401,We,7,20
POI0401,We,8,22
POI0401,We,9,36
POI0401,We,10,42
POI0401,We,11,50
POI0401,We,12,50
POI0401,We,13,46
POI0401,We,14,50
POI0401,We,15,50
POI0401,We,16,58
POI0401,We,17,60
POI0401,We,18,64
POI0401,We,19,60
POI0401,We,20,48
POI0401,We,21,48
POI0401,We,22,38
POI0401,We,23,30
POI0401,Th,0,26
POI0401,Th,1,16
POI0401,Th,2,10
POI0401,Th,3,8
POI0401,Th,4,12
POI0401,Th,5,20
POI0401,Th,6,30
POI0401,Th,7,40
POI0401,Th,8,44
POI0401,Th,9,54
POI0401,Th,10,52
POI0401,Th,11,54
POI0401,Th,12,58
POI0401,Th,13,54
POI0401,Th,14,62
POI0401,Th,15,66
POI0401,Th,16,78
POI0401,Th,17,80
POI0401,Th,18,80
POI0401,Th,19,76
POI0401,Th,20,72
POI0401,Th,21,70
POI0401,Th,22,56
POI0401,Fr,0,44
POI0401,Fr,1,28
POI0401,Fr,2,22
POI0401,Fr,3,20
POI0401,Fr,4,30
POI0401,Fr,5,30
POI0401,Fr,6,28
POI0401,Fr,7,26
POI0401,Fr,8,32
POI0401,Fr,9,40
POI0401,Fr,10,50
POI0401,Fr,11,54
POI0401,Fr,12,60
POI0401,Fr,13,64
POI0401,Fr,14,76
POI0401,Fr,15,76
POI0401,Fr,16,80
POI0401,Fr,17,86
POI0401,Fr,18,88
POI0401,Fr,19,84
POI0401,Fr,20,86
POI0401,Fr,21,72
POI0401,Fr,22,72
POI0401,Fr,23,56
POI0401,Sa,0,28
POI0401,Sa,1,12
POI0401,Sa,2,8
POI0401,Sa,3,14
POI0401,Sa,4,22
POI0401,Sa,5,24
POI0401,Sa,6,26
POI0401,Sa,7,26
POI0401,Sa,8,28
POI0401,Sa,9,34
POI0401,Sa,10,40
POI0401,Sa,11,52
POI0401,Sa,12,68
POI0401,Sa,13,88
POI0401,Sa,14,88
POI0401,Sa,15,96
POI0401,Sa,16,100
POI0401,Sa,17,90
POI0401,Sa,18,78
POI0401,Sa,19,58
POI0401,Sa,20,48
POI0401,Sa,21,52
POI0401,Sa,22,54
POI0401,Sa,23,46
POI0401,Su,0,12
POI0401,Su,1,14
POI0401,Su,2,16
POI0401,Su,3,14
POI0401,Su,4,12
POI0401,Su,5,10
POI0401,Su,6,10
POI0401,Su,7,14
POI0401,Su,8,22
POI0401,Su,9,34
POI0401,Su,10,40
POI0401,Su,11,42
POI0401,Su,12,48
POI0401,Su,13,50
POI0401,Su,14,62
POI0401,Su,15,66
POI0401,Su,16,74
POI0401,Su,17,84
POI0401,Su,18,76
POI0401,Su,19,58
POI0401,Su,20,38
POI0401,Su,21,24
POI0401,Su,22,16
POI0401,Su,23,12
POI0405,Mo,6,0
POI0405,Mo,7,0
POI0405,Mo,8,0
POI0405,Mo,9,14
POI0405,Mo,10,24
POI0405,Mo,11,32
POI0405,Mo,12,37
POI0405,Mo,13,41
POI0405,Mo,14,44
POI0405,Mo,15,44
POI0405,Mo,16,41
POI0405,Mo,17,32
POI0405,Mo,18,0
POI0405,Mo,19,0
POI0405,Mo,20,0
POI0405,Mo,21,0
POI0405,Mo,22,0
POI0405,Mo,23,0
POI0405,Tu,6,0
POI0405,Tu,7,0
POI0405,Tu,8,0
POI0405,Tu,9,12
POI0405,Tu,10,22
POI0405,Tu,11,32
POI0405,Tu,12,39
POI0405,Tu,13,42
POI0405,Tu,14,45
POI0405,Tu,15,48
POI0405,Tu,16,46
POI0405,Tu,17,39
POI0405,Tu,18,0
POI0405,Tu,19,0
POI0405,Tu,20,0
POI0405,Tu,21,0
POI0405,Tu,22,0
POI0405,Tu,23,0
POI0405,We,6,0
POI0405,We,7,0
POI0405,We,8,0
POI0405,We,9,13
POI0405,We,10,24
POI0405,We,11,33
POI0405,We,12,39
POI0405,We,13,42
POI0405,We,14,45
POI0405,We,15,45
POI0405,We,16,43
POI0405,We,17,36
POI0405,We,18,0
POI0405,We,19,0
POI0405,We,20,0
POI0405,We,21,0
POI0405,We,22,0
POI0405,We,23,0
POI0405,Th,6,0
POI0405,Th,7,0
POI0405,Th,8,0
POI0405,Th,9,13
POI0405,Th,10,24
POI0405,Th,11,35
POI0405,Th,12,42
POI0405,Th,13,46
POI0405,Th,14,48
POI0405,Th,15,49
POI0405,Th,16,48
POI0405,Th,17,41
POI0405,Th,18,0
POI0405,Th,19,0
POI0405,Th,20,0
POI0405,Th,21,0
POI0405,Th,22,0
POI0405,Th,23,0
POI0405,Fr,6,0
POI0405,Fr,7,0
POI0405,Fr,8,0
POI0405,Fr,9,16
POI0405,Fr,10,29
POI0405,Fr,11,43
POI0405,Fr,12,52
POI0405,Fr,13,59
POI0405,Fr,14,63
POI0405,Fr,15,66
POI0405,Fr,16,64
POI0405,Fr,17,52
POI0405,Fr,18,0
POI0405,Fr,19,0
POI0405,Fr,20,0
POI0405,Fr,21,0
POI0405,Fr,22,0
POI0405,Fr,23,0
POI0405,Sa,6,0
POI0405,Sa,7,0
POI0405,Sa,8,0
POI0405,Sa,9,20
POI0405,Sa,10,39
POI0405,Sa,11,62
POI0405,Sa,12,80
POI0405,Sa,13,93
POI0405,Sa,14,100
POI0405,Sa,15,98
POI0405,Sa,16,85
POI0405,Sa,17,0
POI0405,Sa,18,0
POI0405,Sa,19,0
POI0405,Sa,20,0
POI0405,Sa,21,0
POI0405,Sa,22,0
POI0405,Sa,23,0
POI0405,Su,6,0
POI0405,Su,7,0
POI0405,Su,8,0
POI0405,Su,9,0
POI0405,Su,10,0
POI0405,Su,11,0
POI0405,Su,12,55
POI0405,Su,13,66
POI0405,Su,14,72
POI0405,Su,15,68
POI0405,Su,16,57
POI0405,Su,17,0
POI0405,Su,18,0
POI0405,Su,19,0
POI0405,Su,20,0
POI0405,Su,21,0
POI0405,Su,22,0
POI0405,Su,23,0
POI0407,Mo,6,0
POI0407,Mo,7,0
POI0407,Mo,8,0
POI0407,Mo,9,19
POI0407,Mo,10,27
POI0407,Mo,11,36
POI0407,Mo,12,42
POI0407,Mo,13,44
POI0407,Mo,14,44
POI0407,Mo,15,41
POI0407,Mo,16,35
POI0407,Mo,17,26
POI0407,Mo,18,18
POI0407,Mo,19,0
POI0407,Mo,20,0
POI0407,Mo,21,0
POI0407,Mo,22,0
POI0407,Mo,23,0
POI0407,Tu,6,0
POI0407,Tu,7,0
POI0407,Tu,8,0
POI0407,Tu,9,19
POI0407,Tu,10,27
POI0407,Tu,11,34
POI0407,Tu,12,39
POI0407,Tu,13,41
POI0407,Tu,14,41
POI0407,Tu,15,38
POI0407,Tu,16,33
POI0407,Tu,17,26
POI0407,Tu,18,19
POI0407,Tu,19,0
POI0407,Tu,20,0
POI0407,Tu,21,0
POI0407,Tu,22,0
POI0407,Tu,23,0
POI0407,We,6,0
POI0407,We,7,0
POI0407,We,8,0
POI0407,We,9,19
POI0407,We,10,28
POI0407,We,11,37
POI0407,We,12,44
POI0407,We,13,47
POI0407,We,14,47
POI0407,We,15,44
POI0407,We,16,38
POI0407,We,17,29
POI0407,We,18,20
POI0407,We,19,0
POI0407,We,20,0
POI0407,We,21,0
POI0407,We,22,0
POI0407,We,23,0
POI0407,Th,6,0
POI0407,Th,7,0
POI0407,Th,8,0
POI0407,Th,9,20
POI0407,Th,10,29
POI0407,Th,11,38
POI0407,Th,12,45
POI0407,Th,13,49
POI0407,Th,14,50
POI0407,Th,15,47
POI0407,Th,16,42
POI0407,Th,17,32
POI0407,Th,18,21
POI0407,Th,19,0
POI0407,Th,20,0
POI0407,Th,21,0
POI0407,Th,22,0
POI0407,Th,23,0
POI0407,Fr,6,0
POI0407,Fr,7,0
POI0407,Fr,8,0
POI0407,Fr,9,24
POI0407,Fr,10,36
POI0407,Fr,11,48
POI0407,Fr,12,57
POI0407,Fr,13,62
POI0407,Fr,14,64
POI0407,Fr,15,62
POI0407,Fr,16,55
POI0407,Fr,17,43
POI0407,Fr,18,28
POI0407,Fr,19,0
POI0407,Fr,20,0
POI0407,Fr,21,0
POI0407,Fr,22,0
POI0407,Fr,23,0
POI0407,Sa,6,0
POI0407,Sa,7,0
POI0407,Sa,8,0
POI0407,Sa,9,24
POI0407,Sa,10,43
POI0407,Sa,11,63
POI0407,Sa,12,81
POI0407,Sa,13,94
POI0407,Sa,14,100
POI0407,Sa,15,97
POI0407,Sa,16,84
POI0407,Sa,17,63
POI0407,Sa,18,40
POI0407,Sa,19,0
POI0407,Sa,20,0
POI0407,Sa,21,0
POI0407,Sa,22,0
POI0407,Sa,23,0
POI0407,Su,6,0
POI0407,Su,7,0
POI0407,Su,8,0
POI0407,Su,9,23
POI0407,Su,10,41
POI0407,Su,11,62
POI0407,Su,12,78
POI0407,Su,13,89
POI0407,Su,14,91
POI0407,Su,15,85
POI0407,Su,16,71
POI0407,Su,17,51
POI0407,Su,18,31
POI0407,Su,19,0
POI0407,Su,20,0
POI0407,Su,21,0
POI0407,Su,22,0
POI0407,Su,23,0
POI0412,Mo,6,0
POI0412,Mo,7,0
POI0412,Mo,8,0
POI0412,Mo,9,0
POI0412,Mo,10,24
POI0412,Mo,11,34
POI0412,Mo,12,41
POI0412,Mo,13,44
POI0412,Mo,14,45
POI0412,Mo,15,47
POI0412,Mo,16,47
POI0412,Mo,17,47
POI0412,Mo,18,42
POI0412,Mo,19,31
POI0412,Mo,20,0
POI0412,Mo,21,0
POI0412,Mo,22,0
POI0412,Mo,23,0
POI0412,Tu,6,0
POI0412,Tu,7,0
POI0412,Tu,8,0
POI0412,Tu,9,0
POI0412,Tu,10,24
POI0412,Tu,11,34
POI0412,Tu,12,42
POI0412,Tu,13,46
POI0412,Tu,14,48
POI0412,Tu,15,50
POI0412,Tu,16,51
POI0412,Tu,17,50
POI0412,Tu,18,45
POI0412,Tu,19,34
POI0412,Tu,20,0
POI0412,Tu,21,0
POI0412,Tu,22,0
POI0412,Tu,23,0
POI0412,We,6,0
POI0412,We,7,0
POI0412,We,8,0
POI0412,We,9,0
POI0412,We,10,24
POI0412,We,11,33
POI0412,We,12,40
POI0412,We,13,45
POI0412,We,14,47
POI0412,We,15,48
POI0412,We,16,50
POI0412,We,17,49
POI0412,We,18,43
POI0412,We,19,32
POI0412,We,20,0
POI0412,We,21,0
POI0412,We,22,0
POI0412,We,23,0
POI0412,Th,6,0
POI0412,Th,7,0
POI0412,Th,8,0
POI0412,Th,9,0
POI0412,Th,10,25
POI0412,Th,11,35
POI0412,Th,12,42
POI0412,Th,13,46
POI0412,Th,14,48
POI0412,Th,15,50
POI0412,Th,16,51
POI0412,Th,17,50
POI0412,Th,18,44
POI0412,Th,19,33
POI0412,Th,20,0
POI0412,Th,21,0
POI0412,Th,22,0
POI0412,Th,23,0
POI0412,Fr,6,0
POI0412,Fr,7,0
POI0412,Fr,8,0
POI0412,Fr,9,0
POI0412,Fr,10,24
POI0412,Fr,11,35
POI0412,Fr,12,44
POI0412,Fr,13,49
POI0412,Fr,14,53
POI0412,Fr,15,56
POI0412,Fr,16,57
POI0412,Fr,17,56
POI0412,Fr,18,50
POI0412,Fr,19,38
POI0412,Fr,20,0
POI0412,Fr,21,0
POI0412,Fr,22,0
POI0412,Fr,23,0
POI0412,Sa,6,0
POI0412,Sa,7,0
POI0412,Sa,8,0
POI0412,Sa,9,0
POI0412,Sa,10,34
POI0412,Sa,11,55
POI0412,Sa,12,74
POI0412,Sa,13,88
POI0412,Sa,14,96
POI0412,Sa,15,100
POI0412,Sa,16,97
POI0412,Sa,17,90
POI0412,Sa,18,75
POI0412,Sa,19,55
POI0412,Sa,20,0
POI0412,Sa,21,0
POI0412,Sa,22,0
POI0412,Sa,23,0
POI0414,Tu,6,0
POI0414,Tu,7,0
POI0414,Tu,8,0
POI0414,Tu,9,0
POI0414,Tu,10,37
POI0414,Tu,11,51
POI0414,Tu,12,62
POI0414,Tu,13,65
POI0414,Tu,14,62
POI0414,Tu,15,59
POI0414,Tu,16,48
POI0414,Tu,17,34
POI0414,Tu,18,0
POI0414,Tu,19,0
POI0414,Tu,20,0
POI0414,Tu,21,0
POI0414,Tu,22,0
POI0414,Tu,23,0
POI0414,We,6,0
POI0414,We,7,0
POI0414,We,8,0
POI0414,We,9,0
POI0414,We,10,31
POI0414,We,11,43
POI0414,We,12,50
POI0414,We,13,50
POI0414,We,14,49
POI0414,We,15,47
POI0414,We,16,39
POI0414,We,17,29
POI0414,We,18,0
POI0414,We,19,0
POI0414,We,20,0
POI0414,We,21,0
POI0414,We,22,0
POI0414,We,23,0
POI0414,Th,6,0
POI0414,Th,7,0
POI0414,Th,8,0
POI0414,Th,9,0
POI0414,Th,10,30
POI0414,Th,11,45
POI0414,Th,12,55
POI0414,Th,13,58
POI0414,Th,14,56
POI0414,Th,15,53
POI0414,Th,16,43
POI0414,Th,17,28
POI0414,Th,18,0
POI0414,Th,19,0
POI0414,Th,20,0
POI0414,Th,21,0
POI0414,Th,22,0
POI0414,Th,23,0
POI0414,Fr,6,0
POI0414,Fr,7,0
POI0414,Fr,8,0
POI0414,Fr,9,0
POI0414,Fr,10,34
POI0414,Fr,11,52
POI0414,Fr,12,66
POI0414,Fr,13,69
POI0414,Fr,14,68
POI0414,Fr,15,62
POI0414,Fr,16,53
POI0414,Fr,17,38
POI0414,Fr,18,0
POI0414,Fr,19,0
POI0414,Fr,20,0
POI0414,Fr,21,0
POI0414,Fr,22,0
POI0414,Fr,23,0
POI0414,Sa,6,0
POI0414,Sa,7,0
POI0414,Sa,8,0
POI0414,Sa,9,0
POI0414,Sa,10,32
POI0414,Sa,11,55
POI0414,Sa,12,72
POI0414,Sa,13,78
POI0414,Sa,14,81
POI0414,Sa,15,80
POI0414,Sa,16,69
POI0414,Sa,17,48
POI0414,Sa,18,0
POI0414,Sa,19,0
POI0414,Sa,20,0
POI0414,Sa,21,0
POI0414,Sa,22,0
POI0414,Sa,23,0
POI0414,Su,6,0
POI0414,Su,7,0
POI0414,Su,8,0
POI0414,Su,9,0
POI0414,Su,10,41
POI0414,Su,11,65
POI0414,Su,12,83
POI0414,Su,13,94
POI0414,Su,14,100
POI0414,Su,15,98
POI0414,Su,16,81
POI0414,Su,17,55
POI0414,Su,18,0
POI0414,Su,19,0
POI0414,Su,20,0
POI0414,Su,21,0
POI0414,Su,22,0
POI0414,Su,23,0
POI0415,Mo,0,7
POI0415,Mo,1,4
POI0415,Mo,2,3
POI0415,Mo,3,3
POI0415,Mo,4,4
POI0415,Mo,5,8
POI0415,Mo,6,11
POI0415,Mo,7,16
POI0415,Mo,8,20
POI0415,Mo,9,26
POI0415,Mo,10,31
POI0415,Mo,11,34
POI0415,Mo,12,36
POI0415,Mo,13,36
POI0415,Mo,14,37
POI0415,Mo,15,39
POI0415,Mo,16,41
POI0415,Mo,17,41
POI0415,Mo,18,36
POI0415,Mo,19,29
POI0415,Mo,20,24
POI0415,Mo,21,19
POI0415,Mo,22,15
POI0415,Mo,23,10
POI0415,Tu,0,14
POI0415,Tu,1,9
POI0415,Tu,2,5
POI0415,Tu,3,4
POI0415,Tu,4,4
POI0415,Tu,5,7
POI0415,Tu,6,12
POI0415,Tu,7,17
POI0415,Tu,8,19
POI0415,Tu,9,21
POI0415,Tu,10,23
POI0415,Tu,11,28
POI0415,Tu,12,31
POI0415,Tu,13,34
POI0415,Tu,14,35
POI0415,Tu,15,38
POI0415,Tu,16,39
POI0415,Tu,17,39
POI0415,Tu,18,34
POI0415,Tu,19,33
POI0415,Tu,20,31
POI0415,Tu,21,29
POI0415,Tu,22,26
POI0415,Tu,23,21
POI0415,We,0,13
POI0415,We,1,8
POI0415,We,2,5
POI0415,We,3,5
POI0415,We,4,5
POI0415,We,5,8
POI0415,We,6,11
POI0415,We,7,13
POI0415,We,8,17
POI0415,We,9,21
POI0415,We,10,27
POI0415,We,11,34
POI0415,We,12,41
POI0415,We,13,47
POI0415,We,14,49
POI0415,We,15,50
POI0415,We,16,56
POI0415,We,17,65
POI0415,We,18,74
POI0415,We,19,74
POI0415,We,20,65
POI0415,We,21,48
POI0415,We,22,31
POI0415,We,23,21
POI0415,Th,0,13
POI0415,Th,1,10
POI0415,Th,2,7
POI0415,Th,3,7
POI0415,Th,4,8
POI0415,Th,5,9
POI0415,Th,6,12
POI0415,Th,7,14
POI0415,Th,8,17
POI0415,Th,9,21
POI0415,Th,10,28
POI0415,Th,11,35
POI0415,Th,12,39
POI0415,Th,13,42
POI0415,Th,14,44
POI0415,Th,15,47
POI0415,Th,16,49
POI0415,Th,17,45
POI0415,Th,18,40
POI0415,Th,19,31
POI0415,Th,20,29
POI0415,Th,22,24
POI0415,Th,23,20
POI0415,Fr,0,15
POI0415,Fr,1,9
POI0415,Fr,2,6
POI0415,Fr,3,5
POI0415,Fr,4,7
POI0415,Fr,5,9
POI0415,Fr,6,11
POI0415,Fr,7,15
POI0415,Fr,8,18
POI0415,Fr,9,23
POI0415,Fr,10,26
POI0415,Fr,11,33
POI0415,Fr,12,37
POI0415,Fr,13,43
POI0415,Fr,14,49
POI0415,Fr,15,54
POI0415,Fr,16,56
POI0415,Fr,17,53
POI0415,Fr,18,47
POI0415,Fr,19,39
POI0415,Fr,20,33
POI0415,Fr,21,28
POI0415,Fr,22,25
POI0415,Fr,23,21
POI0415,Sa,0,19
POI0415,Sa,1,10
POI0415,Sa,2,6
POI0415,Sa,3,4
POI0415,Sa,4,4
POI0415,Sa,5,5
POI0415,Sa,6,6
POI0415,Sa,7,7
POI0415,Sa,8,11
POI0415,Sa,9,16
POI0415,Sa,10,26
POI0415,Sa,11,38
POI0415,Sa,12,53
POI0415,Sa,13,70
POI0415,Sa,14,87
POI0415,Sa,15,98
POI0415,Sa,16,100
POI0415,Sa,17,87
POI0415,Sa,18,71
POI0415,Sa,19,52
POI0415,Sa,20,41
POI0415,Sa,21,36
POI0415,Sa,22,35
POI0415,Sa,23,30
POI0415,Su,0,10
POI0415,Su,1,7
POI0415,Su,2,5
POI0415,Su,3,6
POI0415,Su,4,7
POI0415,Su,5,10
POI0415,Su,6,10
POI0415,Su,7,15
POI0415,Su,8,26
POI0415,Su,9,44
POI0415,Su,10,60
POI0415,Su,11,67
POI0415,Su,12,78
POI0415,Su,13,85
POI0415,Su,14,91
POI0415,Su,15,90
POI0415,Su,16,83
POI0415,Su,17,69
POI0415,Su,18,53
POI0415,Su,19,36
POI0415,Su,20,27
POI0415,Su,21,22
POI0415,Su,22,20
POI0415,Su,23,15
POI0416,Mo,0,12
POI0416,Mo,1,5
POI0416,Mo,2,3
POI0416,Mo,3,3
POI0416,Mo,4,4
POI0416,Mo,5,6
POI0416,Mo,6,11
POI0416,Mo,7,17
POI0416,Mo,8,27
POI0416,Mo,9,39
POI0416,Mo,10,51
POI0416,Mo,11,59
POI0416,Mo,12,68
POI0416,Mo,13,71
POI0416,Mo,14,70
POI0416,Mo,15,65
POI0416,Mo,16,58
POI0416,Mo,17,50
POI0416,Mo,18,42
POI0416,Mo,19,34
POI0416,Mo,20,30
POI0416,Mo,21,27
POI0416,Mo,22,25
POI0416,Mo,23,20
POI0416,Tu,0,12
POI0416,Tu,1,7
POI0416,Tu,2,4
POI0416,Tu,3,4
POI0416,Tu,4,6
POI0416,Tu,5,7
POI0416,Tu,6,12
POI0416,Tu,7,20
POI0416,Tu,8,30
POI0416,Tu,9,46
POI0416,Tu,10,60
POI0416,Tu,11,69
POI0416,Tu,12,70
POI0416,Tu,13,69
POI0416,Tu,14,65
POI0416,Tu,15,66
POI0416,Tu,16,60
POI0416,Tu,17,54
POI0416,Tu,18,41
POI0416,Tu,19,34
POI0416,Tu,20,29
POI0416,Tu,21,26
POI0416,Tu,22,23
POI0416,Tu,23,20
POI0416,We,0,56
POI0416,We,1,34
POI0416,We,2,20
POI0416,We,3,9
POI0416,We,4,8
POI0416,We,5,8
POI0416,We,6,11
POI0416,We,7,17
POI0416,We,8,28
POI0416,We,9,42
POI0416,We,10,53
POI0416,We,11,63
POI0416,We,12,70
POI0416,We,13,76
POI0416,We,14,75
POI0416,We,15,74
POI0416,We,16,67
POI0416,We,17,58
POI0416,We,18,50
POI0416,We,19,44
POI0416,We,20,39
POI0416,We,21,31
POI0416,We,22,35
POI0416,We,23,40
POI0416,Th,0,12
POI0416,Th,1,8
POI0416,Th,2,5
POI0416,Th,3,4
POI0416,Th,4,5
POI0416,Th,5,7
POI0416,Th,6,9
POI0416,Th,7,14
POI0416,Th,8,23
POI0416,Th,9,38
POI0416,Th,10,57
POI0416,Th,11,72
POI0416,Th,12,80
POI0416,Th,13,81
POI0416,Th,14,79
POI0416,Th,15,73
POI0416,Th,16,63
POI0416,Th,17,51
POI0416,Th,18,39
POI0416,Th,19,34
POI0416,Th,20,31
POI0416,Th,22,26
POI0416,Th,23,21
POI0416,Fr,0,12
POI0416,Fr,1,8
POI0416,Fr,2,7
POI0416,Fr,3,6
POI0416,Fr,4,5
POI0416,Fr,5,6
POI0416,Fr,6,8
POI0416,Fr,7,15
POI0416,Fr,8,24
POI0416,Fr,9,38
POI0416,Fr,10,53
POI0416,Fr,11,70
POI0416,Fr,12,82
POI0416,Fr,13,86
POI0416,Fr,14,83
POI0416,Fr,15,76
POI0416,Fr,16,68
POI0416,Fr,17,58
POI0416,Fr,18,47
POI0416,Fr,19,39
POI0416,Fr,20,34
POI0416,Fr,21,33
POI0416,Fr,22,29
POI0416,Fr,23,23
POI0416,Sa,0,11
POI0416,Sa,1,7
POI0416,Sa,2,6
POI0416,Sa,3,7
POI0416,Sa,4,7
POI0416,Sa,5,8
POI0416,Sa,6,6
POI0416,Sa,7,8
POI0416,Sa,8,12
POI0416,Sa,9,26
POI0416,Sa,10,48
POI0416,Sa,11,71
POI0416,Sa,12,89
POI0416,Sa,13,100
POI0416,Sa,14,99
POI0416,Sa,15,93
POI0416,Sa,16,80
POI0416,Sa,17,65
POI0416,Sa,18,51
POI0416,Sa,19,42
POI0416,Sa,20,34
POI0416,Sa,21,29
POI0416,Sa,22,23
POI0416,Sa,23,18
POI0416,Su,0,10
POI0416,Su,1,6
POI0416,Su,2,5
POI0416,Su,3,4
POI0416,Su,4,6
POI0416,Su,5,6
POI0416,Su,6,6
POI0416,Su,7,9
POI0416,Su,8,13
POI0416,Su,9,25
POI0416,Su,10,40
POI0416,Su,11,56
POI0416,Su,12,73
POI0416,Su,13,81
POI0416,Su,14,84
POI0416,Su,15,78
POI0416,Su,16,70
POI0416,Su,17,55
POI0416,Su,18,40
POI0416,Su,19,27
POI0416,Su,20,22
POI0416,Su,21,17
POI0416,Su,22,17
POI0416,Su,23,15
POI0418,Tu,6,0
POI0418,Tu,7,0
POI0418,Tu,8,0
POI0418,Tu,9,0
POI0418,Tu,10,40
POI0418,Tu,11,59
POI0418,Tu,12,80
POI0418,Tu,13,94
POI0418,Tu,14,100
POI0418,Tu,15,85
POI0418,Tu,16,61
POI0418,Tu,17,0
POI0418,Tu,18,0
POI0418,Tu,19,0
POI0418,Tu,20,0
POI0418,Tu,21,0
POI0418,Tu,22,0
POI0418,Tu,23,0
POI0418,We,6,0
POI0418,We,7,0
POI0418,We,8,0
POI0418,We,9,0
POI0418,We,10,39
POI0418,We,11,55
POI0418,We,12,69
POI0418,We,13,63
POI0418,We,14,54
POI0418,We,15,43
POI0418,We,16,40
POI0418,We,17,0
POI0418,We,18,0
POI0418,We,19,0
POI0418,We,20,0
POI0418,We,21,0
POI0418,We,22,0
POI0418,We,23,0
POI0418,Th,6,0
POI0418,Th,7,0
POI0418,Th,8,0
POI0418,Th,9,0
POI0418,Th,10,59
POI0418,Th,11,71
POI0418,Th,12,78
POI0418,Th,13,69
POI0418,Th,14,63
POI0418,Th,15,52
POI0418,Th,16,53
POI0418,Th,17,0
POI0418,Th,18,0
POI0418,Th,19,0
POI0418,Th,20,0
POI0418,Th,21,0
POI0418,Th,22,0
POI0418,Th,23,0
POI0418,Fr,6,0
POI0418,Fr,7,0
POI0418,Fr,8,0
POI0418,Fr,9,0
POI0418,Fr,10,40
POI0418,Fr,11,55
POI0418,Fr,12,68
POI0418,Fr,13,74
POI0418,Fr,14,73
POI0418,Fr,15,63
POI0418,Fr,16,44
POI0418,Fr,17,0
POI0418,Fr,18,0
POI0418,Fr,19,0
POI0418,Fr,20,0
POI0418,Fr,21,0
POI0418,Fr,22,0
POI0418,Fr,23,0
POI0418,Sa,6,0
POI0418,Sa,7,0
POI0418,Sa,8,0
POI0418,Sa,9,0
POI0418,Sa,10,39
POI0418,Sa,11,62
POI0418,Sa,12,75
POI0418,Sa,13,76
POI0418,Sa,14,71
POI0418,Sa,15,64
POI0418,Sa,16,61
POI0418,Sa,17,49
POI0418,Sa,18,0
POI0418,Sa,19,0
POI0418,Sa,20,0
POI0418,Sa,21,0
POI0418,Sa,22,0
POI0418,Sa,23,0
POI0418,Su,6,0
POI0418,Su,7,0
POI0418,Su,8,0
POI0418,Su,9,0
POI0418,Su,10,83
POI0418,Su,11,89
POI0418,Su,12,88
POI0418,Su,13,92
POI0418,Su,14,94
POI0418,Su,15,88
POI0418,Su,16,79
POI0418,Su,17,64
POI0418,Su,18,0
POI0418,Su,19,0
POI0418,Su,20,0
POI0418,Su,21,0
POI0418,Su,22,0
POI0418,Su,23,0
POI0419,Mo,6,0
POI0419,Mo,7,0
POI0419,Mo,8,0
POI0419,Mo,9,0
POI0419,Mo,10,0
POI0419,Mo,11,44
POI0419,Mo,12,47
POI0419,Mo,13,48
POI0419,Mo,14,52
POI0419,Mo,15,52
POI0419,Mo,16,54
POI0419,Mo,17,47
POI0419,Mo,18,0
POI0419,Mo,19,0
POI0419,Mo,20,0
POI0419,Mo,21,0
POI0419,Mo,22,0
POI0419,Mo,23,0
POI0419,Tu,6,0
POI0419,Tu,7,0
POI0419,Tu,8,0
POI0419,Tu,9,0
POI0419,Tu,10,0
POI0419,Tu,11,42
POI0419,Tu,12,41
POI0419,Tu,13,40
POI0419,Tu,14,40
POI0419,Tu,15,40
POI0419,Tu,16,41
POI0419,Tu,17,36
POI0419,Tu,18,0
POI0419,Tu,19,0
POI0419,Tu,20,0
POI0419,Tu,21,0
POI0419,Tu,22,0
POI0419,Tu,23,0
POI0419,We,6,0
POI0419,We,7,0
POI0419,We,8,0
POI0419,We,9,0
POI0419,We,10,0
POI0419,We,11,24
POI0419,We,12,31
POI0419,We,13,40
POI0419,We,14,50
POI0419,We,15,54
POI0419,We,16,54
POI0419,We,17,48
POI0419,We,18,0
POI0419,We,19,0
POI0419,We,20,0
POI0419,We,21,0
POI0419,We,22,0
POI0419,We,23,0
POI0419,Th,6,0
POI0419,Th,7,0
POI0419,Th,8,0
POI0419,Th,9,0
POI0419,Th,10,0
POI0419,Th,11,35
POI0419,Th,12,44
POI0419,Th,13,43
POI0419,Th,14,39
POI0419,Th,15,39
POI0419,Th,16,45
POI0419,Th,17,50
POI0419,Th,18,0
POI0419,Th,19,0
POI0419,Th,20,0
POI0419,Th,21,0
POI0419,Th,22,0
POI0419,Th,23,0
POI0419,Fr,6,0
POI0419,Fr,7,0
POI0419,Fr,8,0
POI0419,Fr,9,0
POI0419,Fr,10,0
POI0419,Fr,11,40
POI0419,Fr,12,54
POI0419,Fr,13,70
POI0419,Fr,14,86
POI0419,Fr,15,100
POI0419,Fr,16,93
POI0419,Fr,17,66
POI0419,Fr,18,41
POI0419,Fr,19,25
POI0419,Fr,20,0
POI0419,Fr,21,0
POI0419,Fr,22,0
POI0419,Fr,23,0
POI0419,Sa,6,0
POI0419,Sa,7,0
POI0419,Sa,8,0
POI0419,Sa,9,0
POI0419,Sa,10,0
POI0419,Sa,11,47
POI0419,Sa,12,64
POI0419,Sa,13,75
POI0419,Sa,14,77
POI0419,Sa,15,78
POI0419,Sa,16,77
POI0419,Sa,17,72
POI0419,Sa,18,0
POI0419,Sa,19,0
POI0419,Sa,20,0
POI0419,Sa,21,0
POI0419,Sa,22,0
POI0419,Sa,23,0
POI0419,Su,6,0
POI0419,Su,7,0
POI0419,Su,8,0
POI0419,Su,9,0
POI0419,Su,10,0
POI0419,Su,11,0
POI0419,Su,12,0
POI0419,Su,13,84
POI0419,Su,14,72
POI0419,Su,15,66
POI0419,Su,16,72
POI0419,Su,17,79
POI0419,Su,18,0
POI0419,Su,19,0
POI0419,Su,20,0
POI0419,Su,21,0
POI0419,Su,22,0
POI0419,Su,23,0
POI0421,Mo,6,0
POI0421,Mo,7,0
POI0421,Mo,8,0
POI0421,Mo,9,15
POI0421,Mo,10,22
POI0421,Mo,11,28
POI0421,Mo,12,30
POI0421,Mo,13,32
POI0421,Mo,14,33
POI0421,Mo,15,35
POI0421,Mo,16,34
POI0421,Mo,17,32
POI0421,Mo,18,26
POI0421,Mo,19,0
POI0421,Mo,20,0
POI0421,Mo,21,0
POI0421,Mo,22,0
POI0421,Mo,23,0
POI0421,Tu,6,0
POI0421,Tu,7,0
POI0421,Tu,8,0
POI0421,Tu,9,14
POI0421,Tu,10,21
POI0421,Tu,11,27
POI0421,Tu,12,32
POI0421,Tu,13,35
POI0421,Tu,14,36
POI0421,Tu,15,36
POI0421,Tu,16,35
POI0421,Tu,17,31
POI0421,Tu,18,28
POI0421,Tu,19,0
POI0421,Tu,20,0
POI0421,Tu,21,0
POI0421,Tu,22,0
POI0421,Tu,23,0
POI0421,We,6,0
POI0421,We,7,0
POI0421,We,8,0
POI0421,We,9,13
POI0421,We,10,20
POI0421,We,11,28
POI0421,We,12,33
POI0421,We,13,36
POI0421,We,14,38
POI0421,We,15,39
POI0421,We,16,38
POI0421,We,17,32
POI0421,We,18,27
POI0421,We,19,0
POI0421,We,20,0
POI0421,We,21,0
POI0421,We,22,0
POI0421,We,23,0
POI0421,Th,6,0
POI0421,Th,7,0
POI0421,Th,8,0
POI0421,Th,9,12
POI0421,Th,10,21
POI0421,Th,11,32
POI0421,Th,12,37
POI0421,Th,13,39
POI0421,Th,14,42
POI0421,Th,15,43
POI0421,Th,16,43
POI0421,Th,17,38
POI0421,Th,18,31
POI0421,Th,19,0
POI0421,Th,20,0
POI0421,Th,21,0
POI0421,Th,22,0
POI0421,Th,23,0
POI0421,Fr,6,0
POI0421,Fr,7,0
POI0421,Fr,8,0
POI0421,Fr,9,19
POI0421,Fr,10,30
POI0421,Fr,11,41
POI0421,Fr,12,47
POI0421,Fr,13,51
POI0421,Fr,14,54
POI0421,Fr,15,56
POI0421,Fr,16,53
POI0421,Fr,17,47
POI0421,Fr,18,38
POI0421,Fr,19,0
POI0421,Fr,20,0
POI0421,Fr,21,0
POI0421,Fr,22,0
POI0421,Fr,23,0
POI0421,Sa,6,0
POI0421,Sa,7,0
POI0421,Sa,8,0
POI0421,Sa,9,22
POI0421,Sa,10,41
POI0421,Sa,11,61
POI0421,Sa,12,77
POI0421,Sa,13,87
POI0421,Sa,14,98
POI0421,Sa,15,100
POI0421,Sa,16,88
POI0421,Sa,17,66
POI0421,Sa,18,47
POI0421,Sa,19,0
POI0421,Sa,20,0
POI0421,Sa,21,0
POI0421,Sa,22,0
POI0421,Sa,23,0
POI0421,Su,6,0
POI0421,Su,7,0
POI0421,Su,8,0
POI0421,Su,9,24
POI0421,Su,10,40
POI0421,Su,11,55
POI0421,Su,12,65
POI0421,Su,13,67
POI0421,Su,14,66
POI0421,Su,15,61
POI0421,Su,16,52
POI0421,Su,17,39
POI0421,Su,18,28
POI0421,Su,19,0
POI0421,Su,20,0
POI0421,Su,21,0
POI0421,Su,22,0
POI0421,Su,23,0
POI0424,Tu,6,0
POI0424,Tu,7,0
POI0424,Tu,8,0
POI0424,Tu,9,0
POI0424,Tu,10,22
POI0424,Tu,11,26
POI0424,Tu,12,33
POI0424,Tu,13,40
POI0424,Tu,14,49
POI0424,Tu,15,50
POI0424,Tu,16,42
POI0424,Tu,17,0
POI0424,Tu,18,0
POI0424,Tu,19,0
POI0424,Tu,20,0
POI0424,Tu,21,0
POI0424,Tu,22,0
POI0424,Tu,23,0
POI0424,We,6,0
POI0424,We,7,0
POI0424,We,8,0
POI0424,We,9,0
POI0424,We,10,22
POI0424,We,11,31
POI0424,We,12,38
POI0424,We,13,41
POI0424,We,14,42
POI0424,We,15,40
POI0424,We,16,32
POI0424,We,17,0
POI0424,We,18,0
POI0424,We,19,0
POI0424,We,20,0
POI0424,We,21,0
POI0424,We,22,0
POI0424,We,23,0
POI0424,Th,6,0
POI0424,Th,7,0
POI0424,Th,8,0
POI0424,Th,9,0
POI0424,Th,10,20
POI0424,Th,11,30
POI0424,Th,12,40
POI0424,Th,13,42
POI0424,Th,14,43
POI0424,Th,15,42
POI0424,Th,16,36
POI0424,Th,17,0
POI0424,Th,18,0
POI0424,Th,19,0
POI0424,Th,20,0
POI0424,Th,21,0
POI0424,Th,22,0
POI0424,Th,23,0
POI0424,Fr,6,0
POI0424,Fr,7,0
POI0424,Fr,8,0
POI0424,Fr,9,0
POI0424,Fr,10,21
POI0424,Fr,11,33
POI0424,Fr,12,44
POI0424,Fr,13,53
POI0424,Fr,14,55
POI0424,Fr,15,53
POI0424,Fr,16,43
POI0424,Fr,17,0
POI0424,Fr,18,0
POI0424,Fr,19,0
POI0424,Fr,20,0
POI0424,Fr,21,0
POI0424,Fr,22,0
POI0424,Fr,23,0
POI0424,Sa,6,0
POI0424,Sa,7,0
POI0424,Sa,8,0
POI0424,Sa,9,0
POI0424,Sa,10,39
POI0424,Sa,11,59
POI0424,Sa,12,75
POI0424,Sa,13,88
POI0424,Sa,14,93
POI0424,Sa,15,100
POI0424,Sa,16,88
POI0424,Sa,17,65
POI0424,Sa,18,0
POI0424,Sa,19,0
POI0424,Sa,20,0
POI0424,Sa,21,0
POI0424,Sa,22,0
POI0424,Sa,23,0
POI0424,Su,6,0
POI0424,Su,7,0
POI0424,Su,8,0
POI0424,Su,9,0
POI0424,Su,10,36
POI0424,Su,11,58
POI0424,Su,12,76
POI0424,Su,13,90
POI0424,Su,14,99
POI0424,Su,15,98
POI0424,Su,16,85
POI0424,Su,17,61
POI0424,Su,18,0
POI0424,Su,19,0
POI0424,Su,20,0
POI0424,Su,21,0
POI0424,Su,22,0
POI0424,Su,23,0
POI0425,Mo,0,12
POI0425,Mo,1,13
POI0425,Mo,2,20
POI0425,Mo,3,18
POI0425,Mo,4,19
POI0425,Mo,5,19
POI0425,Mo,6,24
POI0425,Mo,7,25
POI0425,Mo,8,25
POI0425,Mo,9,24
POI0425,Mo,10,30
POI0425,Mo,11,26
POI0425,Mo,12,22
POI0425,Mo,13,21
POI0425,Mo,14,21
POI0425,Mo,15,26
POI0425,Mo,16,25
POI0425,Mo,17,26
POI0425,Mo,18,26
POI0425,Mo,19,26
POI0425,Mo,20,23
POI0425,Mo,21,23
POI0425,Mo,22,15
POI0425,Mo,23,13
POI0425,Tu,0,17
POI0425,Tu,1,16
POI0425,Tu,2,15
POI0425,Tu,3,13
POI0425,Tu,4,12
POI0425,Tu,5,12
POI0425,Tu,6,17
POI0425,Tu,7,18
POI0425,Tu,8,22
POI0425,Tu,9,30
POI0425,Tu,10,41
POI0425,Tu,11,47
POI0425,Tu,12,51
POI0425,Tu,13,54
POI0425,Tu,14,60
POI0425,Tu,15,65
POI0425,Tu,16,64
POI0425,Tu,17,68
POI0425,Tu,18,69
POI0425,Tu,19,53
POI0425,Tu,20,39
POI0425,Tu,21,26
POI0425,Tu,22,19
POI0425,Tu,23,16
POI0425,We,0,16
POI0425,We,1,13
POI0425,We,2,12
POI0425,We,3,16
POI0425,We,4,17
POI0425,We,5,17
POI0425,We,6,14
POI0425,We,7,13
POI0425,We,8,14
POI0425,We,9,26
POI0425,We,10,38
POI0425,We,11,47
POI0425,We,12,49
POI0425,We,13,44
POI0425,We,14,48
POI0425,We,15,52
POI0425,We,16,57
POI0425,We,17,50
POI0425,We,18,49
POI0425,We,19,35
POI0425,We,20,31
POI0425,We,21,23
POI0425,We,22,23
POI0425,We,23,20
POI0425,Th,0,18
POI0425,Th,1,15
POI0425,Th,2,17
POI0425,Th,3,13
POI0425,Th,4,14
POI0425,Th,5,13
POI0425,Th,6,20
POI0425,Th,7,27
POI0425,Th,8,34
POI0425,Th,9,39
POI0425,Th,10,39
POI0425,Th,11,44
POI0425,Th,12,45
POI0425,Th,13,50
POI0425,Th,14,52
POI0425,Th,15,44
POI0425,Th,16,43
POI0425,Th,17,44
POI0425,Th,18,40
POI0425,Th,19,35
POI0425,Th,20,35
POI0425,Th,22,30
POI0425,Th,23,21
POI0425,Fr,0,21
POI0425,Fr,1,22
POI0425,Fr,2,23
POI0425,Fr,3,28
POI0425,Fr,4,25
POI0425,Fr,5,26
POI0425,Fr,6,29
POI0425,Fr,7,22
POI0425,Fr,8,24
POI0425,Fr,9,26
POI0425,Fr,10,36
POI0425,Fr,11,43
POI0425,Fr,12,46
POI0425,Fr,13,47
POI0425,Fr,14,49
POI0425,Fr,15,50
POI0425,Fr,16,54
POI0425,Fr,17,56
POI0425,Fr,18,51
POI0425,Fr,19,40
POI0425,Fr,20,31
POI0425,Fr,21,30
POI0425,Fr,22,22
POI0425,Fr,23,19
POI0425,Sa,0,25
POI0425,Sa,1,20
POI0425,Sa,2,20
POI0425,Sa,3,14
POI0425,Sa,4,12
POI0425,Sa,5,12
POI0425,Sa,6,13
POI0425,Sa,7,13
POI0425,Sa,8,14
POI0425,Sa,9,19
POI0425,Sa,10,37
POI0425,Sa,11,55
POI0425,Sa,12,78
POI0425,Sa,13,89
POI0425,Sa,14,93
POI0425,Sa,15,91
POI0425,Sa,16,91
POI0425,Sa,17,86
POI0425,Sa,18,70
POI0425,Sa,19,48
POI0425,Sa,20,40
POI0425,Sa,21,27
POI0425,Sa,22,23
POI0425,Sa,23,19
POI0425,Su,0,14
POI0425,Su,1,16
POI0425,Su,2,20
POI0425,Su,3,22
POI0425,Su,4,26
POI0425,Su,5,22
POI0425,Su,6,22
POI0425,Su,7,17
POI0425,Su,8,26
POI0425,Su,9,43
POI0425,Su,10,73
POI0425,Su,11,97
POI0425,Su,12,100
POI0425,Su,13,93
POI0425,Su,14,89
POI0425,Su,15,86
POI0425,Su,16,86
POI0425,Su,17,82
POI0425,Su,18,66
POI0425,Su,19,50
POI0425,Su,20,40
POI0425,Su,21,30
POI0425,Su,22,21
POI0425,Su,23,15
POI0426,Mo,0,12
POI0426,Mo,1,6
POI0426,Mo,2,3
POI0426,Mo,3,4
POI0426,Mo,4,7
POI0426,Mo,5,13
POI0426,Mo,6,22
POI0426,Mo,7,32
POI0426,Mo,8,41
POI0426,Mo,9,48
POI0426,Mo,10,54
POI0426,Mo,11,61
POI0426,Mo,12,68
POI0426,Mo,13,73
POI0426,Mo,14,80
POI0426,Mo,15,87
POI0426,Mo,16,90
POI0426,Mo,17,87
POI0426,Mo,18,79
POI0426,Mo,19,65
POI0426,Mo,20,53
POI0426,Mo,21,42
POI0426,Mo,22,33
POI0426,Mo,23,23
POI0426,Tu,0,14
POI0426,Tu,1,7
POI0426,Tu,2,3
POI0426,Tu,3,4
POI0426,Tu,4,8
POI0426,Tu,5,14
POI0426,Tu,6,23
POI0426,Tu,7,34
POI0426,Tu,8,43
POI0426,Tu,9,48
POI0426,Tu,10,52
POI0426,Tu,11,58
POI0426,Tu,12,67
POI0426,Tu,13,75
POI0426,Tu,14,84
POI0426,Tu,15,92
POI0426,Tu,16,97
POI0426,Tu,17,94
POI0426,Tu,18,84
POI0426,Tu,19,71
POI0426,Tu,20,60
POI0426,Tu,21,50
POI0426,Tu,22,40
POI0426,Tu,23,28
POI0426,We,0,17
POI0426,We,1,7
POI0426,We,2,4
POI0426,We,3,5
POI0426,We,4,8
POI0426,We,5,14
POI0426,We,6,22
POI0426,We,7,32
POI0426,We,8,42
POI0426,We,9,48
POI0426,We,10,53
POI0426,We,11,60
POI0426,We,12,70
POI0426,We,13,79
POI0426,We,14,88
POI0426,We,15,96
POI0426,We,16,100
POI0426,We,17,96
POI0426,We,18,87
POI0426,We,19,74
POI0426,We,20,63
POI0426,We,21,54
POI0426,We,22,45
POI0426,We,23,31
POI0426,Th,0,18
POI0426,Th,1,8
POI0426,Th,2,4
POI0426,Th,3,4
POI0426,Th,4,7
POI0426,Th,5,14
POI0426,Th,6,21
POI0426,Th,7,30
POI0426,Th,8,39
POI0426,Th,9,47
POI0426,Th,10,55
POI0426,Th,11,63
POI0426,Th,12,71
POI0426,Th,13,78
POI0426,Th,14,85
POI0426,Th,15,92
POI0426,Th,16,96
POI0426,Th,17,95
POI0426,Th,18,89
POI0426,Th,19,76
POI0426,Th,20,65
POI0426,Th,22,48
POI0426,Th,23,34
POI0426,Fr,0,24
POI0426,Fr,1,12
POI0426,Fr,2,6
POI0426,Fr,3,5
POI0426,Fr,4,7
POI0426,Fr,5,11
POI0426,Fr,6,17
POI0426,Fr,7,24
POI0426,Fr,8,33
POI0426,Fr,9,41
POI0426,Fr,10,49
POI0426,Fr,11,58
POI0426,Fr,12,67
POI0426,Fr,13,78
POI0426,Fr,14,85
POI0426,Fr,15,91
POI0426,Fr,16,92
POI0426,Fr,17,91
POI0426,Fr,18,87
POI0426,Fr,19,78
POI0426,Fr,20,69
POI0426,Fr,21,61
POI0426,Fr,22,53
POI0426,Fr,23,40
POI0426,Sa,0,28
POI0426,Sa,1,15
POI0426,Sa,2,7
POI0426,Sa,3,4
POI0426,Sa,4,4
POI0426,Sa,5,5
POI0426,Sa,6,8
POI0426,Sa,7,13
POI0426,Sa,8,20
POI0426,Sa,9,30
POI0426,Sa,10,42
POI0426,Sa,11,53
POI0426,Sa,12,65
POI0426,Sa,13,77
POI0426,Sa,14,87
POI0426,Sa,15,93
POI0426,Sa,16,95
POI0426,Sa,17,95
POI0426,Sa,18,92
POI0426,Sa,19,84
POI0426,Sa,20,74
POI0426,Sa,21,66
POI0426,Sa,22,60
POI0426,Sa,23,46
POI0426,Su,0,13
POI0426,Su,1,6
POI0426,Su,2,3
POI0426,Su,3,3
POI0426,Su,4,4
POI0426,Su,5,5
POI0426,Su,6,7
POI0426,Su,7,10
POI0426,Su,8,17
POI0426,Su,9,27
POI0426,Su,10,40
POI0426,Su,11,52
POI0426,Su,12,63
POI0426,Su,13,70
POI0426,Su,14,77
POI0426,Su,15,82
POI0426,Su,16,83
POI0426,Su,17,81
POI0426,Su,18,76
POI0426,Su,19,66
POI0426,Su,20,55
POI0426,Su,21,45
POI0426,Su,22,36
POI0426,Su,23,25
POI0429,Tu,6,0
POI0429,Tu,7,0
POI0429,Tu,8,0
POI0429,Tu,9,0
POI0429,Tu,10,37
POI0429,Tu,11,50
POI0429,Tu,12,66
POI0429,Tu,13,74
POI0429,Tu,14,77
POI0429,Tu,15,73
POI0429,Tu,16,62
POI0429,Tu,17,44
POI0429,Tu,18,0
POI0429,Tu,19,0
POI0429,Tu,20,0
POI0429,Tu,21,0
POI0429,Tu,22,0
POI0429,Tu,23,0
POI0429,We,6,0
POI0429,We,7,0
POI0429,We,8,0
POI0429,We,9,0
POI0429,We,10,37
POI0429,We,11,49
POI0429,We,12,58
POI0429,We,13,58
POI0429,We,14,58
POI0429,We,15,53
POI0429,We,16,46
POI0429,We,17,32
POI0429,We,18,0
POI0429,We,19,0
POI0429,We,20,0
POI0429,We,21,0
POI0429,We,22,0
POI0429,We,23,0
POI0429,Th,6,0
POI0429,Th,7,0
POI0429,Th,8,0
POI0429,Th,9,0
POI0429,Th,10,32
POI0429,Th,11,45
POI0429,Th,12,56
POI0429,Th,13,64
POI0429,Th,14,67
POI0429,Th,15,64
POI0429,Th,16,57
POI0429,Th,17,42
POI0429,Th,18,0
POI0429,Th,19,0
POI0429,Th,20,0
POI0429,Th,21,0
POI0429,Th,22,0
POI0429,Th,23,0
POI0429,Fr,6,0
POI0429,Fr,7,0
POI0429,Fr,8,0
POI0429,Fr,9,0
POI0429,Fr,10,37
POI0429,Fr,11,55
POI0429,Fr,12,71
POI0429,Fr,13,78
POI0429,Fr,14,80
POI0429,Fr,15,75
POI0429,Fr,16,64
POI0429,Fr,17,44
POI0429,Fr,18,0
POI0429,Fr,19,0
POI0429,Fr,20,0
POI0429,Fr,21,0
POI0429,Fr,22,0
POI0429,Fr,23,0
POI0429,Sa,6,0
POI0429,Sa,7,0
POI0429,Sa,8,0
POI0429,Sa,9,0
POI0429,Sa,10,32
POI0429,Sa,11,52
POI0429,Sa,12,69
POI0429,Sa,13,79
POI0429,Sa,14,89
POI0429,Sa,15,86
POI0429,Sa,16,74
POI0429,Sa,17,52
POI0429,Sa,18,0
POI0429,Sa,19,0
POI0429,Sa,20,0
POI0429,Sa,21,0
POI0429,Sa,22,0
POI0429,Sa,23,0
POI0429,Su,6,0
POI0429,Su,7,0
POI0429,Su,8,0
POI0429,Su,9,0
POI0429,Su,10,36
POI0429,Su,11,61
POI0429,Su,12,83
POI0429,Su,13,96
POI0429,Su,14,100
POI0429,Su,15,93
POI0429,Su,16,78
POI0429,Su,17,57
POI0429,Su,18,0
POI0429,Su,19,0
POI0429,Su,20,0
POI0429,Su,21,0
POI0429,Su,22,0
POI0429,Su,23,0
POI0430,Mo,0,39
POI0430,Mo,1,32
POI0430,Mo,2,40
POI0430,Mo,3,29
POI0430,Mo,4,36
POI0430,Mo,5,24
POI0430,Mo,6,27
POI0430,Mo,7,31
POI0430,Mo,8,42
POI0430,Mo,9,52
POI0430,Mo,10,47
POI0430,Mo,11,44
POI0430,Mo,12,50
POI0430,Mo,13,57
POI0430,Mo,14,60
POI0430,Mo,15,54
POI0430,Mo,16,50
POI0430,Mo,17,54
POI0430,Mo,18,54
POI0430,Mo,19,45
POI0430,Mo,20,45
POI0430,Mo,21,36
POI0430,Mo,22,44
POI0430,Mo,23,40
POI0430,Tu,0,24
POI0430,Tu,1,27
POI0430,Tu,2,37
POI0430,Tu,3,40
POI0430,Tu,4,36
POI0430,Tu,5,31
POI0430,Tu,6,31
POI0430,Tu,7,29
POI0430,Tu,8,36
POI0430,Tu,9,37
POI0430,Tu,10,39
POI0430,Tu,11,47
POI0430,Tu,12,62
POI0430,Tu,13,59
POI0430,Tu,14,62
POI0430,Tu,15,57
POI0430,Tu,16,67
POI0430,Tu,17,54
POI0430,Tu,18,45
POI0430,Tu,19,36
POI0430,Tu,20,29
POI0430,Tu,21,22
POI0430,Tu,22,21
POI0430,Tu,23,19
POI0430,We,0,34
POI0430,We,1,27
POI0430,We,2,24
POI0430,We,3,18
POI0430,We,4,19
POI0430,We,5,22
POI0430,We,6,36
POI0430,We,7,29
POI0430,We,8,36
POI0430,We,9,27
POI0430,We,10,32
POI0430,We,11,32
POI0430,We,12,37
POI0430,We,13,31
POI0430,We,14,27
POI0430,We,15,26
POI0430,We,16,34
POI0430,We,17,34
POI0430,We,18,29
POI0430,We,19,26
POI0430,We,20,22
POI0430,We,21,21
POI0430,We,22,24
POI0430,We,23,27
POI0430,Th,0,29
POI0430,Th,1,29
POI0430,Th,2,26
POI0430,Th,3,22
POI0430,Th,4,18
POI0430,Th,5,24
POI0430,Th,6,31
POI0430,Th,7,44
POI0430,Th,8,32
POI0430,Th,9,37
POI0430,Th,10,29
POI0430,Th,11,32
POI0430,Th,12,26
POI0430,Th,13,31
POI0430,Th,14,40
POI0430,Th,15,59
POI0430,Th,16,50
POI0430,Th,17,45
POI0430,Th,18,31
POI0430,Th,19,26
POI0430,Th,20,29
POI0430,Th,21,26
POI0430,Th,22,22
POI0430,Fr,0,26
POI0430,Fr,1,31
POI0430,Fr,2,22
POI0430,Fr,3,27
POI0430,Fr,4,29
POI0430,Fr,5,29
POI0430,Fr,6,29
POI0430,Fr,7,32
POI0430,Fr,8,32
POI0430,Fr,9,39
POI0430,Fr,10,36
POI0430,Fr,11,40
POI0430,Fr,12,42
POI0430,Fr,13,34
POI0430,Fr,14,39
POI0430,Fr,15,47
POI0430,Fr,16,59
POI0430,Fr,17,57
POI0430,Fr,18,49
POI0430,Fr,19,50
POI0430,Fr,20,45
POI0430,Fr,21,40
POI0430,Fr,22,39
POI0430,Fr,23,32
POI0430,Sa,0,27
POI0430,Sa,1,19
POI0430,Sa,2,27
POI0430,Sa,3,27
POI0430,Sa,4,36
POI0430,Sa,5,22
POI0430,Sa,6,21
POI0430,Sa,7,24
POI0430,Sa,8,36
POI0430,Sa,9,57
POI0430,Sa,10,68
POI0430,Sa,11,73
POI0430,Sa,12,77
POI0430,Sa,13,78
POI0430,Sa,14,98
POI0430,Sa,15,96
POI0430,Sa,16,100
POI0430,Sa,17,91
POI0430,Sa,18,70
POI0430,Sa,19,55
POI0430,Sa,20,50
POI0430,Sa,21,44
POI0430,Sa,22,47
POI0430,Sa,23,36
POI0430,Su,0,32
POI0430,Su,1,34
POI0430,Su,2,42
POI0430,Su,3,44
POI0430,Su,4,44
POI0430,Su,5,27
POI0430,Su,6,22
POI0430,Su,7,29
POI0430,Su,8,27
POI0430,Su,9,32
POI0430,Su,10,29
POI0430,Su,11,31
POI0430,Su,12,39
POI0430,Su,13,42
POI0430,Su,14,54
POI0430,Su,15,57
POI0430,Su,16,62
POI0430,Su,17,62
POI0430,Su,18,59
POI0430,Su,19,44
POI0430,Su,20,32
POI0430,Su,21,31
POI0430,Su,22,31
POI0430,Su,23,27
POI0431,Mo,0,8
POI0431,Mo,1,5
POI0431,Mo,2,3
POI0431,Mo,3,3
POI0431,Mo,4,5
POI0431,Mo,5,7
POI0431,Mo,6,10
POI0431,Mo,7,14
POI0431,Mo,8,19
POI0431,Mo,9,25
POI0431,Mo,10,33
POI0431,Mo,11,41
POI0431,Mo,12,48
POI0431,Mo,13,53
POI0431,Mo,14,57
POI0431,Mo,15,61
POI0431,Mo,16,64
POI0431,Mo,17,65
POI0431,Mo,18,61
POI0431,Mo,19,52
POI0431,Mo,20,41
POI0431,Mo,21,31
POI0431,Mo,22,23
POI0431,Mo,23,16
POI0431,Tu,0,9
POI0431,Tu,1,5
POI0431,Tu,2,3
POI0431,Tu,3,4
POI0431,Tu,4,5
POI0431,Tu,5,7
POI0431,Tu,6,11
POI0431,Tu,7,15
POI0431,Tu,8,21
POI0431,Tu,9,27
POI0431,Tu,10,35
POI0431,Tu,11,43
POI0431,Tu,12,50
POI0431,Tu,13,56
POI0431,Tu,14,61
POI0431,Tu,15,66
POI0431,Tu,16,71
POI0431,Tu,17,73
POI0431,Tu,18,69
POI0431,Tu,19,58
POI0431,Tu,20,46
POI0431,Tu,21,35
POI0431,Tu,22,26
POI0431,Tu,23,18
POI0431,We,0,10
POI0431,We,1,5
POI0431,We,2,3
POI0431,We,3,3
POI0431,We,4,5
POI0431,We,5,7
POI0431,We,6,11
POI0431,We,7,15
POI0431,We,8,21
POI0431,We,9,26
POI0431,We,10,33
POI0431,We,11,41
POI0431,We,12,48
POI0431,We,13,54
POI0431,We,14,59
POI0431,We,15,64
POI0431,We,16,69
POI0431,We,17,72
POI0431,We,18,69
POI0431,We,19,59
POI0431,We,20,47
POI0431,We,21,36
POI0431,We,22,26
POI0431,We,23,18
POI0431,Th,0,12
POI0431,Th,1,7
POI0431,Th,2,4
POI0431,Th,3,4
POI0431,Th,4,5
POI0431,Th,5,7
POI0431,Th,6,11
POI0431,Th,7,15
POI0431,Th,8,20
POI0431,Th,9,26
POI0431,Th,10,34
POI0431,Th,11,42
POI0431,Th,12,50
POI0431,Th,13,56
POI0431,Th,14,62
POI0431,Th,15,67
POI0431,Th,16,71
POI0431,Th,17,73
POI0431,Th,18,69
POI0431,Th,19,60
POI0431,Th,20,49
POI0431,Th,22,31
POI0431,Th,23,22
POI0431,Fr,0,18
POI0431,Fr,1,10
POI0431,Fr,2,6
POI0431,Fr,3,5
POI0431,Fr,4,5
POI0431,Fr,5,7
POI0431,Fr,6,9
POI0431,Fr,7,12
POI0431,Fr,8,17
POI0431,Fr,9,23
POI0431,Fr,10,31
POI0431,Fr,11,39
POI0431,Fr,12,47
POI0431,Fr,13,54
POI0431,Fr,14,59
POI0431,Fr,15,64
POI0431,Fr,16,68
POI0431,Fr,17,70
POI0431,Fr,18,68
POI0431,Fr,19,62
POI0431,Fr,20,53
POI0431,Fr,21,45
POI0431,Fr,22,37
POI0431,Fr,23,29
POI0431,Sa,0,20
POI0431,Sa,1,13
POI0431,Sa,2,8
POI0431,Sa,3,6
POI0431,Sa,4,5
POI0431,Sa,5,5
POI0431,Sa,6,6
POI0431,Sa,7,8
POI0431,Sa,8,13
POI0431,Sa,9,22
POI0431,Sa,10,35
POI0431,Sa,11,51
POI0431,Sa,12,66
POI0431,Sa,13,79
POI0431,Sa,14,90
POI0431,Sa,15,96
POI0431,Sa,16,100
POI0431,Sa,17,98
POI0431,Sa,18,92
POI0431,Sa,19,79
POI0431,Sa,20,64
POI0431,Sa,21,51
POI0431,Sa,22,41
POI0431,Sa,23,32
POI0431,Su,0,8
POI0431,Su,1,5
POI0431,Su,2,3
POI0431,Su,3,3
POI0431,Su,4,4
POI0431,Su,5,5
POI0431,Su,6,5
POI0431,Su,7,7
POI0431,Su,8,10
POI0431,Su,9,14
POI0431,Su,10,20
POI0431,Su,11,25
POI0431,Su,12,30
POI0431,Su,13,35
POI0431,Su,14,38
POI0431,Su,15,41
POI0431,Su,16,41
POI0431,Su,17,41
POI0431,Su,18,39
POI0431,Su,19,37
POI0431,Su,20,33
POI0431,Su,21,29
POI0431,Su,22,22
POI0431,Su,23,16
POI0433,Mo,6,0
POI0433,Mo,7,0
POI0433,Mo,8,0
POI0433,Mo,9,0
POI0433,Mo,10,52
POI0433,Mo,11,54
POI0433,Mo,12,61
POI0433,Mo,13,66
POI0433,Mo,14,74
POI0433,Mo,15,82
POI0433,Mo,16,78
POI0433,Mo,17,62
POI0433,Mo,18,0
POI0433,Mo,19,0
POI0433,Mo,20,0
POI0433,Mo,21,0
POI0433,Mo,22,0
POI0433,Mo,23,0
POI0433,Tu,6,0
POI0433,Tu,7,0
POI0433,Tu,8,0
POI0433,Tu,9,0
POI0433,Tu,10,54
POI0433,Tu,11,66
POI0433,Tu,12,64
POI0433,Tu,13,58
POI0433,Tu,14,61
POI0433,Tu,15,71
POI0433,Tu,16,70
POI0433,Tu,17,61
POI0433,Tu,18,0
POI0433,Tu,19,0
POI0433,Tu,20,0
POI0433,Tu,21,0
POI0433,Tu,22,0
POI0433,Tu,23,0
POI0433,We,6,0
POI0433,We,7,0
POI0433,We,8,0
POI0433,We,9,0
POI0433,We,10,42
POI0433,We,11,47
POI0433,We,12,51
POI0433,We,13,58
POI0433,We,14,59
POI0433,We,15,66
POI0433,We,16,62
POI0433,We,17,57
POI0433,We,18,0
POI0433,We,19,0
POI0433,We,20,0
POI0433,We,21,0
POI0433,We,22,0
POI0433,We,23,0
POI0433,Th,6,0
POI0433,Th,7,0
POI0433,Th,8,0
POI0433,Th,9,0
POI0433,Th,10,50
POI0433,Th,11,57
POI0433,Th,12,59
POI0433,Th,13,61
POI0433,Th,14,72
POI0433,Th,15,76
POI0433,Th,16,80
POI0433,Th,17,79
POI0433,Th,18,0
POI0433,Th,19,0
POI0433,Th,20,0
POI0433,Th,21,0
POI0433,Th,22,0
POI0433,Th,23,0
POI0433,Fr,6,0
POI0433,Fr,7,0
POI0433,Fr,8,0
POI0433,Fr,9,0
POI0433,Fr,10,47
POI0433,Fr,11,61
POI0433,Fr,12,61
POI0433,Fr,13,60
POI0433,Fr,14,50
POI0433,Fr,15,45
POI0433,Fr,16,41
POI0433,Fr,17,37
POI0433,Fr,18,0
POI0433,Fr,19,0
POI0433,Fr,20,0
POI0433,Fr,21,0
POI0433,Fr,22,0
POI0433,Fr,23,0
POI0433,Su,6,0
POI0433,Su,7,0
POI0433,Su,8,0
POI0433,Su,9,0
POI0433,Su,10,50
POI0433,Su,11,75
POI0433,Su,12,95
POI0433,Su,13,100
POI0433,Su,14,93
POI0433,Su,15,79
POI0433,Su,16,69
POI0433,Su,17,63
POI0433,Su,18,46
POI0433,Su,19,0
POI0433,Su,20,0
POI0433,Su,21,0
POI0433,Su,22,0
POI0433,Su,23,0
POI0435,Tu,6,0
POI0435,Tu,7,0
POI0435,Tu,8,0
POI0435,Tu,9,0
POI0435,Tu,10,35
POI0435,Tu,11,45
POI0435,Tu,12,56
POI0435,Tu,13,60
POI0435,Tu,14,63
POI0435,Tu,15,56
POI0435,Tu,16,48
POI0435,Tu,17,33
POI0435,Tu,18,0
POI0435,Tu,19,0
POI0435,Tu,20,0
POI0435,Tu,21,0
POI0435,Tu,22,0
POI0435,Tu,23,0
POI0435,We,6,0
POI0435,We,7,0
POI0435,We,8,0
POI0435,We,9,0
POI0435,We,10,33
POI0435,We,11,44
POI0435,We,12,55
POI0435,We,13,64
POI0435,We,14,66
POI0435,We,15,65
POI0435,We,16,54
POI0435,We,17,40
POI0435,We,18,0
POI0435,We,19,0
POI0435,We,20,0
POI0435,We,21,0
POI0435,We,22,0
POI0435,We,23,0
POI0435,Th,6,0
POI0435,Th,7,0
POI0435,Th,8,0
POI0435,Th,9,0
POI0435,Th,10,40
POI0435,Th,11,54
POI0435,Th,12,63
POI0435,Th,13,62
POI0435,Th,14,59
POI0435,Th,15,53
POI0435,Th,16,50
POI0435,Th,17,39
POI0435,Th,18,0
POI0435,Th,19,0
POI0435,Th,20,0
POI0435,Th,21,0
POI0435,Th,22,0
POI0435,Th,23,0
POI0435,Fr,6,0
POI0435,Fr,7,0
POI0435,Fr,8,0
POI0435,Fr,9,0
POI0435,Fr,10,37
POI0435,Fr,11,55
POI0435,Fr,12,66
POI0435,Fr,13,68
POI0435,Fr,14,66
POI0435,Fr,15,61
POI0435,Fr,16,52
POI0435,Fr,17,40
POI0435,Fr,18,0
POI0435,Fr,19,0
POI0435,Fr,20,0
POI0435,Fr,21,0
POI0435,Fr,22,0
POI0435,Fr,23,0
POI0435,Sa,6,0
POI0435,Sa,7,0
POI0435,Sa,8,0
POI0435,Sa,9,0
POI0435,Sa,10,28
POI0435,Sa,11,47
POI0435,Sa,12,62
POI0435,Sa,13,77
POI0435,Sa,14,81
POI0435,Sa,15,81
POI0435,Sa,16,66
POI0435,Sa,17,45
POI0435,Sa,18,0
POI0435,Sa,19,0
POI0435,Sa,20,0
POI0435,Sa,21,0
POI0435,Sa,22,0
POI0435,Sa,23,0
POI0435,Su,6,0
POI0435,Su,7,0
POI0435,Su,8,0
POI0435,Su,9,0
POI0435,Su,10,36
POI0435,Su,11,58
POI0435,Su,12,78
POI0435,Su,13,94
POI0435,Su,14,100
POI0435,Su,15,100
POI0435,Su,16,88
POI0435,Su,17,66
POI0435,Su,18,0
POI0435,Su,19,0
POI0435,Su,20,0
POI0435,Su,21,0
POI0435,Su,22,0
POI0435,Su,23,0
POI0442,Mo,6,0
POI0442,Mo,7,0
POI0442,Mo,8,0
POI0442,Mo,9,0
POI0442,Mo,10,24
POI0442,Mo,11,35
POI0442,Mo,12,44
POI0442,Mo,13,48
POI0442,Mo,14,49
POI0442,Mo,15,50
POI0442,Mo,16,53
POI0442,Mo,17,54
POI0442,Mo,18,50
POI0442,Mo,19,39
POI0442,Mo,20,0
POI0442,Mo,21,0
POI0442,Mo,22,0
POI0442,Mo,23,0
POI0442,Tu,6,0
POI0442,Tu,7,0
POI0442,Tu,8,0
POI0442,Tu,9,0
POI0442,Tu,10,26
POI0442,Tu,11,38
POI0442,Tu,12,47
POI0442,Tu,13,52
POI0442,Tu,14,54
POI0442,Tu,15,56
POI0442,Tu,16,59
POI0442,Tu,17,61
POI0442,Tu,18,56
POI0442,Tu,19,43
POI0442,Tu,20,0
POI0442,Tu,21,0
POI0442,Tu,22,0
POI0442,Tu,23,0
POI0442,We,6,0
POI0442,We,7,0
POI0442,We,8,0
POI0442,We,9,0
POI0442,We,10,23
POI0442,We,11,34
POI0442,We,12,42
POI0442,We,13,46
POI0442,We,14,49
POI0442,We,15,52
POI0442,We,16,57
POI0442,We,17,60
POI0442,We,18,56
POI0442,We,19,43
POI0442,We,20,0
POI0442,We,21,0
POI0442,We,22,0
POI0442,We,23,0
POI0442,Th,6,0
POI0442,Th,7,0
POI0442,Th,8,0
POI0442,Th,9,0
POI0442,Th,10,23
POI0442,Th,11,34
POI0442,Th,12,42
POI0442,Th,13,47
POI0442,Th,14,49
POI0442,Th,15,51
POI0442,Th,16,54
POI0442,Th,17,56
POI0442,Th,18,52
POI0442,Th,19,40
POI0442,Th,20,0
POI0442,Th,21,0
POI0442,Th,22,0
POI0442,Th,23,0
POI0442,Fr,6,0
POI0442,Fr,7,0
POI0442,Fr,8,0
POI0442,Fr,9,0
POI0442,Fr,10,24
POI0442,Fr,11,34
POI0442,Fr,12,42
POI0442,Fr,13,47
POI0442,Fr,14,51
POI0442,Fr,15,55
POI0442,Fr,16,58
POI0442,Fr,17,58
POI0442,Fr,18,53
POI0442,Fr,19,41
POI0442,Fr,20,0
POI0442,Fr,21,0
POI0442,Fr,22,0
POI0442,Fr,23,0
POI0442,Sa,6,0
POI0442,Sa,7,0
POI0442,Sa,8,0
POI0442,Sa,9,0
POI0442,Sa,10,33
POI0442,Sa,11,53
POI0442,Sa,12,71
POI0442,Sa,13,86
POI0442,Sa,14,95
POI0442,Sa,15,100
POI0442,Sa,16,99
POI0442,Sa,17,92
POI0442,Sa,18,79
POI0442,Sa,19,58
POI0442,Sa,20,0
POI0442,Sa,21,0
POI0442,Sa,22,0
POI0442,Sa,23,0
POI0443,Tu,6,0
POI0443,Tu,7,0
POI0443,Tu,8,0
POI0443,Tu,9,0
POI0443,Tu,10,28
POI0443,Tu,11,31
POI0443,Tu,12,39
POI0443,Tu,13,38
POI0443,Tu,14,39
POI0443,Tu,15,39
POI0443,Tu,16,35
POI0443,Tu,17,28
POI0443,Tu,18,0
POI0443,Tu,19,0
POI0443,Tu,20,0
POI0443,Tu,21,0
POI0443,Tu,22,0
POI0443,Tu,23,0
POI0443,We,6,0
POI0443,We,7,0
POI0443,We,8,0
POI0443,We,9,0
POI0443,We,10,26
POI0443,We,11,37
POI0443,We,12,40
POI0443,We,13,40
POI0443,We,14,43
POI0443,We,15,41
POI0443,We,16,41
POI0443,We,17,36
POI0443,We,18,0
POI0443,We,19,0
POI0443,We,20,0
POI0443,We,21,0
POI0443,We,22,0
POI0443,We,23,0
POI0443,Th,6,0
POI0443,Th,7,0
POI0443,Th,8,0
POI0443,Th,9,0
POI0443,Th,10,30
POI0443,Th,11,41
POI0443,Th,12,44
POI0443,Th,13,49
POI0443,Th,14,50
POI0443,Th,15,50
POI0443,Th,16,47
POI0443,Th,17,42
POI0443,Th,18,0
POI0443,Th,19,0
POI0443,Th,20,0
POI0443,Th,21,0
POI0443,Th,22,0
POI0443,Th,23,0
POI0443,Fr,6,0
POI0443,Fr,7,0
POI0443,Fr,8,0
POI0443,Fr,9,0
POI0443,Fr,10,28
POI0443,Fr,11,33
POI0443,Fr,12,50
POI0443,Fr,13,62
POI0443,Fr,14,73
POI0443,Fr,15,80
POI0443,Fr,16,76
POI0443,Fr,17,56
POI0443,Fr,18,0
POI0443,Fr,19,0
POI0443,Fr,20,0
POI0443,Fr,21,0
POI0443,Fr,22,0
POI0443,Fr,23,0
POI0443,Sa,0,0
POI0443,Sa,1,0
POI0443,Sa,6,0
POI0443,Sa,7,0
POI0443,Sa,8,0
POI0443,Sa,9,0
POI0443,Sa,10,34
POI0443,Sa,11,50
POI0443,Sa,12,58
POI0443,Sa,13,66
POI0443,Sa,14,77
POI0443,Sa,15,82
POI0443,Sa,16,75
POI0443,Sa,17,64
POI0443,Sa,18,0
POI0443,Sa,19,0
POI0443,Sa,20,0
POI0443,Sa,21,0
POI0443,Sa,22,0
POI0443,Sa,23,0
POI0443,Su,6,0
POI0443,Su,7,0
POI0443,Su,8,0
POI0443,Su,9,0
POI0443,Su,10,33
POI0443,Su,11,44
POI0443,Su,12,59
POI0443,Su,13,81
POI0443,Su,14,95
POI0443,Su,15,100
POI0443,Su,16,83
POI0443,Su,17,55
POI0443,Su,18,0
POI0443,Su,19,0
POI0443,Su,20,0
POI0443,Su,21,0
POI0443,Su,22,0
POI0443,Su,23,0
POI0444,Tu,6,0
POI0444,Tu,7,0
POI0444,Tu,8,0
POI0444,Tu,9,0
POI0444,Tu,10,55
POI0444,Tu,11,76
POI0444,Tu,12,90
POI0444,Tu,13,94
POI0444,Tu,14,95
POI0444,Tu,15,94
POI0444,Tu,16,87
POI0444,Tu,17,69
POI0444,Tu,18,0
POI0444,Tu,19,0
POI0444,Tu,20,0
POI0444,Tu,21,0
POI0444,Tu,22,0
POI0444,Tu,23,0
POI0444,We,6,0
POI0444,We,7,0
POI0444,We,8,0
POI0444,We,9,0
POI0444,We,10,49
POI0444,We,11,68
POI0444,We,12,83
POI0444,We,13,86
POI0444,We,14,87
POI0444,We,15,85
POI0444,We,16,77
POI0444,We,17,60
POI0444,We,18,0
POI0444,We,19,0
POI0444,We,20,0
POI0444,We,21,0
POI0444,We,22,0
POI0444,We,23,0
POI0444,Th,6,0
POI0444,Th,7,0
POI0444,Th,8,0
POI0444,Th,9,0
POI0444,Th,10,54
POI0444,Th,11,75
POI0444,Th,12,84
POI0444,Th,13,88
POI0444,Th,14,87
POI0444,Th,15,87
POI0444,Th,16,81
POI0444,Th,17,64
POI0444,Th,18,0
POI0444,Th,19,0
POI0444,Th,20,0
POI0444,Th,21,0
POI0444,Th,22,0
POI0444,Th,23,0
POI0444,Fr,6,0
POI0444,Fr,7,0
POI0444,Fr,8,0
POI0444,Fr,9,0
POI0444,Fr,10,51
POI0444,Fr,11,72
POI0444,Fr,12,85
POI0444,Fr,13,93
POI0444,Fr,14,92
POI0444,Fr,15,91
POI0444,Fr,16,81
POI0444,Fr,17,65
POI0444,Fr,18,0
POI0444,Fr,19,0
POI0444,Fr,20,0
POI0444,Fr,21,0
POI0444,Fr,22,0
POI0444,Fr,23,0
POI0444,Sa,6,0
POI0444,Sa,7,0
POI0444,Sa,8,0
POI0444,Sa,9,0
POI0444,Sa,10,45
POI0444,Sa,11,63
POI0444,Sa,12,78
POI0444,Sa,13,86
POI0444,Sa,14,94
POI0444,Sa,15,100
POI0444,Sa,16,95
POI0444,Sa,17,75
POI0444,Sa,18,0
POI0444,Sa,19,0
POI0444,Sa,20,0
POI0444,Sa,21,0
POI0444,Sa,22,0
POI0444,Sa,23,0
POI0444,Su,6,0
POI0444,Su,7,0
POI0444,Su,8,0
POI0444,Su,9,0
POI0444,Su,10,40
POI0444,Su,11,63
POI0444,Su,12,79
POI0444,Su,13,87
POI0444,Su,14,94
POI0444,Su,15,97
POI0444,Su,16,93
POI0444,Su,17,74
POI0444,Su,18,0
POI0444,Su,19,0
POI0444,Su,20,0
POI0444,Su,21,0
POI0444,Su,22,0
POI0444,Su,23,0
POI0449,Mo,5,0
POI0449,Mo,6,8
POI0449,Mo,7,11
POI0449,Mo,8,13
POI0449,Mo,9,15
POI0449,Mo,10,16
POI0449,Mo,11,17
POI0449,Mo,12,18
POI0449,Mo,13,20
POI0449,Mo,14,23
POI0449,Mo,15,26
POI0449,Mo,16,29
POI0449,Mo,17,30
POI0449,Mo,18,30
POI0449,Mo,19,26
POI0449,Mo,20,23
POI0449,Mo,21,19
POI0449,Mo,22,0
POI0449,Tu,5,0
POI0449,Tu,6,8
POI0449,Tu,7,10
POI0449,Tu,8,13
POI0449,Tu,9,14
POI0449,Tu,10,16
POI0449,Tu,11,18
POI0449,Tu,12,20
POI0449,Tu,13,22
POI0449,Tu,14,24
POI0449,Tu,15,27
POI0449,Tu,16,31
POI0449,Tu,17,34
POI0449,Tu,18,33
POI0449,Tu,19,30
POI0449,Tu,20,25
POI0449,Tu,21,20
POI0449,Tu,22,0
POI0449,We,5,0
POI0449,We,6,8
POI0449,We,7,10
POI0449,We,8,12
POI0449,We,9,13
POI0449,We,10,14
POI0449,We,11,16
POI0449,We,12,18
POI0449,We,13,21
POI0449,We,14,25
POI0449,We,15,30
POI0449,We,16,35
POI0449,We,17,39
POI0449,We,18,39
POI0449,We,19,35
POI0449,We,20,28
POI0449,We,21,22
POI0449,We,22,0
POI0449,Th,5,0
POI0449,Th,6,7
POI0449,Th,7,10
POI0449,Th,8,11
POI0449,Th,9,13
POI0449,Th,10,14
POI0449,Th,11,16
POI0449,Th,12,18
POI0449,Th,13,21
POI0449,Th,14,25
POI0449,Th,15,31
POI0449,Th,16,36
POI0449,Th,17,40
POI0449,Th,18,39
POI0449,Th,19,34
POI0449,Th,20,28
POI0449,Th,22,0
POI0449,Fr,5,0
POI0449,Fr,6,7
POI0449,Fr,7,10
POI0449,Fr,8,12
POI0449,Fr,9,16
POI0449,Fr,10,19
POI0449,Fr,11,23
POI0449,Fr,12,28
POI0449,Fr,13,34
POI0449,Fr,14,40
POI0449,Fr,15,47
POI0449,Fr,16,53
POI0449,Fr,17,55
POI0449,Fr,18,52
POI0449,Fr,19,44
POI0449,Fr,20,34
POI0449,Fr,21,25
POI0449,Fr,22,0
POI0449,Sa,5,0
POI0449,Sa,6,4
POI0449,Sa,7,7
POI0449,Sa,8,11
POI0449,Sa,9,18
POI0449,Sa,10,26
POI0449,Sa,11,36
POI0449,Sa,12,48
POI0449,Sa,13,61
POI0449,Sa,14,76
POI0449,Sa,15,91
POI0449,Sa,16,100
POI0449,Sa,17,96
POI0449,Sa,18,82
POI0449,Sa,19,64
POI0449,Sa,20,47
POI0449,Sa,21,33
POI0449,Sa,22,0
POI0449,Su,5,0
POI0449,Su,6,6
POI0449,Su,7,8
POI0449,Su,8,10
POI0449,Su,9,16
POI0449,Su,10,23
POI0449,Su,11,34
POI0449,Su,12,48
POI0449,Su,13,63
POI0449,Su,14,77
POI0449,Su,15,87
POI0449,Su,16,90
POI0449,Su,17,82
POI0449,Su,18,68
POI0449,Su,19,50
POI0449,Su,20,35
POI0449,Su,21,24
POI0449,Su,22,0
POI0452,Mo,0,8
POI0452,Mo,1,5
POI0452,Mo,2,3
POI0452,Mo,3,3
POI0452,Mo,4,3
POI0452,Mo,5,3
POI0452,Mo,6,5
POI0452,Mo,7,8
POI0452,Mo,8,12
POI0452,Mo,9,18
POI0452,Mo,10,25
POI0452,Mo,11,30
POI0452,Mo,12,35
POI0452,Mo,13,38
POI0452,Mo,14,39
POI0452,Mo,15,39
POI0452,Mo,16,38
POI0452,Mo,17,37
POI0452,Mo,18,34
POI0452,Mo,19,29
POI0452,Mo,20,26
POI0452,Mo,21,22
POI0452,Mo,22,19
POI0452,Mo,23,15
POI0452,Tu,0,10
POI0452,Tu,1,5
POI0452,Tu,2,3
POI0452,Tu,3,3
POI0452,Tu,4,3
POI0452,Tu,5,4
POI0452,Tu,6,6
POI0452,Tu,7,10
POI0452,Tu,8,17
POI0452,Tu,9,25
POI0452,Tu,10,32
POI0452,Tu,11,36
POI0452,Tu,12,39
POI0452,Tu,13,40
POI0452,Tu,14,40
POI0452,Tu,15,41
POI0452,Tu,16,44
POI0452,Tu,17,46
POI0452,Tu,18,46
POI0452,Tu,19,41
POI0452,Tu,20,35
POI0452,Tu,21,30
POI0452,Tu,22,25
POI0452,Tu,23,18
POI0452,We,0,11
POI0452,We,1,7
POI0452,We,2,4
POI0452,We,3,3
POI0452,We,4,3
POI0452,We,5,4
POI0452,We,6,7
POI0452,We,7,10
POI0452,We,8,15
POI0452,We,9,23
POI0452,We,10,30
POI0452,We,11,36
POI0452,We,12,41
POI0452,We,13,45
POI0452,We,14,46
POI0452,We,15,46
POI0452,We,16,48
POI0452,We,17,50
POI0452,We,18,48
POI0452,We,19,43
POI0452,We,20,36
POI0452,We,21,31
POI0452,We,22,26
POI0452,We,23,19
POI0452,Th,0,19
POI0452,Th,1,12
POI0452,Th,2,7
POI0452,Th,3,5
POI0452,Th,4,4
POI0452,Th,5,4
POI0452,Th,6,5
POI0452,Th,7,8
POI0452,Th,8,12
POI0452,Th,9,19
POI0452,Th,10,27
POI0452,Th,11,34
POI0452,Th,12,40
POI0452,Th,13,44
POI0452,Th,14,47
POI0452,Th,15,51
POI0452,Th,16,55
POI0452,Th,17,58
POI0452,Th,18,55
POI0452,Th,19,50
POI0452,Th,20,44
POI0452,Th,22,34
POI0452,Th,23,29
POI0452,Fr,0,50
POI0452,Fr,1,32
POI0452,Fr,2,17
POI0452,Fr,3,10
POI0452,Fr,4,6
POI0452,Fr,5,5
POI0452,Fr,6,5
POI0452,Fr,7,8
POI0452,Fr,8,12
POI0452,Fr,9,19
POI0452,Fr,10,27
POI0452,Fr,11,36
POI0452,Fr,12,44
POI0452,Fr,13,50
POI0452,Fr,14,58
POI0452,Fr,15,64
POI0452,Fr,16,68
POI0452,Fr,17,71
POI0452,Fr,18,70
POI0452,Fr,19,67
POI0452,Fr,20,66
POI0452,Fr,21,73
POI0452,Fr,22,78
POI0452,Fr,23,74
POI0452,Sa,0,63
POI0452,Sa,1,43
POI0452,Sa,2,26
POI0452,Sa,3,17
POI0452,Sa,4,10
POI0452,Sa,5,8
POI0452,Sa,6,7
POI0452,Sa,7,8
POI0452,Sa,8,11
POI0452,Sa,9,18
POI0452,Sa,10,30
POI0452,Sa,11,45
POI0452,Sa,12,58
POI0452,Sa,13,70
POI0452,Sa,14,81
POI0452,Sa,15,90
POI0452,Sa,16,98
POI0452,Sa,17,100
POI0452,Sa,18,95
POI0452,Sa,19,87
POI0452,Sa,20,82
POI0452,Sa,21,86
POI0452,Sa,22,93
POI0452,Sa,23,89
POI0452,Su,0,10
POI0452,Su,1,6
POI0452,Su,2,5
POI0452,Su,3,5
POI0452,Su,4,7
POI0452,Su,5,6
POI0452,Su,6,7
POI0452,Su,7,7
POI0452,Su,8,12
POI0452,Su,9,19
POI0452,Su,10,29
POI0452,Su,11,41
POI0452,Su,12,52
POI0452,Su,13,60
POI0452,Su,14,65
POI0452,Su,15,67
POI0452,Su,16,67
POI0452,Su,17,66
POI0452,Su,18,61
POI0452,Su,19,53
POI0452,Su,20,43
POI0452,Su,21,33
POI0452,Su,22,24
POI0452,Su,23,17
POI0453,Mo,6,0
POI0453,Mo,7,0
POI0453,Mo,8,0
POI0453,Mo,9,0
POI0453,Mo,10,24
POI0453,Mo,11,36
POI0453,Mo,12,47
POI0453,Mo,13,52
POI0453,Mo,14,53
POI0453,Mo,15,53
POI0453,Mo,16,52
POI0453,Mo,17,51
POI0453,Mo,18,45
POI0453,Mo,19,34
POI0453,Mo,20,0
POI0453,Mo,21,0
POI0453,Mo,22,0
POI0453,Mo,23,0
POI0453,Tu,6,0
POI0453,Tu,7,0
POI0453,Tu,8,0
POI0453,Tu,9,0
POI0453,Tu,10,25
POI0453,Tu,11,38
POI0453,Tu,12,50
POI0453,Tu,13,54
POI0453,Tu,14,54
POI0453,Tu,15,55
POI0453,Tu,16,56
POI0453,Tu,17,57
POI0453,Tu,18,52
POI0453,Tu,19,41
POI0453,Tu,20,0
POI0453,Tu,21,0
POI0453,Tu,22,0
POI0453,Tu,23,0
POI0453,We,6,0
POI0453,We,7,0
POI0453,We,8,0
POI0453,We,9,0
POI0453,We,10,25
POI0453,We,11,37
POI0453,We,12,49
POI0453,We,13,54
POI0453,We,14,56
POI0453,We,15,56
POI0453,We,16,57
POI0453,We,17,56
POI0453,We,18,51
POI0453,We,19,40
POI0453,We,20,0
POI0453,We,21,0
POI0453,We,22,0
POI0453,We,23,0
POI0453,Th,6,0
POI0453,Th,7,0
POI0453,Th,8,0
POI0453,Th,9,0
POI0453,Th,10,24
POI0453,Th,11,35
POI0453,Th,12,46
POI0453,Th,13,50
POI0453,Th,14,51
POI0453,Th,15,52
POI0453,Th,16,53
POI0453,Th,17,53
POI0453,Th,18,49
POI0453,Th,19,39
POI0453,Th,20,0
POI0453,Th,21,0
POI0453,Th,22,0
POI0453,Th,23,0
POI0453,Fr,6,0
POI0453,Fr,7,0
POI0453,Fr,8,0
POI0453,Fr,9,0
POI0453,Fr,10,22
POI0453,Fr,11,32
POI0453,Fr,12,42
POI0453,Fr,13,48
POI0453,Fr,14,52
POI0453,Fr,15,55
POI0453,Fr,16,57
POI0453,Fr,17,57
POI0453,Fr,18,52
POI0453,Fr,19,40
POI0453,Fr,20,0
POI0453,Fr,21,0
POI0453,Fr,22,0
POI0453,Fr,23,0
POI0453,Sa,6,0
POI0453,Sa,7,0
POI0453,Sa,8,0
POI0453,Sa,9,0
POI0453,Sa,10,30
POI0453,Sa,11,49
POI0453,Sa,12,68
POI0453,Sa,13,82
POI0453,Sa,14,92
POI0453,Sa,15,97
POI0453,Sa,16,100
POI0453,Sa,17,95
POI0453,Sa,18,83
POI0453,Sa,19,62
POI0453,Sa,20,0
POI0453,Sa,21,0
POI0453,Sa,22,0
POI0453,Sa,23,0
POI0459,Tu,6,0
POI0459,Tu,7,0
POI0459,Tu,8,0
POI0459,Tu,9,36
POI0459,Tu,10,53
POI0459,Tu,11,67
POI0459,Tu,12,73
POI0459,Tu,13,74
POI0459,Tu,14,69
POI0459,Tu,15,60
POI0459,Tu,16,49
POI0459,Tu,17,33
POI0459,Tu,18,0
POI0459,Tu,19,0
POI0459,Tu,20,0
POI0459,Tu,21,0
POI0459,Tu,22,0
POI0459,Tu,23,0
POI0459,We,6,0
POI0459,We,7,0
POI0459,We,8,0
POI0459,We,9,32
POI0459,We,10,49
POI0459,We,11,62
POI0459,We,12,70
POI0459,We,13,68
POI0459,We,14,62
POI0459,We,15,55
POI0459,We,16,44
POI0459,We,17,31
POI0459,We,18,0
POI0459,We,19,0
POI0459,We,20,0
POI0459,We,21,0
POI0459,We,22,0
POI0459,We,23,0
POI0459,Th,6,0
POI0459,Th,7,0
POI0459,Th,8,0
POI0459,Th,9,36
POI0459,Th,10,55
POI0459,Th,11,70
POI0459,Th,12,73
POI0459,Th,13,72
POI0459,Th,14,66
POI0459,Th,15,60
POI0459,Th,16,48
POI0459,Th,17,34
POI0459,Th,18,0
POI0459,Th,19,0
POI0459,Th,20,0
POI0459,Th,21,0
POI0459,Th,22,0
POI0459,Th,23,0
POI0459,Fr,6,0
POI0459,Fr,7,0
POI0459,Fr,8,0
POI0459,Fr,9,28
POI0459,Fr,10,47
POI0459,Fr,11,63
POI0459,Fr,12,70
POI0459,Fr,13,69
POI0459,Fr,14,66
POI0459,Fr,15,62
POI0459,Fr,16,49
POI0459,Fr,17,34
POI0459,Fr,18,0
POI0459,Fr,19,0
POI0459,Fr,20,0
POI0459,Fr,21,0
POI0459,Fr,22,0
POI0459,Fr,23,0
POI0459,Sa,6,0
POI0459,Sa,7,0
POI0459,Sa,8,0
POI0459,Sa,9,0
POI0459,Sa,10,44
POI0459,Sa,11,69
POI0459,Sa,12,85
POI0459,Sa,13,89
POI0459,Sa,14,85
POI0459,Sa,15,76
POI0459,Sa,16,60
POI0459,Sa,17,41
POI0459,Sa,18,0
POI0459,Sa,19,0
POI0459,Sa,20,0
POI0459,Sa,21,0
POI0459,Sa,22,0
POI0459,Sa,23,0
POI0459,Su,6,0
POI0459,Su,7,0
POI0459,Su,8,0
POI0459,Su,9,0
POI0459,Su,10,47
POI0459,Su,11,73
POI0459,Su,12,91
POI0459,Su,13,100
POI0459,Su,14,95
POI0459,Su,15,86
POI0459,Su,16,68
POI0459,Su,17,46
POI0459,Su,18,0
POI0459,Su,19,0
POI0459,Su,20,0
POI0459,Su,21,0
POI0459,Su,22,0
POI0459,Su,23,0
POI0464,Mo,6,0
POI0464,Mo,7,0
POI0464,Mo,8,0
POI0464,Mo,9,0
POI0464,Mo,10,30
POI0464,Mo,11,42
POI0464,Mo,12,52
POI0464,Mo,13,56
POI0464,Mo,14,57
POI0464,Mo,15,56
POI0464,Mo,16,52
POI0464,Mo,17,41
POI0464,Mo,18,30
POI0464,Mo,19,0
POI0464,Mo,20,0
POI0464,Mo,21,0
POI0464,Mo,22,0
POI0464,Mo,23,0
POI0464,We,6,0
POI0464,We,7,0
POI0464,We,8,0
POI0464,We,9,0
POI0464,We,10,32
POI0464,We,11,45
POI0464,We,12,52
POI0464,We,13,55
POI0464,We,14,54
POI0464,We,15,54
POI0464,We,16,51
POI0464,We,17,44
POI0464,We,18,32
POI0464,We,19,0
POI0464,We,20,0
POI0464,We,21,0
POI0464,We,22,0
POI0464,We,23,0
POI0464,Th,6,0
POI0464,Th,7,0
POI0464,Th,8,0
POI0464,Th,9,0
POI0464,Th,10,33
POI0464,Th,11,49
POI0464,Th,12,60
POI0464,Th,13,64
POI0464,Th,14,64
POI0464,Th,15,64
POI0464,Th,16,60
POI0464,Th,17,50
POI0464,Th,18,37
POI0464,Th,19,0
POI0464,Th,20,0
POI0464,Th,21,0
POI0464,Th,22,0
POI0464,Th,23,0
POI0464,Fr,6,0
POI0464,Fr,7,0
POI0464,Fr,8,0
POI0464,Fr,9,0
POI0464,Fr,10,30
POI0464,Fr,11,46
POI0464,Fr,12,60
POI0464,Fr,13,68
POI0464,Fr,14,71
POI0464,Fr,15,71
POI0464,Fr,16,66
POI0464,Fr,17,56
POI0464,Fr,18,42
POI0464,Fr,19,0
POI0464,Fr,20,0
POI0464,Fr,21,0
POI0464,Fr,22,0
POI0464,Fr,23,0
POI0464,Sa,6,0
POI0464,Sa,7,0
POI0464,Sa,8,0
POI0464,Sa,9,0
POI0464,Sa,10,28
POI0464,Sa,11,50
POI0464,Sa,12,71
POI0464,Sa,13,87
POI0464,Sa,14,94
POI0464,Sa,15,100
POI0464,Sa,16,97
POI0464,Sa,17,84
POI0464,Sa,18,60
POI0464,Sa,19,0
POI0464,Sa,20,0
POI0464,Sa,21,0
POI0464,Sa,22,0
POI0464,Sa,23,0
POI0464,Su,6,0
POI0464,Su,7,0
POI0464,Su,8,0
POI0464,Su,9,0
POI0464,Su,10,27
POI0464,Su,11,47
POI0464,Su,12,67
POI0464,Su,13,82
POI0464,Su,14,91
POI0464,Su,15,95
POI0464,Su,16,88
POI0464,Su,17,73
POI0464,Su,18,48
POI0464,Su,19,0
POI0464,Su,20,0
POI0464,Su,21,0
POI0464,Su,22,0
POI0464,Su,23,0
POI0465,Mo,0,60
POI0465,Mo,1,60
POI0465,Mo,2,40
POI0465,Mo,3,40
POI0465,Mo,4,33
POI0465,Mo,5,26
POI0465,Mo,6,26
POI0465,Mo,7,40
POI0465,Mo,8,53
POI0465,Mo,9,46
POI0465,Mo,10,40
POI0465,Mo,11,40
POI0465,Mo,12,60
POI0465,Mo,13,60
POI0465,Mo,14,53
POI0465,Mo,15,40
POI0465,Mo,16,60
POI0465,Mo,17,73
POI0465,Mo,18,73
POI0465,Mo,19,53
POI0465,Mo,20,60
POI0465,Mo,21,46
POI0465,Mo,22,53
POI0465,Mo,23,66
POI0465,Tu,0,26
POI0465,Tu,1,40
POI0465,Tu,2,60
POI0465,Tu,3,66
POI0465,Tu,4,86
POI0465,Tu,5,66
POI0465,Tu,6,73
POI0465,Tu,7,66
POI0465,Tu,8,60
POI0465,Tu,9,60
POI0465,Tu,10,60
POI0465,Tu,11,80
POI0465,Tu,12,66
POI0465,Tu,13,80
POI0465,Tu,14,66
POI0465,Tu,15,60
POI0465,Tu,16,40
POI0465,Tu,17,40
POI0465,Tu,18,40
POI0465,Tu,19,53
POI0465,Tu,20,46
POI0465,Tu,21,40
POI0465,Tu,22,20
POI0465,Tu,23,13
POI0465,We,0,60
POI0465,We,1,46
POI0465,We,2,53
POI0465,We,3,53
POI0465,We,4,86
POI0465,We,5,66
POI0465,We,6,60
POI0465,We,7,40
POI0465,We,8,40
POI0465,We,9,33
POI0465,We,10,60
POI0465,We,11,80
POI0465,We,12,86
POI0465,We,13,80
POI0465,We,14,93
POI0465,We,15,66
POI0465,We,16,66
POI0465,We,17,66
POI0465,We,18,100
POI0465,We,19,73
POI0465,We,20,86
POI0465,We,21,66
POI0465,We,22,100
POI0465,We,23,60
POI0465,Th,0,40
POI0465,Th,1,40
POI0465,Th,2,40
POI0465,Th,3,33
POI0465,Th,4,33
POI0465,Th,5,33
POI0465,Th,6,26
POI0465,Th,7,20
POI0465,Th,8,26
POI0465,Th,9,26
POI0465,Th,10,40
POI0465,Th,11,40
POI0465,Th,12,40
POI0465,Th,13,53
POI0465,Th,14,53
POI0465,Th,15,46
POI0465,Th,16,26
POI0465,Th,17,20
POI0465,Th,18,26
POI0465,Th,19,46
POI0465,Th,20,40
POI0465,Th,21,46
POI0465,Th,22,60
POI0465,Th,23,53
POI0465,Fr,0,60
POI0465,Fr,1,46
POI0465,Fr,2,26
POI0465,Fr,3,13
POI0465,Fr,4,6
POI0465,Fr,5,20
POI0465,Fr,6,20
POI0465,Fr,7,26
POI0465,Fr,8,26
POI0465,Fr,9,33
POI0465,Fr,10,53
POI0465,Fr,11,60
POI0465,Fr,12,46
POI0465,Fr,13,33
POI0465,Fr,14,26
POI0465,Fr,15,20
POI0465,Fr,16,33
POI0465,Fr,17,40
POI0465,Fr,18,60
POI0465,Fr,19,33
POI0465,Fr,20,33
POI0465,Fr,21,26
POI0465,Fr,22,46
POI0465,Fr,23,46
POI0465,Sa,0,33
POI0465,Sa,1,33
POI0465,Sa,2,53
POI0465,Sa,3,66
POI0465,Sa,4,60
POI0465,Sa,5,53
POI0465,Sa,6,46
POI0465,Sa,7,60
POI0465,Sa,8,40
POI0465,Sa,9,33
POI0465,Sa,10,33
POI0465,Sa,11,46
POI0465,Sa,12,53
POI0465,Sa,13,46
POI0465,Sa,14,53
POI0465,Sa,15,53
POI0465,Sa,16,53
POI0465,Sa,17,73
POI0465,Sa,18,86
POI0465,Sa,19,93
POI0465,Sa,20,46
POI0465,Sa,21,26
POI0465,Sa,22,13
POI0465,Sa,23,20
POI0465,Su,0,60
POI0465,Su,1,60
POI0465,Su,2,66
POI0465,Su,3,46
POI0465,Su,4,53
POI0465,Su,5,40
POI0465,Su,6,46
POI0465,Su,7,46
POI0465,Su,8,40
POI0465,Su,9,20
POI0465,Su,10,13
POI0465,Su,11,6
POI0465,Su,12,13
POI0465,Su,13,20
POI0465,Su,14,53
POI0465,Su,15,53
POI0465,Su,16,53
POI0465,Su,17,46
POI0465,Su,18,53
POI0465,Su,19,73
POI0465,Su,20,46
POI0465,Su,21,46
POI0465,Su,22,46
POI0465,Su,23,53
POI0469,Mo,0,7
POI0469,Mo,1,4
POI0469,Mo,2,3
POI0469,Mo,3,4
POI0469,Mo,4,5
POI0469,Mo,5,6
POI0469,Mo,6,7
POI0469,Mo,7,9
POI0469,Mo,8,12
POI0469,Mo,9,16
POI0469,Mo,10,23
POI0469,Mo,11,30
POI0469,Mo,12,34
POI0469,Mo,13,36
POI0469,Mo,14,37
POI0469,Mo,15,39
POI0469,Mo,16,40
POI0469,Mo,17,43
POI0469,Mo,18,43
POI0469,Mo,19,41
POI0469,Mo,20,35
POI0469,Mo,21,26
POI0469,Mo,22,18
POI0469,Mo,23,12
POI0469,Tu,0,9
POI0469,Tu,1,6
POI0469,Tu,2,3
POI0469,Tu,3,4
POI0469,Tu,4,5
POI0469,Tu,5,7
POI0469,Tu,6,10
POI0469,Tu,7,12
POI0469,Tu,8,14
POI0469,Tu,9,19
POI0469,Tu,10,24
POI0469,Tu,11,29
POI0469,Tu,12,32
POI0469,Tu,13,33
POI0469,Tu,14,35
POI0469,Tu,15,38
POI0469,Tu,16,44
POI0469,Tu,17,48
POI0469,Tu,18,49
POI0469,Tu,19,44
POI0469,Tu,20,35
POI0469,Tu,21,27
POI0469,Tu,22,20
POI0469,Tu,23,15
POI0469,We,0,7
POI0469,We,1,4
POI0469,We,2,4
POI0469,We,3,4
POI0469,We,4,5
POI0469,We,5,6
POI0469,We,6,8
POI0469,We,7,11
POI0469,We,8,17
POI0469,We,9,20
POI0469,We,10,23
POI0469,We,11,27
POI0469,We,12,32
POI0469,We,13,36
POI0469,We,14,39
POI0469,We,15,43
POI0469,We,16,47
POI0469,We,17,52
POI0469,We,18,53
POI0469,We,19,46
POI0469,We,20,36
POI0469,We,21,27
POI0469,We,22,19
POI0469,We,23,12
POI0469,Th,0,15
POI0469,Th,1,10
POI0469,Th,2,8
POI0469,Th,3,6
POI0469,Th,4,5
POI0469,Th,5,6
POI0469,Th,6,9
POI0469,Th,7,12
POI0469,Th,8,15
POI0469,Th,9,19
POI0469,Th,10,23
POI0469,Th,11,27
POI0469,Th,12,32
POI0469,Th,13,38
POI0469,Th,14,43
POI0469,Th,15,48
POI0469,Th,16,53
POI0469,Th,17,54
POI0469,Th,18,54
POI0469,Th,19,50
POI0469,Th,20,43
POI0469,Th,22,30
POI0469,Th,23,24
POI0469,Fr,0,15
POI0469,Fr,1,10
POI0469,Fr,2,6
POI0469,Fr,3,5
POI0469,Fr,4,5
POI0469,Fr,5,6
POI0469,Fr,6,8
POI0469,Fr,7,11
POI0469,Fr,8,14
POI0469,Fr,9,20
POI0469,Fr,10,27
POI0469,Fr,11,33
POI0469,Fr,12,40
POI0469,Fr,13,44
POI0469,Fr,14,51
POI0469,Fr,15,58
POI0469,Fr,16,67
POI0469,Fr,17,70
POI0469,Fr,18,67
POI0469,Fr,19,59
POI0469,Fr,20,48
POI0469,Fr,21,40
POI0469,Fr,22,31
POI0469,Fr,23,24
POI0469,Sa,0,17
POI0469,Sa,1,11
POI0469,Sa,2,8
POI0469,Sa,3,6
POI0469,Sa,4,6
POI0469,Sa,5,6
POI0469,Sa,6,6
POI0469,Sa,7,7
POI0469,Sa,8,11
POI0469,Sa,9,18
POI0469,Sa,10,29
POI0469,Sa,11,40
POI0469,Sa,12,52
POI0469,Sa,13,64
POI0469,Sa,14,80
POI0469,Sa,15,92
POI0469,Sa,16,100
POI0469,Sa,17,99
POI0469,Sa,18,87
POI0469,Sa,19,71
POI0469,Sa,20,54
POI0469,Sa,21,43
POI0469,Sa,22,34
POI0469,Sa,23,27
POI0469,Su,0,8
POI0469,Su,1,6
POI0469,Su,2,5
POI0469,Su,3,6
POI0469,Su,4,6
POI0469,Su,5,6
POI0469,Su,6,5
POI0469,Su,7,8
POI0469,Su,8,10
POI0469,Su,9,17
POI0469,Su,10,26
POI0469,Su,11,37
POI0469,Su,12,54
POI0469,Su,13,68
POI0469,Su,14,85
POI0469,Su,15,94
POI0469,Su,16,94
POI0469,Su,17,83
POI0469,Su,18,70
POI0469,Su,19,54
POI0469,Su,20,41
POI0469,Su,21,29
POI0469,Su,22,21
POI0469,Su,23,14
POI0470,Mo,6,0
POI0470,Mo,7,0
POI0470,Mo,8,0
POI0470,Mo,9,0
POI0470,Mo,10,36
POI0470,Mo,11,55
POI0470,Mo,12,66
POI0470,Mo,13,67
POI0470,Mo,14,63
POI0470,Mo,15,59
POI0470,Mo,16,55
POI0470,Mo,17,49
POI0470,Mo,18,37
POI0470,Mo,19,23
POI0470,Mo,20,0
POI0470,Mo,21,0
POI0470,Mo,22,0
POI0470,Mo,23,0
POI0470,Tu,6,0
POI0470,Tu,7,0
POI0470,Tu,8,0
POI0470,Tu,9,0
POI0470,Tu,10,34
POI0470,Tu,11,49
POI0470,Tu,12,58
POI0470,Tu,13,61
POI0470,Tu,14,62
POI0470,Tu,15,61
POI0470,Tu,16,57
POI0470,Tu,17,52
POI0470,Tu,18,43
POI0470,Tu,19,29
POI0470,Tu,20,0
POI0470,Tu,21,0
POI0470,Tu,22,0
POI0470,Tu,23,0
POI0470,We,6,0
POI0470,We,7,0
POI0470,We,8,0
POI0470,We,9,0
POI0470,We,10,37
POI0470,We,11,54
POI0470,We,12,63
POI0470,We,13,65
POI0470,We,14,66
POI0470,We,15,65
POI0470,We,16,62
POI0470,We,17,52
POI0470,We,18,40
POI0470,We,19,25
POI0470,We,20,0
POI0470,We,21,0
POI0470,We,22,0
POI0470,We,23,0
POI0470,Th,6,0
POI0470,Th,7,0
POI0470,Th,8,0
POI0470,Th,9,0
POI0470,Th,10,38
POI0470,Th,11,55
POI0470,Th,12,66
POI0470,Th,13,68
POI0470,Th,14,66
POI0470,Th,15,64
POI0470,Th,16,63
POI0470,Th,17,57
POI0470,Th,18,45
POI0470,Th,19,29
POI0470,Th,20,0
POI0470,Th,21,0
POI0470,Th,22,0
POI0470,Th,23,0
POI0470,Fr,6,0
POI0470,Fr,7,0
POI0470,Fr,8,0
POI0470,Fr,9,0
POI0470,Fr,10,45
POI0470,Fr,11,66
POI0470,Fr,12,79
POI0470,Fr,13,83
POI0470,Fr,14,81
POI0470,Fr,15,80
POI0470,Fr,16,76
POI0470,Fr,17,67
POI0470,Fr,18,52
POI0470,Fr,19,34
POI0470,Fr,20,0
POI0470,Fr,21,0
POI0470,Fr,22,0
POI0470,Fr,23,0
POI0470,Sa,6,0
POI0470,Sa,7,0
POI0470,Sa,8,0
POI0470,Sa,9,0
POI0470,Sa,10,45
POI0470,Sa,11,73
POI0470,Sa,12,93
POI0470,Sa,13,100
POI0470,Sa,14,97
POI0470,Sa,15,93
POI0470,Sa,16,86
POI0470,Sa,17,74
POI0470,Sa,18,56
POI0470,Sa,19,37
POI0470,Sa,20,0
POI0470,Sa,21,0
POI0470,Sa,22,0
POI0470,Sa,23,0
POI0470,Su,6,0
POI0470,Su,7,0
POI0470,Su,8,0
POI0470,Su,9,0
POI0470,Su,10,37
POI0470,Su,11,55
POI0470,Su,12,67
POI0470,Su,13,71
POI0470,Su,14,71
POI0470,Su,15,69
POI0470,Su,16,63
POI0470,Su,17,54
POI0470,Su,18,41
POI0470,Su,19,27
POI0470,Su,20,0
POI0470,Su,21,0
POI0470,Su,22,0
POI0470,Su,23,0
POI0473,Mo,0,60
POI0473,Mo,1,46
POI0473,Mo,2,66
POI0473,Mo,3,66
POI0473,Mo,4,53
POI0473,Mo,5,53
POI0473,Mo,6,40
POI0473,Mo,7,60
POI0473,Mo,8,46
POI0473,Mo,9,53
POI0473,Mo,10,53
POI0473,Mo,11,40
POI0473,Mo,12,26
POI0473,Mo,13,33
POI0473,Mo,14,33
POI0473,Mo,15,46
POI0473,Mo,16,26
POI0473,Mo,17,26
POI0473,Mo,18,26
POI0473,Mo,19,46
POI0473,Mo,20,40
POI0473,Mo,21,46
POI0473,Mo,22,46
POI0473,Mo,23,40
POI0473,Tu,0,40
POI0473,Tu,1,33
POI0473,Tu,2,33
POI0473,Tu,3,33
POI0473,Tu,4,26
POI0473,Tu,5,26
POI0473,Tu,6,46
POI0473,Tu,7,53
POI0473,Tu,8,93
POI0473,Tu,9,66
POI0473,Tu,10,66
POI0473,Tu,11,40
POI0473,Tu,12,40
POI0473,Tu,13,46
POI0473,Tu,14,53
POI0473,Tu,15,66
POI0473,Tu,16,86
POI0473,Tu,17,66
POI0473,Tu,18,53
POI0473,Tu,19,33
POI0473,Tu,20,33
POI0473,Tu,21,33
POI0473,Tu,22,33
POI0473,Tu,23,53
POI0473,We,0,40
POI0473,We,1,40
POI0473,We,2,60
POI0473,We,3,53
POI0473,We,4,46
POI0473,We,5,33
POI0473,We,6,33
POI0473,We,7,26
POI0473,We,8,33
POI0473,We,9,20
POI0473,We,10,26
POI0473,We,11,46
POI0473,We,12,80
POI0473,We,13,100
POI0473,We,14,86
POI0473,We,15,66
POI0473,We,16,53
POI0473,We,17,73
POI0473,We,18,86
POI0473,We,19,53
POI0473,We,20,46
POI0473,We,21,46
POI0473,We,22,53
POI0473,We,23,60
POI0473,Th,0,66
POI0473,Th,1,86
POI0473,Th,2,100
POI0473,Th,3,86
POI0473,Th,4,66
POI0473,Th,5,46
POI0473,Th,6,20
POI0473,Th,7,20
POI0473,Th,8,40
POI0473,Th,9,60
POI0473,Th,10,73
POI0473,Th,11,53
POI0473,Th,12,60
POI0473,Th,13,33
POI0473,Th,14,20
POI0473,Th,15,6
POI0473,Th,16,6
POI0473,Th,17,13
POI0473,Th,18,20
POI0473,Th,19,20
POI0473,Th,20,26
POI0473,Th,21,33
POI0473,Th,22,40
POI0473,Th,23,46
POI0473,Fr,0,66
POI0473,Fr,1,66
POI0473,Fr,2,66
POI0473,Fr,3,53
POI0473,Fr,4,46
POI0473,Fr,5,53
POI0473,Fr,6,46
POI0473,Fr,7,33
POI0473,Fr,8,46
POI0473,Fr,9,53
POI0473,Fr,10,60
POI0473,Fr,11,46
POI0473,Fr,12,46
POI0473,Fr,13,40
POI0473,Fr,14,53
POI0473,Fr,15,60
POI0473,Fr,16,46
POI0473,Fr,17,33
POI0473,Fr,18,40
POI0473,Fr,19,40
POI0473,Fr,20,66
POI0473,Fr,21,46
POI0473,Fr,22,60
POI0473,Fr,23,46
POI0473,Sa,0,93
POI0473,Sa,1,53
POI0473,Sa,2,40
POI0473,Sa,3,26
POI0473,Sa,4,46
POI0473,Sa,5,60
POI0473,Sa,6,86
POI0473,Sa,7,73
POI0473,Sa,8,46
POI0473,Sa,9,26
POI0473,Sa,10,20
POI0473,Sa,11,13
POI0473,Sa,12,13
POI0473,Sa,13,13
POI0473,Sa,14,6
POI0473,Sa,15,20
POI0473,Sa,16,26
POI0473,Sa,17,46
POI0473,Sa,18,53
POI0473,Sa,19,73
POI0473,Sa,20,73
POI0473,Sa,21,86
POI0473,Sa,22,66
POI0473,Sa,23,66
POI0473,Su,0,40
POI0473,Su,1,46
POI0473,Su,2,33
POI0473,Su,3,33
POI0473,Su,4,26
POI0473,Su,5,46
POI0473,Su,6,46
POI0473,Su,7,33
POI0473,Su,8,33
POI0473,Su,9,46
POI0473,Su,10,46
POI0473,Su,11,33
POI0473,Su,12,40
POI0473,Su,13,46
POI0473,Su,14,40
POI0473,Su,15,40
POI0473,Su,16,20
POI0473,Su,17,20
POI0473,Su,18,13
POI0473,Su,19,20
POI0473,Su,20,26
POI0473,Su,21,33
POI0473,Su,22,46
POI0473,Su,23,53
POI0474,Tu,6,0
POI0474,Tu,7,0
POI0474,Tu,8,0
POI0474,Tu,9,0
POI0474,Tu,10,35
POI0474,Tu,11,48
POI0474,Tu,12,55
POI0474,Tu,13,57
POI0474,Tu,14,56
POI0474,Tu,15,53
POI0474,Tu,16,46
POI0474,Tu,17,34
POI0474,Tu,18,0
POI0474,Tu,19,0
POI0474,Tu,20,0
POI0474,Tu,21,0
POI0474,Tu,22,0
POI0474,Tu,23,0
POI0474,We,6,0
POI0474,We,7,0
POI0474,We,8,0
POI0474,We,9,0
POI0474,We,10,30
POI0474,We,11,43
POI0474,We,12,52
POI0474,We,13,57
POI0474,We,14,60
POI0474,We,15,56
POI0474,We,16,50
POI0474,We,17,38
POI0474,We,18,0
POI0474,We,19,0
POI0474,We,20,0
POI0474,We,21,0
POI0474,We,22,0
POI0474,We,23,0
POI0474,Th,6,0
POI0474,Th,7,0
POI0474,Th,8,0
POI0474,Th,9,0
POI0474,Th,10,27
POI0474,Th,11,40
POI0474,Th,12,52
POI0474,Th,13,57
POI0474,Th,14,60
POI0474,Th,15,67
POI0474,Th,16,75
POI0474,Th,17,77
POI0474,Th,18,68
POI0474,Th,19,50
POI0474,Th,20,0
POI0474,Th,21,0
POI0474,Th,22,0
POI0474,Th,23,0
POI0474,Fr,6,0
POI0474,Fr,7,0
POI0474,Fr,8,0
POI0474,Fr,9,0
POI0474,Fr,10,30
POI0474,Fr,11,47
POI0474,Fr,12,57
POI0474,Fr,13,63
POI0474,Fr,14,63
POI0474,Fr,15,63
POI0474,Fr,16,56
POI0474,Fr,17,43
POI0474,Fr,18,0
POI0474,Fr,19,0
POI0474,Fr,20,0
POI0474,Fr,21,0
POI0474,Fr,22,0
POI0474,Fr,23,0
POI0474,Sa,6,0
POI0474,Sa,7,0
POI0474,Sa,8,0
POI0474,Sa,9,0
POI0474,Sa,10,33
POI0474,Sa,11,52
POI0474,Sa,12,68
POI0474,Sa,13,76
POI0474,Sa,14,79
POI0474,Sa,15,80
POI0474,Sa,16,72
POI0474,Sa,17,53
POI0474,Sa,18,0
POI0474,Sa,19,0
POI0474,Sa,20,0
POI0474,Sa,21,0
POI0474,Sa,22,0
POI0474,Sa,23,0
POI0474,Su,6,0
POI0474,Su,7,0
POI0474,Su,8,0
POI0474,Su,9,0
POI0474,Su,10,36
POI0474,Su,11,61
POI0474,Su,12,83
POI0474,Su,13,96
POI0474,Su,14,100
POI0474,Su,15,94
POI0474,Su,16,80
POI0474,Su,17,59
POI0474,Su,18,0
POI0474,Su,19,0
POI0474,Su,20,0
POI0474,Su,21,0
POI0474,Su,22,0
POI0474,Su,23,0
POI0476,Tu,6,0
POI0476,Tu,7,0
POI0476,Tu,8,0
POI0476,Tu,9,0
POI0476,Tu,10,0
POI0476,Tu,11,42
POI0476,Tu,12,62
POI0476,Tu,13,72
POI0476,Tu,14,66
POI0476,Tu,15,57
POI0476,Tu,16,47
POI0476,Tu,17,35
POI0476,Tu,18,0
POI0476,Tu,19,0
POI0476,Tu,20,0
POI0476,Tu,21,0
POI0476,Tu,22,0
POI0476,Tu,23,0
POI0476,We,6,0
POI0476,We,7,0
POI0476,We,8,0
POI0476,We,9,0
POI0476,We,10,0
POI0476,We,11,44
POI0476,We,12,65
POI0476,We,13,73
POI0476,We,14,64
POI0476,We,15,48
POI0476,We,16,35
POI0476,We,17,29
POI0476,We,18,0
POI0476,We,19,0
POI0476,We,20,0
POI0476,We,21,0
POI0476,We,22,0
POI0476,We,23,0
POI0476,Th,6,0
POI0476,Th,7,0
POI0476,Th,8,0
POI0476,Th,9,0
POI0476,Th,10,0
POI0476,Th,11,45
POI0476,Th,12,69
POI0476,Th,13,79
POI0476,Th,14,80
POI0476,Th,15,73
POI0476,Th,16,65
POI0476,Th,17,49
POI0476,Th,18,0
POI0476,Th,19,0
POI0476,Th,20,0
POI0476,Th,21,0
POI0476,Th,22,0
POI0476,Th,23,0
POI0476,Fr,6,0
POI0476,Fr,7,0
POI0476,Fr,8,0
POI0476,Fr,9,0
POI0476,Fr,10,0
POI0476,Fr,11,38
POI0476,Fr,12,61
POI0476,Fr,13,78
POI0476,Fr,14,81
POI0476,Fr,15,80
POI0476,Fr,16,69
POI0476,Fr,17,54
POI0476,Fr,18,0
POI0476,Fr,19,0
POI0476,Fr,20,0
POI0476,Fr,21,0
POI0476,Fr,22,0
POI0476,Fr,23,0
POI0476,Sa,6,0
POI0476,Sa,7,0
POI0476,Sa,8,0
POI0476,Sa,9,0
POI0476,Sa,10,0
POI0476,Sa,11,0
POI0476,Sa,12,67
POI0476,Sa,13,88
POI0476,Sa,14,100
POI0476,Sa,15,88
POI0476,Sa,16,74
POI0476,Sa,17,53
POI0476,Sa,18,31
POI0476,Sa,19,0
POI0476,Sa,20,0
POI0476,Sa,21,0
POI0476,Sa,22,0
POI0476,Sa,23,0
POI0477,Mo,0,2
POI0477,Mo,1,1
POI0477,Mo,2,1
POI0477,Mo,3,1
POI0477,Mo,4,1
POI0477,Mo,5,1
POI0477,Mo,6,2
POI0477,Mo,7,3
POI0477,Mo,8,4
POI0477,Mo,9,4
POI0477,Mo,10,5
POI0477,Mo,11,6
POI0477,Mo,12,7
POI0477,Mo,13,8
POI0477,Mo,14,10
POI0477,Mo,15,11
POI0477,Mo,16,13
POI0477,Mo,17,13
POI0477,Mo,18,12
POI0477,Mo,19,11
POI0477,Mo,20,9
POI0477,Mo,21,7
POI0477,Mo,22,5
POI0477,Mo,23,4
POI0477,Tu,0,3
POI0477,Tu,1,1
POI0477,Tu,2,1
POI0477,Tu,3,1
POI0477,Tu,4,1
POI0477,Tu,5,2
POI0477,Tu,6,2
POI0477,Tu,7,3
POI0477,Tu,8,4
POI0477,Tu,9,5
POI0477,Tu,10,6
POI0477,Tu,11,6
POI0477,Tu,12,7
POI0477,Tu,13,9
POI0477,Tu,14,10
POI0477,Tu,15,12
POI0477,Tu,16,14
POI0477,Tu,17,15
POI0477,Tu,18,14
POI0477,Tu,19,12
POI0477,Tu,20,11
POI0477,Tu,21,9
POI0477,Tu,22,7
POI0477,Tu,23,5
POI0477,We,0,4
POI0477,We,1,2
POI0477,We,2,1
POI0477,We,3,1
POI0477,We,4,1
POI0477,We,5,1
POI0477,We,6,2
POI0477,We,7,2
POI0477,We,8,3
POI0477,We,9,4
POI0477,We,10,5
POI0477,We,11,6
POI0477,We,12,7
POI0477,We,13,9
POI0477,We,14,10
POI0477,We,15,13
POI0477,We,16,15
POI0477,We,17,17
POI0477,We,18,16
POI0477,We,19,15
POI0477,We,20,13
POI0477,We,21,11
POI0477,We,22,9
POI0477,We,23,6
POI0477,Th,0,8
POI0477,Th,1,4
POI0477,Th,2,2
POI0477,Th,3,1
POI0477,Th,4,1
POI0477,Th,5,1
POI0477,Th,6,2
POI0477,Th,7,3
POI0477,Th,8,3
POI0477,Th,9,4
POI0477,Th,10,5
POI0477,Th,11,6
POI0477,Th,12,7
POI0477,Th,13,8
POI0477,Th,14,10
POI0477,Th,15,13
POI0477,Th,16,17
POI0477,Th,17,20
POI0477,Th,18,21
POI0477,Th,19,21
POI0477,Th,20,20
POI0477,Th,22,17
POI0477,Th,23,14
POI0477,Fr,0,8
POI0477,Fr,1,5
POI0477,Fr,2,3
POI0477,Fr,3,1
POI0477,Fr,4,1
POI0477,Fr,5,1
POI0477,Fr,6,2
POI0477,Fr,7,3
POI0477,Fr,8,4
POI0477,Fr,9,4
POI0477,Fr,10,5
POI0477,Fr,11,6
POI0477,Fr,12,8
POI0477,Fr,13,10
POI0477,Fr,14,13
POI0477,Fr,15,16
POI0477,Fr,16,20
POI0477,Fr,17,22
POI0477,Fr,18,22
POI0477,Fr,19,20
POI0477,Fr,20,18
POI0477,Fr,21,17
POI0477,Fr,22,15
POI0477,Fr,23,13
POI0477,Sa,0,8
POI0477,Sa,1,5
POI0477,Sa,2,3
POI0477,Sa,3,2
POI0477,Sa,4,1
POI0477,Sa,5,1
POI0477,Sa,6,1
POI0477,Sa,7,2
POI0477,Sa,8,3
POI0477,Sa,9,4
POI0477,Sa,10,6
POI0477,Sa,11,9
POI0477,Sa,12,14
POI0477,Sa,13,19
POI0477,Sa,14,25
POI0477,Sa,15,31
POI0477,Sa,16,34
POI0477,Sa,17,33
POI0477,Sa,18,30
POI0477,Sa,19,25
POI0477,Sa,20,21
POI0477,Sa,21,18
POI0477,Sa,22,15
POI0477,Sa,23,12
POI0477,Su,0,3
POI0477,Su,1,2
POI0477,Su,2,1
POI0477,Su,3,1
POI0477,Su,4,2
POI0477,Su,5,2
POI0477,Su,6,2
POI0477,Su,7,3
POI0477,Su,8,8
POI0477,Su,9,16
POI0477,Su,10,33
POI0477,Su,11,55
POI0477,Su,12,76
POI0477,Su,13,91
POI0477,Su,14,100
POI0477,Su,15,99
POI0477,Su,16,90
POI0477,Su,17,73
POI0477,Su,18,51
POI0477,Su,19,33
POI0477,Su,20,20
POI0477,Su,21,13
POI0477,Su,22,8
POI0477,Su,23,5
POI0483,Mo,6,0
POI0483,Mo,7,0
POI0483,Mo,8,0
POI0483,Mo,9,6
POI0483,Mo,10,11
POI0483,Mo,11,20
POI0483,Mo,12,29
POI0483,Mo,13,29
POI0483,Mo,14,24
POI0483,Mo,15,18
POI0483,Mo,16,19
POI0483,Mo,17,22
POI0483,Mo,18,0
POI0483,Mo,19,0
POI0483,Mo,20,0
POI0483,Mo,21,0
POI0483,Mo,22,0
POI0483,Mo,23,0
POI0483,Tu,6,0
POI0483,Tu,7,0
POI0483,Tu,8,0
POI0483,Tu,9,9
POI0483,Tu,10,13
POI0483,Tu,11,20
POI0483,Tu,12,30
POI0483,Tu,13,31
POI0483,Tu,14,24
POI0483,Tu,15,18
POI0483,Tu,16,17
POI0483,Tu,17,22
POI0483,Tu,18,0
POI0483,Tu,19,0
POI0483,Tu,20,0
POI0483,Tu,21,0
POI0483,Tu,22,0
POI0483,Tu,23,0
POI0483,We,6,0
POI0483,We,7,0
POI0483,We,8,0
POI0483,We,9,11
POI0483,We,10,15
POI0483,We,11,19
POI0483,We,12,22
POI0483,We,13,22
POI0483,We,14,16
POI0483,We,15,15
POI0483,We,16,16
POI0483,We,17,23
POI0483,We,18,0
POI0483,We,19,0
POI0483,We,20,0
POI0483,We,21,0
POI0483,We,22,0
POI0483,We,23,0
POI0483,Th,6,0
POI0483,Th,7,0
POI0483,Th,8,0
POI0483,Th,9,6
POI0483,Th,10,10
POI0483,Th,11,15
POI0483,Th,12,24
POI0483,Th,13,29
POI0483,Th,14,24
POI0483,Th,15,21
POI0483,Th,16,21
POI0483,Th,17,26
POI0483,Th,18,0
POI0483,Th,19,0
POI0483,Th,20,0
POI0483,Th,21,0
POI0483,Th,22,0
POI0483,Th,23,0
POI0483,Fr,6,0
POI0483,Fr,7,0
POI0483,Fr,8,0
POI0483,Fr,9,12
POI0483,Fr,10,24
POI0483,Fr,11,54
POI0483,Fr,12,94
POI0483,Fr,13,100
POI0483,Fr,14,68
POI0483,Fr,15,37
POI0483,Fr,16,24
POI0483,Fr,17,26
POI0483,Fr,18,0
POI0483,Fr,19,0
POI0483,Fr,20,0
POI0483,Fr,21,0
POI0483,Fr,22,0
POI0483,Fr,23,0
POI0483,Sa,6,0
POI0483,Sa,7,0
POI0483,Sa,8,0
POI0483,Sa,9,7
POI0483,Sa,10,10
POI0483,Sa,11,14
POI0483,Sa,12,18
POI0483,Sa,13,20
POI0483,Sa,14,21
POI0483,Sa,15,21
POI0483,Sa,16,25
POI0483,Sa,17,29
POI0483,Sa,18,0
POI0483,Sa,19,0
POI0483,Sa,20,0
POI0483,Sa,21,0
POI0483,Sa,22,0
POI0483,Sa,23,0
POI0483,Su,6,0
POI0483,Su,7,0
POI0483,Su,8,0
POI0483,Su,9,5
POI0483,Su,10,8
POI0483,Su,11,14
POI0483,Su,12,20
POI0483,Su,13,25
POI0483,Su,14,27
POI0483,Su,15,26
POI0483,Su,16,26
POI0483,Su,17,25
POI0483,Su,18,0
POI0483,Su,19,0
POI0483,Su,20,0
POI0483,Su,21,0
POI0483,Su,22,0
POI0483,Su,23,0
POI0484,Mo,0,4
POI0484,Mo,1,3
POI0484,Mo,2,3
POI0484,Mo,3,3
POI0484,Mo,4,3
POI0484,Mo,5,4
POI0484,Mo,6,5
POI0484,Mo,7,8
POI0484,Mo,8,11
POI0484,Mo,9,14
POI0484,Mo,10,16
POI0484,Mo,11,18
POI0484,Mo,12,22
POI0484,Mo,13,25
POI0484,Mo,14,28
POI0484,Mo,15,30
POI0484,Mo,16,32
POI0484,Mo,17,32
POI0484,Mo,18,28
POI0484,Mo,19,23
POI0484,Mo,20,17
POI0484,Mo,21,12
POI0484,Mo,22,9
POI0484,Mo,23,6
POI0484,Tu,0,4
POI0484,Tu,1,3
POI0484,Tu,2,3
POI0484,Tu,3,3
POI0484,Tu,4,4
POI0484,Tu,5,3
POI0484,Tu,6,4
POI0484,Tu,7,6
POI0484,Tu,8,10
POI0484,Tu,9,12
POI0484,Tu,10,14
POI0484,Tu,11,16
POI0484,Tu,12,19
POI0484,Tu,13,23
POI0484,Tu,14,29
POI0484,Tu,15,34
POI0484,Tu,16,38
POI0484,Tu,17,37
POI0484,Tu,18,33
POI0484,Tu,19,27
POI0484,Tu,20,21
POI0484,Tu,21,16
POI0484,Tu,22,11
POI0484,Tu,23,8
POI0484,We,0,4
POI0484,We,1,2
POI0484,We,2,1
POI0484,We,3,2
POI0484,We,4,2
POI0484,We,5,3
POI0484,We,6,4
POI0484,We,7,8
POI0484,We,8,11
POI0484,We,9,14
POI0484,We,10,16
POI0484,We,11,20
POI0484,We,12,23
POI0484,We,13,28
POI0484,We,14,33
POI0484,We,15,39
POI0484,We,16,44
POI0484,We,17,44
POI0484,We,18,39
POI0484,We,19,31
POI0484,We,20,22
POI0484,We,21,16
POI0484,We,22,11
POI0484,We,23,8
POI0484,Th,0,7
POI0484,Th,1,6
POI0484,Th,2,3
POI0484,Th,3,3
POI0484,Th,4,2
POI0484,Th,5,3
POI0484,Th,6,4
POI0484,Th,7,7
POI0484,Th,8,10
POI0484,Th,9,12
POI0484,Th,10,14
POI0484,Th,11,18
POI0484,Th,12,24
POI0484,Th,13,29
POI0484,Th,14,34
POI0484,Th,15,39
POI0484,Th,16,42
POI0484,Th,17,42
POI0484,Th,18,37
POI0484,Th,19,30
POI0484,Th,20,23
POI0484,Th,22,14
POI0484,Th,23,11
POI0484,Fr,0,9
POI0484,Fr,1,6
POI0484,Fr,2,3
POI0484,Fr,3,2
POI0484,Fr,4,2
POI0484,Fr,5,3
POI0484,Fr,6,5
POI0484,Fr,7,7
POI0484,Fr,8,10
POI0484,Fr,9,14
POI0484,Fr,10,18
POI0484,Fr,11,23
POI0484,Fr,12,30
POI0484,Fr,13,38
POI0484,Fr,14,48
POI0484,Fr,15,58
POI0484,Fr,16,63
POI0484,Fr,17,61
POI0484,Fr,18,52
POI0484,Fr,19,41
POI0484,Fr,20,31
POI0484,Fr,21,24
POI0484,Fr,22,18
POI0484,Fr,23,15
POI0484,Sa,0,9
POI0484,Sa,1,6
POI0484,Sa,2,4
POI0484,Sa,3,3
POI0484,Sa,4,2
POI0484,Sa,5,2
POI0484,Sa,6,3
POI0484,Sa,7,5
POI0484,Sa,8,8
POI0484,Sa,9,14
POI0484,Sa,10,22
POI0484,Sa,11,31
POI0484,Sa,12,41
POI0484,Sa,13,56
POI0484,Sa,14,73
POI0484,Sa,15,87
POI0484,Sa,16,93
POI0484,Sa,17,88
POI0484,Sa,18,72
POI0484,Sa,19,53
POI0484,Sa,20,36
POI0484,Sa,21,25
POI0484,Sa,22,18
POI0484,Sa,23,14
POI0484,Su,0,5
POI0484,Su,1,3
POI0484,Su,2,3
POI0484,Su,3,3
POI0484,Su,4,3
POI0484,Su,5,3
POI0484,Su,6,3
POI0484,Su,7,5
POI0484,Su,8,9
POI0484,Su,9,15
POI0484,Su,10,25
POI0484,Su,11,39
POI0484,Su,12,55
POI0484,Su,13,72
POI0484,Su,14,89
POI0484,Su,15,99
POI0484,Su,16,100
POI0484,Su,17,87
POI0484,Su,18,67
POI0484,Su,19,46
POI0484,Su,20,28
POI0484,Su,21,17
POI0484,Su,22,11
POI0484,Su,23,7
POI0486,Mo,0,15
POI0486,Mo,1,8
POI0486,Mo,2,5
POI0486,Mo,3,6
POI0486,Mo,4,9
POI0486,Mo,5,16
POI0486,Mo,6,25
POI0486,Mo,7,35
POI0486,Mo,8,42
POI0486,Mo,9,44
POI0486,Mo,10,46
POI0486,Mo,11,50
POI0486,Mo,12,57
POI0486,Mo,13,63
POI0486,Mo,14,71
POI0486,Mo,15,79
POI0486,Mo,16,87
POI0486,Mo,17,88
POI0486,Mo,18,83
POI0486,Mo,19,70
POI0486,Mo,20,60
POI0486,Mo,21,49
POI0486,Mo,22,40
POI0486,Mo,23,27
POI0486,Tu,0,18
POI0486,Tu,1,9
POI0486,Tu,2,5
POI0486,Tu,3,6
POI0486,Tu,4,10
POI0486,Tu,5,17
POI0486,Tu,6,28
POI0486,Tu,7,39
POI0486,Tu,8,47
POI0486,Tu,9,48
POI0486,Tu,10,48
POI0486,Tu,11,51
POI0486,Tu,12,58
POI0486,Tu,13,65
POI0486,Tu,14,73
POI0486,Tu,15,85
POI0486,Tu,16,94
POI0486,Tu,17,100
POI0486,Tu,18,94
POI0486,Tu,19,80
POI0486,Tu,20,67
POI0486,Tu,21,57
POI0486,Tu,22,47
POI0486,Tu,23,33
POI0486,We,0,20
POI0486,We,1,10
POI0486,We,2,5
POI0486,We,3,6
POI0486,We,4,9
POI0486,We,5,16
POI0486,We,6,27
POI0486,We,7,39
POI0486,We,8,47
POI0486,We,9,49
POI0486,We,10,49
POI0486,We,11,52
POI0486,We,12,58
POI0486,We,13,64
POI0486,We,14,72
POI0486,We,15,81
POI0486,We,16,90
POI0486,We,17,95
POI0486,We,18,90
POI0486,We,19,79
POI0486,We,20,68
POI0486,We,21,60
POI0486,We,22,50
POI0486,We,23,37
POI0486,Th,0,22
POI0486,Th,1,11
POI0486,Th,2,6
POI0486,Th,3,6
POI0486,Th,4,9
POI0486,Th,5,16
POI0486,Th,6,25
POI0486,Th,7,36
POI0486,Th,8,43
POI0486,Th,9,45
POI0486,Th,10,47
POI0486,Th,11,50
POI0486,Th,12,57
POI0486,Th,13,64
POI0486,Th,14,72
POI0486,Th,15,82
POI0486,Th,16,91
POI0486,Th,17,95
POI0486,Th,18,90
POI0486,Th,19,79
POI0486,Th,20,69
POI0486,Th,21,61
POI0486,Th,22,53
POI0486,Fr,0,26
POI0486,Fr,1,15
POI0486,Fr,2,10
POI0486,Fr,3,8
POI0486,Fr,4,9
POI0486,Fr,5,13
POI0486,Fr,6,20
POI0486,Fr,7,27
POI0486,Fr,8,34
POI0486,Fr,9,38
POI0486,Fr,10,43
POI0486,Fr,11,49
POI0486,Fr,12,58
POI0486,Fr,13,65
POI0486,Fr,14,71
POI0486,Fr,15,77
POI0486,Fr,16,80
POI0486,Fr,17,83
POI0486,Fr,18,80
POI0486,Fr,19,74
POI0486,Fr,20,69
POI0486,Fr,21,63
POI0486,Fr,22,55
POI0486,Fr,23,43
POI0486,Sa,0,30
POI0486,Sa,1,19
POI0486,Sa,2,12
POI0486,Sa,3,9
POI0486,Sa,4,8
POI0486,Sa,5,9
POI0486,Sa,6,11
POI0486,Sa,7,15
POI0486,Sa,8,20
POI0486,Sa,9,28
POI0486,Sa,10,37
POI0486,Sa,11,47
POI0486,Sa,12,56
POI0486,Sa,13,65
POI0486,Sa,14,71
POI0486,Sa,15,77
POI0486,Sa,16,81
POI0486,Sa,17,83
POI0486,Sa,18,83
POI0486,Sa,19,76
POI0486,Sa,20,71
POI0486,Sa,21,65
POI0486,Sa,22,59
POI0486,Sa,23,47
POI0486,Su,0,16
POI0486,Su,1,8
POI0486,Su,2,5
POI0486,Su,3,5
POI0486,Su,4,7
POI0486,Su,5,8
POI0486,Su,6,10
POI0486,Su,7,12
POI0486,Su,8,17
POI0486,Su,9,25
POI0486,Su,10,36
POI0486,Su,11,48
POI0486,Su,12,58
POI0486,Su,13,66
POI0486,Su,14,73
POI0486,Su,15,79
POI0486,Su,16,84
POI0486,Su,17,86
POI0486,Su,18,83
POI0486,Su,19,75
POI0486,Su,20,65
POI0486,Su,21,55
POI0486,Su,22,43
POI0486,Su,23,30
POI0487,Mo,6,0
POI0487,Mo,7,0
POI0487,Mo,8,0
POI0487,Mo,9,0
POI0487,Mo,10,32
POI0487,Mo,11,40
POI0487,Mo,12,43
POI0487,Mo,13,41
POI0487,Mo,14,39
POI0487,Mo,15,38
POI0487,Mo,16,42
POI0487,Mo,17,40
POI0487,Mo,18,0
POI0487,Mo,19,0
POI0487,Mo,20,0
POI0487,Mo,21,0
POI0487,Mo,22,0
POI0487,Mo,23,0
POI0487,Tu,6,0
POI0487,Tu,7,0
POI0487,Tu,8,0
POI0487,Tu,9,0
POI0487,Tu,10,29
POI0487,Tu,11,36
POI0487,Tu,12,45
POI0487,Tu,13,43
POI0487,Tu,14,42
POI0487,Tu,15,41
POI0487,Tu,16,35
POI0487,Tu,17,27
POI0487,Tu,18,0
POI0487,Tu,19,0
POI0487,Tu,20,0
POI0487,Tu,21,0
POI0487,Tu,22,0
POI0487,Tu,23,0
POI0487,We,6,0
POI0487,We,7,0
POI0487,We,8,0
POI0487,We,9,0
POI0487,We,10,22
POI0487,We,11,28
POI0487,We,12,37
POI0487,We,13,38
POI0487,We,14,43
POI0487,We,15,42
POI0487,We,16,38
POI0487,We,17,29
POI0487,We,18,0
POI0487,We,19,0
POI0487,We,20,0
POI0487,We,21,0
POI0487,We,22,0
POI0487,We,23,0
POI0487,Th,6,0
POI0487,Th,7,0
POI0487,Th,8,0
POI0487,Th,9,0
POI0487,Th,10,31
POI0487,Th,11,33
POI0487,Th,12,38
POI0487,Th,13,40
POI0487,Th,14,41
POI0487,Th,15,38
POI0487,Th,16,34
POI0487,Th,17,30
POI0487,Th,18,0
POI0487,Th,19,0
POI0487,Th,20,0
POI0487,Th,21,0
POI0487,Th,22,0
POI0487,Th,23,0
POI0487,Fr,6,0
POI0487,Fr,7,0
POI0487,Fr,8,0
POI0487,Fr,9,0
POI0487,Fr,10,32
POI0487,Fr,11,43
POI0487,Fr,12,52
POI0487,Fr,13,54
POI0487,Fr,14,45
POI0487,Fr,15,44
POI0487,Fr,16,37
POI0487,Fr,17,38
POI0487,Fr,18,0
POI0487,Fr,19,0
POI0487,Fr,20,0
POI0487,Fr,21,0
POI0487,Fr,22,0
POI0487,Fr,23,0
POI0487,Sa,6,0
POI0487,Sa,7,0
POI0487,Sa,8,0
POI0487,Sa,9,0
POI0487,Sa,10,21
POI0487,Sa,11,30
POI0487,Sa,12,40
POI0487,Sa,13,46
POI0487,Sa,14,41
POI0487,Sa,15,37
POI0487,Sa,16,38
POI0487,Sa,17,0
POI0487,Sa,18,0
POI0487,Sa,19,0
POI0487,Sa,20,0
POI0487,Sa,21,0
POI0487,Sa,22,0
POI0487,Sa,23,0
POI0487,Su,6,0
POI0487,Su,7,0
POI0487,Su,8,0
POI0487,Su,9,0
POI0487,Su,10,44
POI0487,Su,11,64
POI0487,Su,12,85
POI0487,Su,13,98
POI0487,Su,14,100
POI0487,Su,15,100
POI0487,Su,16,90
POI0487,Su,17,64
POI0487,Su,18,0
POI0487,Su,19,0
POI0487,Su,20,0
POI0487,Su,21,0
POI0487,Su,22,0
POI0487,Su,23,0
POI0490,Mo,0,10
POI0490,Mo,1,9
POI0490,Mo,2,11
POI0490,Mo,3,14
POI0490,Mo,4,15
POI0490,Mo,5,13
POI0490,Mo,6,13
POI0490,Mo,7,16
POI0490,Mo,8,16
POI0490,Mo,9,17
POI0490,Mo,10,15
POI0490,Mo,11,18
POI0490,Mo,12,19
POI0490,Mo,13,24
POI0490,Mo,14,26
POI0490,Mo,15,28
POI0490,Mo,16,23
POI0490,Mo,17,19
POI0490,Mo,18,18
POI0490,Mo,19,17
POI0490,Mo,20,18
POI0490,Mo,21,18
POI0490,Mo,22,21
POI0490,Mo,23,14
POI0490,Tu,0,10
POI0490,Tu,1,11
POI0490,Tu,2,15
POI0490,Tu,3,15
POI0490,Tu,4,16
POI0490,Tu,5,13
POI0490,Tu,6,11
POI0490,Tu,7,10
POI0490,Tu,8,11
POI0490,Tu,9,11
POI0490,Tu,10,17
POI0490,Tu,11,23
POI0490,Tu,12,27
POI0490,Tu,13,24
POI0490,Tu,14,23
POI0490,Tu,15,23
POI0490,Tu,16,25
POI0490,Tu,17,27
POI0490,Tu,18,24
POI0490,Tu,19,22
POI0490,Tu,20,14
POI0490,Tu,21,13
POI0490,Tu,22,11
POI0490,Tu,23,12
POI0490,We,0,16
POI0490,We,1,14
POI0490,We,2,17
POI0490,We,3,15
POI0490,We,4,11
POI0490,We,5,10
POI0490,We,6,9
POI0490,We,7,8
POI0490,We,8,10
POI0490,We,9,13
POI0490,We,10,17
POI0490,We,11,19
POI0490,We,12,23
POI0490,We,13,26
POI0490,We,14,30
POI0490,We,15,38
POI0490,We,16,52
POI0490,We,17,75
POI0490,We,18,100
POI0490,We,19,100
POI0490,We,20,94
POI0490,We,21,60
POI0490,We,22,37
POI0490,We,23,23
POI0490,Th,0,10
POI0490,Th,1,11
POI0490,Th,2,15
POI0490,Th,3,15
POI0490,Th,4,16
POI0490,Th,5,15
POI0490,Th,6,17
POI0490,Th,7,11
POI0490,Th,8,11
POI0490,Th,9,17
POI0490,Th,10,23
POI0490,Th,11,29
POI0490,Th,12,27
POI0490,Th,13,30
POI0490,Th,14,27
POI0490,Th,15,32
POI0490,Th,16,32
POI0490,Th,17,31
POI0490,Th,18,23
POI0490,Th,19,18
POI0490,Th,20,16
POI0490,Th,21,18
POI0490,Th,22,14
POI0490,Fr,0,18
POI0490,Fr,1,20
POI0490,Fr,2,17
POI0490,Fr,3,18
POI0490,Fr,4,22
POI0490,Fr,5,22
POI0490,Fr,6,18
POI0490,Fr,7,17
POI0490,Fr,8,16
POI0490,Fr,9,22
POI0490,Fr,10,27
POI0490,Fr,11,35
POI0490,Fr,12,32
POI0490,Fr,13,36
POI0490,Fr,14,41
POI0490,Fr,15,43
POI0490,Fr,16,34
POI0490,Fr,17,29
POI0490,Fr,18,26
POI0490,Fr,19,28
POI0490,Fr,20,30
POI0490,Fr,21,28
POI0490,Fr,22,22
POI0490,Fr,23,21
POI0490,Sa,0,14
POI0490,Sa,1,13
POI0490,Sa,2,17
POI0490,Sa,3,13
POI0490,Sa,4,14
POI0490,Sa,5,12
POI0490,Sa,6,14
POI0490,Sa,7,13
POI0490,Sa,8,14
POI0490,Sa,9,15
POI0490,Sa,10,18
POI0490,Sa,11,27
POI0490,Sa,12,39
POI0490,Sa,13,51
POI0490,Sa,14,66
POI0490,Sa,15,73
POI0490,Sa,16,71
POI0490,Sa,17,56
POI0490,Sa,18,43
POI0490,Sa,19,31
POI0490,Sa,20,27
POI0490,Sa,21,21
POI0490,Sa,22,19
POI0490,Sa,23,17
POI0490,Su,0,9
POI0490,Su,1,9
POI0490,Su,2,11
POI0490,Su,3,13
POI0490,Su,4,14
POI0490,Su,5,18
POI0490,Su,6,23
POI0490,Su,7,36
POI0490,Su,8,52
POI0490,Su,9,78
POI0490,Su,10,85
POI0490,Su,11,84
POI0490,Su,12,80
POI0490,Su,13,68
POI0490,Su,14,51
POI0490,Su,15,37
POI0490,Su,16,30
POI0490,Su,17,27
POI0490,Su,18,28
POI0490,Su,19,21
POI0490,Su,20,20
POI0490,Su,21,12
POI0490,Su,22,11
POI0490,Su,23,7
POI0493,Mo,6,0
POI0493,Mo,7,0
POI0493,Mo,8,0
POI0493,Mo,9,0
POI0493,Mo,10,26
POI0493,Mo,11,36
POI0493,Mo,12,44
POI0493,Mo,13,46
POI0493,Mo,14,48
POI0493,Mo,15,52
POI0493,Mo,16,58
POI0493,Mo,17,62
POI0493,Mo,18,60
POI0493,Mo,19,48
POI0493,Mo,20,0
POI0493,Mo,21,0
POI0493,Mo,22,0
POI0493,Mo,23,0
POI0493,Tu,6,0
POI0493,Tu,7,0
POI0493,Tu,8,0
POI0493,Tu,9,0
POI0493,Tu,10,29
POI0493,Tu,11,40
POI0493,Tu,12,50
POI0493,Tu,13,52
POI0493,Tu,14,53
POI0493,Tu,15,56
POI0493,Tu,16,63
POI0493,Tu,17,70
POI0493,Tu,18,69
POI0493,Tu,19,55
POI0493,Tu,20,0
POI0493,Tu,21,0
POI0493,Tu,22,0
POI0493,Tu,23,0
POI0493,We,6,0
POI0493,We,7,0
POI0493,We,8,0
POI0493,We,9,0
POI0493,We,10,28
POI0493,We,11,39
POI0493,We,12,49
POI0493,We,13,52
POI0493,We,14,53
POI0493,We,15,58
POI0493,We,16,65
POI0493,We,17,72
POI0493,We,18,69
POI0493,We,19,54
POI0493,We,20,0
POI0493,We,21,0
POI0493,We,22,0
POI0493,We,23,0
POI0493,Th,6,0
POI0493,Th,7,0
POI0493,Th,8,0
POI0493,Th,9,0
POI0493,Th,10,26
POI0493,Th,11,35
POI0493,Th,12,44
POI0493,Th,13,47
POI0493,Th,14,49
POI0493,Th,15,54
POI0493,Th,16,61
POI0493,Th,17,67
POI0493,Th,18,65
POI0493,Th,19,52
POI0493,Th,20,0
POI0493,Th,21,0
POI0493,Th,22,0
POI0493,Th,23,0
POI0493,Fr,6,0
POI0493,Fr,7,0
POI0493,Fr,8,0
POI0493,Fr,9,0
POI0493,Fr,10,22
POI0493,Fr,11,31
POI0493,Fr,12,40
POI0493,Fr,13,46
POI0493,Fr,14,50
POI0493,Fr,15,56
POI0493,Fr,16,64
POI0493,Fr,17,70
POI0493,Fr,18,66
POI0493,Fr,19,52
POI0493,Fr,20,0
POI0493,Fr,21,0
POI0493,Fr,22,0
POI0493,Fr,23,0
POI0493,Sa,6,0
POI0493,Sa,7,0
POI0493,Sa,8,0
POI0493,Sa,9,0
POI0493,Sa,10,26
POI0493,Sa,11,42
POI0493,Sa,12,57
POI0493,Sa,13,71
POI0493,Sa,14,83
POI0493,Sa,15,93
POI0493,Sa,16,100
POI0493,Sa,17,98
POI0493,Sa,18,87
POI0493,Sa,19,66
POI0493,Sa,20,0
POI0493,Sa,21,0
POI0493,Sa,22,0
POI0493,Sa,23,0
POI0494,Tu,6,0
POI0494,Tu,7,0
POI0494,Tu,8,0
POI0494,Tu,9,31
POI0494,Tu,10,44
POI0494,Tu,11,55
POI0494,Tu,12,61
POI0494,Tu,13,63
POI0494,Tu,14,58
POI0494,Tu,15,50
POI0494,Tu,16,37
POI0494,Tu,17,25
POI0494,Tu,18,0
POI0494,Tu,19,0
POI0494,Tu,20,0
POI0494,Tu,21,0
POI0494,Tu,22,0
POI0494,Tu,23,0
POI0494,We,6,0
POI0494,We,7,0
POI0494,We,8,0
POI0494,We,9,25
POI0494,We,10,36
POI0494,We,11,46
POI0494,We,12,50
POI0494,We,13,49
POI0494,We,14,44
POI0494,We,15,37
POI0494,We,16,27
POI0494,We,17,18
POI0494,We,18,0
POI0494,We,19,0
POI0494,We,20,0
POI0494,We,21,0
POI0494,We,22,0
POI0494,We,23,0
POI0494,Th,6,0
POI0494,Th,7,0
POI0494,Th,8,0
POI0494,Th,9,26
POI0494,Th,10,40
POI0494,Th,11,49
POI0494,Th,12,54
POI0494,Th,13,54
POI0494,Th,14,51
POI0494,Th,15,42
POI0494,Th,16,33
POI0494,Th,17,22
POI0494,Th,18,0
POI0494,Th,19,0
POI0494,Th,20,0
POI0494,Th,21,0
POI0494,Th,22,0
POI0494,Th,23,0
POI0494,Fr,6,0
POI0494,Fr,7,0
POI0494,Fr,8,0
POI0494,Fr,9,21
POI0494,Fr,10,32
POI0494,Fr,11,47
POI0494,Fr,12,63
POI0494,Fr,13,84
POI0494,Fr,14,97
POI0494,Fr,15,100
POI0494,Fr,16,85
POI0494,Fr,17,57
POI0494,Fr,18,0
POI0494,Fr,19,0
POI0494,Fr,20,0
POI0494,Fr,21,0
POI0494,Fr,22,0
POI0494,Fr,23,0
POI0494,Sa,6,0
POI0494,Sa,7,0
POI0494,Sa,8,0
POI0494,Sa,9,0
POI0494,Sa,10,30
POI0494,Sa,11,49
POI0494,Sa,12,62
POI0494,Sa,13,71
POI0494,Sa,14,72
POI0494,Sa,15,66
POI0494,Sa,16,54
POI0494,Sa,17,38
POI0494,Sa,18,0
POI0494,Sa,19,0
POI0494,Sa,20,0
POI0494,Sa,21,0
POI0494,Sa,22,0
POI0494,Sa,23,0
POI0494,Su,6,0
POI0494,Su,7,0
POI0494,Su,8,0
POI0494,Su,9,0
POI0494,Su,10,33
POI0494,Su,11,56
POI0494,Su,12,75
POI0494,Su,13,87
POI0494,Su,14,90
POI0494,Su,15,84
POI0494,Su,16,70
POI0494,Su,17,49
POI0494,Su,18,0
POI0494,Su,19,0
POI0494,Su,20,0
POI0494,Su,21,0
POI0494,Su,22,0
POI0494,Su,23,0
POI0495,Mo,0,7
POI0495,Mo,1,2
POI0495,Mo,2,1
POI0495,Mo,3,1
POI0495,Mo,4,1
POI0495,Mo,5,2
POI0495,Mo,6,2
POI0495,Mo,7,3
POI0495,Mo,8,3
POI0495,Mo,9,4
POI0495,Mo,10,6
POI0495,Mo,11,7
POI0495,Mo,12,7
POI0495,Mo,13,6
POI0495,Mo,14,7
POI0495,Mo,15,8
POI0495,Mo,16,9
POI0495,Mo,17,13
POI0495,Mo,18,24
POI0495,Mo,19,41
POI0495,Mo,20,46
POI0495,Mo,21,43
POI0495,Mo,22,31
POI0495,Mo,23,16
POI0495,Tu,0,6
POI0495,Tu,1,1
POI0495,Tu,2,1
POI0495,Tu,3,1
POI0495,Tu,4,2
POI0495,Tu,5,3
POI0495,Tu,6,2
POI0495,Tu,7,3
POI0495,Tu,8,5
POI0495,Tu,9,7
POI0495,Tu,10,8
POI0495,Tu,11,9
POI0495,Tu,12,9
POI0495,Tu,13,9
POI0495,Tu,14,8
POI0495,Tu,15,7
POI0495,Tu,16,9
POI0495,Tu,17,22
POI0495,Tu,18,45
POI0495,Tu,19,75
POI0495,Tu,20,85
POI0495,Tu,21,76
POI0495,Tu,22,48
POI0495,Tu,23,21
POI0495,We,0,8
POI0495,We,1,2
POI0495,We,2,1
POI0495,We,3,1
POI0495,We,4,1
POI0495,We,5,1
POI0495,We,6,2
POI0495,We,7,3
POI0495,We,8,4
POI0495,We,9,8
POI0495,We,10,20
POI0495,We,11,41
POI0495,We,12,64
POI0495,We,13,63
POI0495,We,14,42
POI0495,We,15,21
POI0495,We,16,12
POI0495,We,17,16
POI0495,We,18,30
POI0495,We,19,54
POI0495,We,20,64
POI0495,We,21,62
POI0495,We,22,45
POI0495,We,23,21
POI0495,Th,0,11
POI0495,Th,1,3
POI0495,Th,2,2
POI0495,Th,3,2
POI0495,Th,4,2
POI0495,Th,5,2
POI0495,Th,6,3
POI0495,Th,7,4
POI0495,Th,8,5
POI0495,Th,9,6
POI0495,Th,10,8
POI0495,Th,11,9
POI0495,Th,12,12
POI0495,Th,13,12
POI0495,Th,14,12
POI0495,Th,15,10
POI0495,Th,16,11
POI0495,Th,17,23
POI0495,Th,18,43
POI0495,Th,19,76
POI0495,Th,20,89
POI0495,Th,21,86
POI0495,Th,23,29
POI0495,Fr,0,10
POI0495,Fr,1,3
POI0495,Fr,2,2
POI0495,Fr,3,2
POI0495,Fr,4,2
POI0495,Fr,5,2
POI0495,Fr,6,2
POI0495,Fr,7,3
POI0495,Fr,8,4
POI0495,Fr,9,6
POI0495,Fr,10,7
POI0495,Fr,11,7
POI0495,Fr,12,6
POI0495,Fr,13,5
POI0495,Fr,14,6
POI0495,Fr,15,8
POI0495,Fr,16,12
POI0495,Fr,17,24
POI0495,Fr,18,44
POI0495,Fr,19,77
POI0495,Fr,20,87
POI0495,Fr,21,81
POI0495,Fr,22,56
POI0495,Fr,23,27
POI0495,Sa,0,8
POI0495,Sa,1,2
POI0495,Sa,2,2
POI0495,Sa,3,1
POI0495,Sa,4,1
POI0495,Sa,5,1
POI0495,Sa,6,1
POI0495,Sa,7,2
POI0495,Sa,8,3
POI0495,Sa,9,5
POI0495,Sa,10,6
POI0495,Sa,11,6
POI0495,Sa,12,7
POI0495,Sa,13,7
POI0495,Sa,14,7
POI0495,Sa,15,9
POI0495,Sa,16,18
POI0495,Sa,17,36
POI0495,Sa,18,67
POI0495,Sa,19,94
POI0495,Sa,20,100
POI0495,Sa,21,85
POI0495,Sa,22,55
POI0495,Sa,23,24
POI0495,Su,0,7
POI0495,Su,1,2
POI0495,Su,2,1
POI0495,Su,3,1
POI0495,Su,4,1
POI0495,Su,5,1
POI0495,Su,6,1
POI0495,Su,7,2
POI0495,Su,8,5
POI0495,Su,9,9
POI0495,Su,10,16
POI0495,Su,11,19
POI0495,Su,12,22
POI0495,Su,13,28
POI0495,Su,14,47
POI0495,Su,15,67
POI0495,Su,16,71
POI0495,Su,17,67
POI0495,Su,18,56
POI0495,Su,19,62
POI0495,Su,20,63
POI0495,Su,21,57
POI0495,Su,22,41
POI0495,Su,23,19
POI0497,Mo,0,11
POI0497,Mo,1,4
POI0497,Mo,2,2
POI0497,Mo,3,3
POI0497,Mo,4,8
POI0497,Mo,5,17
POI0497,Mo,6,26
POI0497,Mo,7,36
POI0497,Mo,8,42
POI0497,Mo,9,42
POI0497,Mo,10,43
POI0497,Mo,11,46
POI0497,Mo,12,51
POI0497,Mo,13,59
POI0497,Mo,14,70
POI0497,Mo,15,81
POI0497,Mo,16,89
POI0497,Mo,17,87
POI0497,Mo,18,75
POI0497,Mo,19,58
POI0497,Mo,20,45
POI0497,Mo,21,36
POI0497,Mo,22,30
POI0497,Mo,23,21
POI0497,Tu,0,13
POI0497,Tu,1,5
POI0497,Tu,2,2
POI0497,Tu,3,4
POI0497,Tu,4,10
POI0497,Tu,5,19
POI0497,Tu,6,31
POI0497,Tu,7,41
POI0497,Tu,8,47
POI0497,Tu,9,47
POI0497,Tu,10,46
POI0497,Tu,11,48
POI0497,Tu,12,55
POI0497,Tu,13,63
POI0497,Tu,14,75
POI0497,Tu,15,88
POI0497,Tu,16,98
POI0497,Tu,17,100
POI0497,Tu,18,87
POI0497,Tu,19,67
POI0497,Tu,20,52
POI0497,Tu,21,43
POI0497,Tu,22,37
POI0497,Tu,23,26
POI0497,We,0,14
POI0497,We,1,6
POI0497,We,2,3
POI0497,We,3,4
POI0497,We,4,10
POI0497,We,5,19
POI0497,We,6,30
POI0497,We,7,40
POI0497,We,8,47
POI0497,We,9,46
POI0497,We,10,46
POI0497,We,11,48
POI0497,We,12,54
POI0497,We,13,63
POI0497,We,14,75
POI0497,We,15,89
POI0497,We,16,99
POI0497,We,17,99
POI0497,We,18,87
POI0497,We,19,69
POI0497,We,20,55
POI0497,We,21,47
POI0497,We,22,39
POI0497,We,23,28
POI0497,Th,0,17
POI0497,Th,1,7
POI0497,Th,2,3
POI0497,Th,3,4
POI0497,Th,4,9
POI0497,Th,5,16
POI0497,Th,6,26
POI0497,Th,7,36
POI0497,Th,8,43
POI0497,Th,9,43
POI0497,Th,10,44
POI0497,Th,11,47
POI0497,Th,12,54
POI0497,Th,13,62
POI0497,Th,14,72
POI0497,Th,15,84
POI0497,Th,16,92
POI0497,Th,17,93
POI0497,Th,18,83
POI0497,Th,19,66
POI0497,Th,20,53
POI0497,Th,21,46
POI0497,Th,23,30
POI0497,Fr,0,25
POI0497,Fr,1,13
POI0497,Fr,2,8
POI0497,Fr,3,7
POI0497,Fr,4,9
POI0497,Fr,5,14
POI0497,Fr,6,20
POI0497,Fr,7,27
POI0497,Fr,8,32
POI0497,Fr,9,36
POI0497,Fr,10,41
POI0497,Fr,11,47
POI0497,Fr,12,56
POI0497,Fr,13,65
POI0497,Fr,14,72
POI0497,Fr,15,79
POI0497,Fr,16,82
POI0497,Fr,17,82
POI0497,Fr,18,75
POI0497,Fr,19,64
POI0497,Fr,20,56
POI0497,Fr,21,52
POI0497,Fr,22,50
POI0497,Fr,23,40
POI0497,Sa,0,27
POI0497,Sa,1,16
POI0497,Sa,2,8
POI0497,Sa,3,6
POI0497,Sa,4,6
POI0497,Sa,5,7
POI0497,Sa,6,9
POI0497,Sa,7,13
POI0497,Sa,8,19
POI0497,Sa,9,27
POI0497,Sa,10,37
POI0497,Sa,11,45
POI0497,Sa,12,53
POI0497,Sa,13,61
POI0497,Sa,14,68
POI0497,Sa,15,75
POI0497,Sa,16,80
POI0497,Sa,17,82
POI0497,Sa,18,78
POI0497,Sa,19,68
POI0497,Sa,20,59
POI0497,Sa,21,54
POI0497,Sa,22,50
POI0497,Sa,23,43
POI0497,Su,0,10
POI0497,Su,1,4
POI0497,Su,2,2
POI0497,Su,3,2
POI0497,Su,4,4
POI0497,Su,5,5
POI0497,Su,6,7
POI0497,Su,7,10
POI0497,Su,8,15
POI0497,Su,9,22
POI0497,Su,10,30
POI0497,Su,11,38
POI0497,Su,12,46
POI0497,Su,13,51
POI0497,Su,14,56
POI0497,Su,15,60
POI0497,Su,16,63
POI0497,Su,17,63
POI0497,Su,18,58
POI0497,Su,19,51
POI0497,Su,20,43
POI0497,Su,21,36
POI0497,Su,22,28
POI0497,Su,23,19
POI0502,Mo,4,0
POI0502,Mo,5,6
POI0502,Mo,6,8
POI0502,Mo,7,0
POI0502,Mo,8,0
POI0502,Mo,9,12
POI0502,Mo,10,12
POI0502,Mo,11,13
POI0502,Mo,12,13
POI0502,Mo,13,14
POI0502,Mo,14,18
POI0502,Mo,15,20
POI0502,Mo,16,21
POI0502,Mo,17,20
POI0502,Mo,18,19
POI0502,Mo,19,17
POI0502,Mo,20,17
POI0502,Mo,21,15
POI0502,Tu,4,0
POI0502,Tu,5,6
POI0502,Tu,6,8
POI0502,Tu,7,0
POI0502,Tu,8,0
POI0502,Tu,9,10
POI0502,Tu,10,10
POI0502,Tu,11,13
POI0502,Tu,12,13
POI0502,Tu,13,12
POI0502,Tu,14,10
POI0502,Tu,15,12
POI0502,Tu,16,15
POI0502,Tu,17,16
POI0502,Tu,18,17
POI0502,Tu,19,16
POI0502,Tu,20,16
POI0502,Tu,21,12
POI0502,We,4,0
POI0502,We,5,3
POI0502,We,6,3
POI0502,We,7,0
POI0502,We,8,0
POI0502,We,9,11
POI0502,We,10,16
POI0502,We,11,14
POI0502,We,12,12
POI0502,We,13,12
POI0502,We,14,15
POI0502,We,15,17
POI0502,We,16,20
POI0502,We,17,21
POI0502,We,18,23
POI0502,We,19,22
POI0502,We,20,22
POI0502,We,21,17
POI0502,Th,4,0
POI0502,Th,5,7
POI0502,Th,6,10
POI0502,Th,7,0
POI0502,Th,8,0
POI0502,Th,9,13
POI0502,Th,10,16
POI0502,Th,11,12
POI0502,Th,12,12
POI0502,Th,13,15
POI0502,Th,14,18
POI0502,Th,15,18
POI0502,Th,16,19
POI0502,Th,17,20
POI0502,Th,18,20
POI0502,Th,19,21
POI0502,Th,20,20
POI0502,Th,21,18
POI0502,Fr,4,0
POI0502,Fr,5,6
POI0502,Fr,6,7
POI0502,Fr,7,0
POI0502,Fr,8,0
POI0502,Fr,9,16
POI0502,Fr,10,29
POI0502,Fr,11,57
POI0502,Fr,12,84
POI0502,Fr,13,100
POI0502,Fr,14,68
POI0502,Fr,15,43
POI0502,Fr,16,27
POI0502,Fr,17,25
POI0502,Fr,18,23
POI0502,Fr,19,20
POI0502,Fr,20,18
POI0502,Fr,21,15
POI0502,Sa,4,0
POI0502,Sa,5,6
POI0502,Sa,6,5
POI0502,Sa,7,0
POI0502,Sa,8,0
POI0502,Sa,9,14
POI0502,Sa,10,19
POI0502,Sa,11,20
POI0502,Sa,12,20
POI0502,Sa,13,22
POI0502,Sa,14,29
POI0502,Sa,15,34
POI0502,Sa,16,36
POI0502,Sa,17,36
POI0502,Sa,18,34
POI0502,Sa,19,31
POI0502,Sa,20,24
POI0502,Sa,21,22
POI0502,Su,4,0
POI0502,Su,5,13
POI0502,Su,6,14
POI0502,Su,7,0
POI0502,Su,8,0
POI0502,Su,9,11
POI0502,Su,10,12
POI0502,Su,11,17
POI0502,Su,12,22
POI0502,Su,13,30
POI0502,Su,14,37
POI0502,Su,15,44
POI0502,Su,16,54
POI0502,Su,17,50
POI0502,Su,18,41
POI0502,Su,19,29
POI0502,Su,20,20
POI0502,Su,21,13
POI0503,Mo,0,9
POI0503,Mo,1,5
POI0503,Mo,2,5
POI0503,Mo,3,5
POI0503,Mo,4,8
POI0503,Mo,5,11
POI0503,Mo,6,19
POI0503,Mo,7,34
POI0503,Mo,8,46
POI0503,Mo,9,54
POI0503,Mo,10,65
POI0503,Mo,11,83
POI0503,Mo,12,96
POI0503,Mo,13,79
POI0503,Mo,14,58
POI0503,Mo,15,44
POI0503,Mo,16,48
POI0503,Mo,17,55
POI0503,Mo,18,56
POI0503,Mo,19,50
POI0503,Mo,20,36
POI0503,Mo,21,25
POI0503,Mo,22,14
POI0503,Mo,23,11
POI0503,Tu,0,7
POI0503,Tu,1,7
POI0503,Tu,2,9
POI0503,Tu,3,9
POI0503,Tu,4,8
POI0503,Tu,5,10
POI0503,Tu,6,19
POI0503,Tu,7,36
POI0503,Tu,8,48
POI0503,Tu,9,59
POI0503,Tu,10,69
POI0503,Tu,11,85
POI0503,Tu,12,100
POI0503,Tu,13,92
POI0503,Tu,14,79
POI0503,Tu,15,74
POI0503,Tu,16,74
POI0503,Tu,17,76
POI0503,Tu,18,69
POI0503,Tu,19,56
POI0503,Tu,20,40
POI0503,Tu,21,25
POI0503,Tu,22,14
POI0503,Tu,23,9
POI0503,We,0,5
POI0503,We,1,6
POI0503,We,2,7
POI0503,We,3,7
POI0503,We,4,5
POI0503,We,5,10
POI0503,We,6,19
POI0503,We,7,40
POI0503,We,8,53
POI0503,We,9,64
POI0503,We,10,69
POI0503,We,11,76
POI0503,We,12,85
POI0503,We,13,85
POI0503,We,14,77
POI0503,We,15,72
POI0503,We,16,70
POI0503,We,17,73
POI0503,We,18,73
POI0503,We,19,60
POI0503,We,20,44
POI0503,We,21,29
POI0503,We,22,16
POI0503,We,23,9
POI0503,Th,0,6
POI0503,Th,1,5
POI0503,Th,2,6
POI0503,Th,3,6
POI0503,Th,4,6
POI0503,Th,5,12
POI0503,Th,6,19
POI0503,Th,7,31
POI0503,Th,8,43
POI0503,Th,9,57
POI0503,Th,10,73
POI0503,Th,11,87
POI0503,Th,12,94
POI0503,Th,13,80
POI0503,Th,14,69
POI0503,Th,15,57
POI0503,Th,16,54
POI0503,Th,17,54
POI0503,Th,18,60
POI0503,Th,19,50
POI0503,Th,20,39
POI0503,Th,21,25
POI0503,Th,22,16
POI0503,Fr,0,10
POI0503,Fr,1,7
POI0503,Fr,2,6
POI0503,Fr,3,6
POI0503,Fr,4,7
POI0503,Fr,5,7
POI0503,Fr,6,12
POI0503,Fr,7,21
POI0503,Fr,8,32
POI0503,Fr,9,39
POI0503,Fr,10,45
POI0503,Fr,11,53
POI0503,Fr,12,56
POI0503,Fr,13,52
POI0503,Fr,14,50
POI0503,Fr,15,50
POI0503,Fr,16,55
POI0503,Fr,17,54
POI0503,Fr,18,51
POI0503,Fr,19,42
POI0503,Fr,20,35
POI0503,Fr,21,27
POI0503,Fr,22,20
POI0503,Fr,23,15
POI0503,Sa,0,13
POI0503,Sa,1,9
POI0503,Sa,2,6
POI0503,Sa,3,4
POI0503,Sa,4,5
POI0503,Sa,5,9
POI0503,Sa,6,11
POI0503,Sa,7,15
POI0503,Sa,8,21
POI0503,Sa,9,34
POI0503,Sa,10,43
POI0503,Sa,11,46
POI0503,Sa,12,44
POI0503,Sa,13,48
POI0503,Sa,14,47
POI0503,Sa,15,46
POI0503,Sa,16,48
POI0503,Sa,17,53
POI0503,Sa,18,52
POI0503,Sa,19,44
POI0503,Sa,20,34
POI0503,Sa,21,26
POI0503,Sa,22,19
POI0503,Sa,23,15
POI0503,Su,0,4
POI0503,Su,1,5
POI0503,Su,2,6
POI0503,Su,3,5
POI0503,Su,4,4
POI0503,Su,5,5
POI0503,Su,6,7
POI0503,Su,7,9
POI0503,Su,8,9
POI0503,Su,9,11
POI0503,Su,10,11
POI0503,Su,11,12
POI0503,Su,12,12
POI0503,Su,13,12
POI0503,Su,14,10
POI0503,Su,15,9
POI0503,Su,16,10
POI0503,Su,17,12
POI0503,Su,18,12
POI0503,Su,19,14
POI0503,Su,20,13
POI0503,Su,21,10
POI0503,Su,22,7
POI0503,Su,23,4
POI0504,Mo,0,30
POI0504,Mo,1,22
POI0504,Mo,2,12
POI0504,Mo,3,8
POI0504,Mo,4,10
POI0504,Mo,5,16
POI0504,Mo,6,37
POI0504,Mo,7,58
POI0504,Mo,8,82
POI0504,Mo,9,78
POI0504,Mo,10,78
POI0504,Mo,11,67
POI0504,Mo,12,62
POI0504,Mo,13,65
POI0504,Mo,14,76
POI0504,Mo,15,85
POI0504,Mo,16,91
POI0504,Mo,17,82
POI0504,Mo,18,73
POI0504,Mo,19,61
POI0504,Mo,20,56
POI0504,Mo,21,41
POI0504,Mo,22,33
POI0504,Mo,23,32
POI0504,Tu,0,25
POI0504,Tu,1,16
POI0504,Tu,2,10
POI0504,Tu,3,13
POI0504,Tu,4,20
POI0504,Tu,5,33
POI0504,Tu,6,52
POI0504,Tu,7,70
POI0504,Tu,8,85
POI0504,Tu,9,83
POI0504,Tu,10,68
POI0504,Tu,11,61
POI0504,Tu,12,55
POI0504,Tu,13,60
POI0504,Tu,14,65
POI0504,Tu,15,77
POI0504,Tu,16,85
POI0504,Tu,17,85
POI0504,Tu,18,77
POI0504,Tu,19,71
POI0504,Tu,20,61
POI0504,Tu,21,56
POI0504,Tu,22,46
POI0504,Tu,23,33
POI0504,We,0,25
POI0504,We,1,13
POI0504,We,2,10
POI0504,We,3,10
POI0504,We,4,16
POI0504,We,5,21
POI0504,We,6,43
POI0504,We,7,75
POI0504,We,8,100
POI0504,We,9,97
POI0504,We,10,81
POI0504,We,11,65
POI0504,We,12,57
POI0504,We,13,51
POI0504,We,14,60
POI0504,We,15,67
POI0504,We,16,71
POI0504,We,17,73
POI0504,We,18,67
POI0504,We,19,58
POI0504,We,20,52
POI0504,We,21,51
POI0504,We,22,43
POI0504,We,23,40
POI0504,Th,0,20
POI0504,Th,1,17
POI0504,Th,2,12
POI0504,Th,3,12
POI0504,Th,4,11
POI0504,Th,5,21
POI0504,Th,6,33
POI0504,Th,7,53
POI0504,Th,8,66
POI0504,Th,9,61
POI0504,Th,10,57
POI0504,Th,11,56
POI0504,Th,12,65
POI0504,Th,13,70
POI0504,Th,14,80
POI0504,Th,15,83
POI0504,Th,16,81
POI0504,Th,17,83
POI0504,Th,18,72
POI0504,Th,19,63
POI0504,Th,20,47
POI0504,Th,21,38
POI0504,Th,22,32
POI0504,Fr,0,31
POI0504,Fr,1,18
POI0504,Fr,2,13
POI0504,Fr,3,11
POI0504,Fr,4,11
POI0504,Fr,5,18
POI0504,Fr,6,36
POI0504,Fr,7,57
POI0504,Fr,8,66
POI0504,Fr,9,63
POI0504,Fr,10,50
POI0504,Fr,11,51
POI0504,Fr,12,53
POI0504,Fr,13,61
POI0504,Fr,14,63
POI0504,Fr,15,55
POI0504,Fr,16,53
POI0504,Fr,17,53
POI0504,Fr,18,57
POI0504,Fr,19,55
POI0504,Fr,20,53
POI0504,Fr,21,46
POI0504,Fr,22,46
POI0504,Fr,23,37
POI0504,Sa,0,17
POI0504,Sa,1,21
POI0504,Sa,2,15
POI0504,Sa,3,15
POI0504,Sa,4,7
POI0504,Sa,5,6
POI0504,Sa,6,5
POI0504,Sa,7,11
POI0504,Sa,8,22
POI0504,Sa,9,38
POI0504,Sa,10,45
POI0504,Sa,11,45
POI0504,Sa,12,43
POI0504,Sa,13,42
POI0504,Sa,14,42
POI0504,Sa,15,42
POI0504,Sa,16,41
POI0504,Sa,17,47
POI0504,Sa,18,45
POI0504,Sa,19,51
POI0504,Sa,20,51
POI0504,Sa,21,43
POI0504,Sa,22,35
POI0504,Sa,23,27
POI0504,Su,0,10
POI0504,Su,1,7
POI0504,Su,2,8
POI0504,Su,3,11
POI0504,Su,4,10
POI0504,Su,5,6
POI0504,Su,6,6
POI0504,Su,7,6
POI0504,Su,8,11
POI0504,Su,9,20
POI0504,Su,10,33
POI0504,Su,11,43
POI0504,Su,12,53
POI0504,Su,13,48
POI0504,Su,14,42
POI0504,Su,15,41
POI0504,Su,16,38
POI0504,Su,17,36
POI0504,Su,18,36
POI0504,Su,19,33
POI0504,Su,20,27
POI0504,Su,21,23
POI0504,Su,22,20
POI0504,Su,23,20
POI0511,Mo,0,42
POI0511,Mo,1,32
POI0511,Mo,2,25
POI0511,Mo,3,25
POI0511,Mo,4,22
POI0511,Mo,5,21
POI0511,Mo,6,26
POI0511,Mo,7,33
POI0511,Mo,8,36
POI0511,Mo,9,37
POI0511,Mo,10,38
POI0511,Mo,11,44
POI0511,Mo,12,53
POI0511,Mo,13,58
POI0511,Mo,14,67
POI0511,Mo,15,73
POI0511,Mo,16,79
POI0511,Mo,17,76
POI0511,Mo,18,69
POI0511,Mo,19,63
POI0511,Mo,20,57
POI0511,Mo,21,54
POI0511,Mo,22,52
POI0511,Mo,23,52
POI0511,Tu,0,47
POI0511,Tu,1,35
POI0511,Tu,2,28
POI0511,Tu,3,22
POI0511,Tu,4,22
POI0511,Tu,5,21
POI0511,Tu,6,25
POI0511,Tu,7,30
POI0511,Tu,8,31
POI0511,Tu,9,29
POI0511,Tu,10,30
POI0511,Tu,11,42
POI0511,Tu,12,56
POI0511,Tu,13,68
POI0511,Tu,14,74
POI0511,Tu,15,80
POI0511,Tu,16,86
POI0511,Tu,17,89
POI0511,Tu,18,81
POI0511,Tu,19,70
POI0511,Tu,20,63
POI0511,Tu,21,62
POI0511,Tu,22,65
POI0511,Tu,23,63
POI0511,We,0,33
POI0511,We,1,25
POI0511,We,2,20
POI0511,We,3,20
POI0511,We,4,22
POI0511,We,5,30
POI0511,We,6,38
POI0511,We,7,45
POI0511,We,8,49
POI0511,We,9,50
POI0511,We,10,53
POI0511,We,11,55
POI0511,We,12,62
POI0511,We,13,69
POI0511,We,14,81
POI0511,We,15,90
POI0511,We,16,99
POI0511,We,17,99
POI0511,We,18,93
POI0511,We,19,77
POI0511,We,20,73
POI0511,We,21,71
POI0511,We,22,66
POI0511,We,23,55
POI0511,Th,0,34
POI0511,Th,1,25
POI0511,Th,2,19
POI0511,Th,3,19
POI0511,Th,4,20
POI0511,Th,5,24
POI0511,Th,6,30
POI0511,Th,7,33
POI0511,Th,8,35
POI0511,Th,9,31
POI0511,Th,10,36
POI0511,Th,11,38
POI0511,Th,12,44
POI0511,Th,13,56
POI0511,Th,14,71
POI0511,Th,15,85
POI0511,Th,16,91
POI0511,Th,17,89
POI0511,Th,18,84
POI0511,Th,19,75
POI0511,Th,20,71
POI0511,Th,21,68
POI0511,Th,23,55
POI0511,Fr,0,49
POI0511,Fr,1,36
POI0511,Fr,2,30
POI0511,Fr,3,28
POI0511,Fr,4,22
POI0511,Fr,5,22
POI0511,Fr,6,22
POI0511,Fr,7,27
POI0511,Fr,8,34
POI0511,Fr,9,38
POI0511,Fr,10,44
POI0511,Fr,11,46
POI0511,Fr,12,55
POI0511,Fr,13,58
POI0511,Fr,14,68
POI0511,Fr,15,77
POI0511,Fr,16,89
POI0511,Fr,17,97
POI0511,Fr,18,95
POI0511,Fr,19,92
POI0511,Fr,20,90
POI0511,Fr,21,84
POI0511,Fr,22,80
POI0511,Fr,23,71
POI0511,Sa,0,54
POI0511,Sa,1,37
POI0511,Sa,2,28
POI0511,Sa,3,27
POI0511,Sa,4,27
POI0511,Sa,5,29
POI0511,Sa,6,29
POI0511,Sa,7,30
POI0511,Sa,8,30
POI0511,Sa,9,34
POI0511,Sa,10,40
POI0511,Sa,11,51
POI0511,Sa,12,66
POI0511,Sa,13,79
POI0511,Sa,14,89
POI0511,Sa,15,97
POI0511,Sa,16,100
POI0511,Sa,17,99
POI0511,Sa,18,94
POI0511,Sa,19,90
POI0511,Sa,20,86
POI0511,Sa,21,87
POI0511,Sa,22,86
POI0511,Sa,23,79
POI0511,Su,0,45
POI0511,Su,1,36
POI0511,Su,2,33
POI0511,Su,3,29
POI0511,Su,4,25
POI0511,Su,5,22
POI0511,Su,6,20
POI0511,Su,7,24
POI0511,Su,8,30
POI0511,Su,9,35
POI0511,Su,10,39
POI0511,Su,11,46
POI0511,Su,12,52
POI0511,Su,13,63
POI0511,Su,14,76
POI0511,Su,15,88
POI0511,Su,16,94
POI0511,Su,17,97
POI0511,Su,18,90
POI0511,Su,19,82
POI0511,Su,20,72
POI0511,Su,21,68
POI0511,Su,22,67
POI0511,Su,23,61
POI0521,Tu,6,0
POI0521,Tu,7,0
POI0521,Tu,8,0
POI0521,Tu,9,0
POI0521,Tu,10,36
POI0521,Tu,11,49
POI0521,Tu,12,64
POI0521,Tu,13,72
POI0521,Tu,14,71
POI0521,Tu,15,64
POI0521,Tu,16,54
POI0521,Tu,17,41
POI0521,Tu,18,0
POI0521,Tu,19,0
POI0521,Tu,20,0
POI0521,Tu,21,0
POI0521,Tu,22,0
POI0521,Tu,23,0
POI0521,We,6,0
POI0521,We,7,0
POI0521,We,8,0
POI0521,We,9,0
POI0521,We,10,43
POI0521,We,11,56
POI0521,We,12,62
POI0521,We,13,68
POI0521,We,14,67
POI0521,We,15,62
POI0521,We,16,54
POI0521,We,17,40
POI0521,We,18,0
POI0521,We,19,0
POI0521,We,20,0
POI0521,We,21,0
POI0521,We,22,0
POI0521,We,23,0
POI0521,Th,6,0
POI0521,Th,7,0
POI0521,Th,8,0
POI0521,Th,9,0
POI0521,Th,10,39
POI0521,Th,11,54
POI0521,Th,12,69
POI0521,Th,13,75
POI0521,Th,14,72
POI0521,Th,15,65
POI0521,Th,16,60
POI0521,Th,17,52
POI0521,Th,18,47
POI0521,Th,19,39
POI0521,Th,20,0
POI0521,Th,21,0
POI0521,Th,22,0
POI0521,Th,23,0
POI0521,Fr,6,0
POI0521,Fr,7,0
POI0521,Fr,8,0
POI0521,Fr,9,0
POI0521,Fr,10,43
POI0521,Fr,11,54
POI0521,Fr,12,62
POI0521,Fr,13,63
POI0521,Fr,14,66
POI0521,Fr,15,60
POI0521,Fr,16,51
POI0521,Fr,17,40
POI0521,Fr,18,0
POI0521,Fr,19,0
POI0521,Fr,20,0
POI0521,Fr,21,0
POI0521,Fr,22,0
POI0521,Fr,23,0
POI0521,Sa,6,0
POI0521,Sa,7,0
POI0521,Sa,8,0
POI0521,Sa,9,0
POI0521,Sa,10,0
POI0521,Sa,11,33
POI0521,Sa,12,51
POI0521,Sa,13,64
POI0521,Sa,14,71
POI0521,Sa,15,69
POI0521,Sa,16,64
POI0521,Sa,17,52
POI0521,Sa,18,0
POI0521,Sa,19,0
POI0521,Sa,20,0
POI0521,Sa,21,0
POI0521,Sa,22,0
POI0521,Sa,23,0
POI0521,Su,6,0
POI0521,Su,7,0
POI0521,Su,8,0
POI0521,Su,9,0
POI0521,Su,10,0
POI0521,Su,11,50
POI0521,Su,12,74
POI0521,Su,13,90
POI0521,Su,14,98
POI0521,Su,15,100
POI0521,Su,16,86
POI0521,Su,17,64
POI0521,Su,18,0
POI0521,Su,19,0
POI0521,Su,20,0
POI0521,Su,21,0
POI0521,Su,22,0
POI0521,Su,23,0
POI0526,Mo,0,11
POI0526,Mo,1,5
POI0526,Mo,2,3
POI0526,Mo,3,4
POI0526,Mo,4,10
POI0526,Mo,5,19
POI0526,Mo,6,30
POI0526,Mo,7,42
POI0526,Mo,8,48
POI0526,Mo,9,47
POI0526,Mo,10,45
POI0526,Mo,11,47
POI0526,Mo,12,53
POI0526,Mo,13,61
POI0526,Mo,14,70
POI0526,Mo,15,79
POI0526,Mo,16,87
POI0526,Mo,17,87
POI0526,Mo,18,80
POI0526,Mo,19,65
POI0526,Mo,20,52
POI0526,Mo,21,41
POI0526,Mo,22,32
POI0526,Mo,23,22
POI0526,Tu,0,13
POI0526,Tu,1,6
POI0526,Tu,2,3
POI0526,Tu,3,5
POI0526,Tu,4,11
POI0526,Tu,5,20
POI0526,Tu,6,34
POI0526,Tu,7,48
POI0526,Tu,8,56
POI0526,Tu,9,54
POI0526,Tu,10,50
POI0526,Tu,11,49
POI0526,Tu,12,54
POI0526,Tu,13,62
POI0526,Tu,14,73
POI0526,Tu,15,85
POI0526,Tu,16,95
POI0526,Tu,17,100
POI0526,Tu,18,94
POI0526,Tu,19,77
POI0526,Tu,20,61
POI0526,Tu,21,48
POI0526,Tu,22,37
POI0526,Tu,23,25
POI0526,We,0,15
POI0526,We,1,7
POI0526,We,2,4
POI0526,We,3,5
POI0526,We,4,10
POI0526,We,5,19
POI0526,We,6,32
POI0526,We,7,45
POI0526,We,8,54
POI0526,We,9,53
POI0526,We,10,49
POI0526,We,11,49
POI0526,We,12,53
POI0526,We,13,59
POI0526,We,14,69
POI0526,We,15,81
POI0526,We,16,92
POI0526,We,17,97
POI0526,We,18,92
POI0526,We,19,77
POI0526,We,20,62
POI0526,We,21,49
POI0526,We,22,40
POI0526,We,23,28
POI0526,Th,0,18
POI0526,Th,1,9
POI0526,Th,2,5
POI0526,Th,3,6
POI0526,Th,4,10
POI0526,Th,5,17
POI0526,Th,6,28
POI0526,Th,7,40
POI0526,Th,8,48
POI0526,Th,9,49
POI0526,Th,10,46
POI0526,Th,11,47
POI0526,Th,12,51
POI0526,Th,13,59
POI0526,Th,14,68
POI0526,Th,15,79
POI0526,Th,16,88
POI0526,Th,17,91
POI0526,Th,18,86
POI0526,Th,19,72
POI0526,Th,20,59
POI0526,Th,21,50
POI0526,Th,23,32
POI0526,Fr,0,24
POI0526,Fr,1,16
POI0526,Fr,2,11
POI0526,Fr,3,10
POI0526,Fr,4,11
POI0526,Fr,5,15
POI0526,Fr,6,22
POI0526,Fr,7,30
POI0526,Fr,8,36
POI0526,Fr,9,40
POI0526,Fr,10,43
POI0526,Fr,11,48
POI0526,Fr,12,55
POI0526,Fr,13,63
POI0526,Fr,14,69
POI0526,Fr,15,75
POI0526,Fr,16,78
POI0526,Fr,17,79
POI0526,Fr,18,75
POI0526,Fr,19,66
POI0526,Fr,20,57
POI0526,Fr,21,51
POI0526,Fr,22,45
POI0526,Fr,23,37
POI0526,Sa,0,25
POI0526,Sa,1,17
POI0526,Sa,2,12
POI0526,Sa,3,10
POI0526,Sa,4,9
POI0526,Sa,5,9
POI0526,Sa,6,10
POI0526,Sa,7,13
POI0526,Sa,8,20
POI0526,Sa,9,29
POI0526,Sa,10,39
POI0526,Sa,11,47
POI0526,Sa,12,54
POI0526,Sa,13,60
POI0526,Sa,14,66
POI0526,Sa,15,70
POI0526,Sa,16,74
POI0526,Sa,17,75
POI0526,Sa,18,73
POI0526,Sa,19,67
POI0526,Sa,20,60
POI0526,Sa,21,53
POI0526,Sa,22,46
POI0526,Sa,23,38
POI0526,Su,0,11
POI0526,Su,1,6
POI0526,Su,2,4
POI0526,Su,3,5
POI0526,Su,4,8
POI0526,Su,5,10
POI0526,Su,6,11
POI0526,Su,7,13
POI0526,Su,8,17
POI0526,Su,9,24
POI0526,Su,10,32
POI0526,Su,11,39
POI0526,Su,12,45
POI0526,Su,13,51
POI0526,Su,14,56
POI0526,Su,15,59
POI0526,Su,16,61
POI0526,Su,17,61
POI0526,Su,18,57
POI0526,Su,19,51
POI0526,Su,20,44
POI0526,Su,21,37
POI0526,Su,22,29
POI0526,Su,23,21
POI0528,Mo,6,0
POI0528,Mo,7,0
POI0528,Mo,8,0
POI0528,Mo,9,0
POI0528,Mo,10,0
POI0528,Mo,11,24
POI0528,Mo,12,24
POI0528,Mo,13,24
POI0528,Mo,14,23
POI0528,Mo,15,21
POI0528,Mo,16,24
POI0528,Mo,17,28
POI0528,Mo,18,39
POI0528,Mo,19,49
POI0528,Mo,20,54
POI0528,Mo,21,52
POI0528,Mo,22,40
POI0528,Mo,23,22
POI0528,Tu,6,0
POI0528,Tu,7,0
POI0528,Tu,8,0
POI0528,Tu,9,0
POI0528,Tu,10,0
POI0528,Tu,11,15
POI0528,Tu,12,21
POI0528,Tu,13,26
POI0528,Tu,14,28
POI0528,Tu,15,30
POI0528,Tu,16,28
POI0528,Tu,17,32
POI0528,Tu,18,34
POI0528,Tu,19,37
POI0528,Tu,20,42
POI0528,Tu,21,49
POI0528,Tu,22,48
POI0528,Tu,23,36
POI0528,We,6,0
POI0528,We,7,0
POI0528,We,8,0
POI0528,We,9,0
POI0528,We,10,0
POI0528,We,11,17
POI0528,We,12,20
POI0528,We,13,22
POI0528,We,14,23
POI0528,We,15,24
POI0528,We,16,27
POI0528,We,17,32
POI0528,We,18,38
POI0528,We,19,45
POI0528,We,20,46
POI0528,We,21,46
POI0528,We,22,35
POI0528,We,23,25
POI0528,Th,6,0
POI0528,Th,7,0
POI0528,Th,8,0
POI0528,Th,9,0
POI0528,Th,10,0
POI0528,Th,11,18
POI0528,Th,12,21
POI0528,Th,13,20
POI0528,Th,14,17
POI0528,Th,15,17
POI0528,Th,16,17
POI0528,Th,17,24
POI0528,Th,18,32
POI0528,Th,19,48
POI0528,Th,20,51
POI0528,Th,21,51
POI0528,Th,23,26
POI0528,Fr,6,0
POI0528,Fr,7,0
POI0528,Fr,8,0
POI0528,Fr,9,0
POI0528,Fr,10,0
POI0528,Fr,11,19
POI0528,Fr,12,21
POI0528,Fr,13,20
POI0528,Fr,14,21
POI0528,Fr,15,25
POI0528,Fr,16,28
POI0528,Fr,17,35
POI0528,Fr,18,44
POI0528,Fr,19,60
POI0528,Fr,20,78
POI0528,Fr,21,89
POI0528,Fr,22,92
POI0528,Fr,23,75
POI0528,Sa,6,0
POI0528,Sa,7,0
POI0528,Sa,8,0
POI0528,Sa,9,0
POI0528,Sa,10,0
POI0528,Sa,11,11
POI0528,Sa,12,14
POI0528,Sa,13,16
POI0528,Sa,14,20
POI0528,Sa,15,23
POI0528,Sa,16,29
POI0528,Sa,17,39
POI0528,Sa,18,58
POI0528,Sa,19,84
POI0528,Sa,20,96
POI0528,Sa,21,100
POI0528,Sa,22,79
POI0528,Sa,23,54
POI0528,Su,6,0
POI0528,Su,7,0
POI0528,Su,8,0
POI0528,Su,9,0
POI0528,Su,10,0
POI0528,Su,11,0
POI0528,Su,12,0
POI0528,Su,13,0
POI0528,Su,14,0
POI0528,Su,15,0
POI0528,Su,16,0
POI0528,Su,17,0
POI0528,Su,18,73
POI0528,Su,19,72
POI0528,Su,20,61
POI0528,Su,21,43
POI0528,Su,22,26
POI0528,Su,23,14
POI0531,Mo,0,52
POI0531,Mo,1,57
POI0531,Mo,2,73
POI0531,Mo,3,71
POI0531,Mo,4,71
POI0531,Mo,5,60
POI0531,Mo,6,60
POI0531,Mo,7,60
POI0531,Mo,8,68
POI0531,Mo,9,44
POI0531,Mo,10,42
POI0531,Mo,11,34
POI0531,Mo,12,39
POI0531,Mo,13,39
POI0531,Mo,14,31
POI0531,Mo,15,31
POI0531,Mo,16,31
POI0531,Mo,17,28
POI0531,Mo,18,31
POI0531,Mo,19,39
POI0531,Mo,20,42
POI0531,Mo,21,44
POI0531,Mo,22,39
POI0531,Mo,23,47
POI0531,Tu,0,31
POI0531,Tu,1,28
POI0531,Tu,2,36
POI0531,Tu,3,57
POI0531,Tu,4,50
POI0531,Tu,5,63
POI0531,Tu,6,57
POI0531,Tu,7,65
POI0531,Tu,8,65
POI0531,Tu,9,47
POI0531,Tu,10,42
POI0531,Tu,11,31
POI0531,Tu,12,50
POI0531,Tu,13,36
POI0531,Tu,14,44
POI0531,Tu,15,47
POI0531,Tu,16,39
POI0531,Tu,17,39
POI0531,Tu,18,50
POI0531,Tu,19,55
POI0531,Tu,20,63
POI0531,Tu,21,71
POI0531,Tu,22,52
POI0531,Tu,23,42
POI0531,We,0,73
POI0531,We,1,68
POI0531,We,2,71
POI0531,We,3,71
POI0531,We,4,68
POI0531,We,5,60
POI0531,We,6,55
POI0531,We,7,52
POI0531,We,8,50
POI0531,We,9,71
POI0531,We,10,60
POI0531,We,11,60
POI0531,We,12,55
POI0531,We,13,44
POI0531,We,14,47
POI0531,We,15,47
POI0531,We,16,55
POI0531,We,17,65
POI0531,We,18,63
POI0531,We,19,57
POI0531,We,20,68
POI0531,We,21,73
POI0531,We,22,100
POI0531,We,23,86
POI0531,Th,0,23
POI0531,Th,1,26
POI0531,Th,2,42
POI0531,Th,3,52
POI0531,Th,4,65
POI0531,Th,5,50
POI0531,Th,6,39
POI0531,Th,7,42
POI0531,Th,8,36
POI0531,Th,9,44
POI0531,Th,10,47
POI0531,Th,11,47
POI0531,Th,12,47
POI0531,Th,13,52
POI0531,Th,14,63
POI0531,Th,15,73
POI0531,Th,16,68
POI0531,Th,17,57
POI0531,Th,18,55
POI0531,Th,19,47
POI0531,Th,20,42
POI0531,Th,21,26
POI0531,Th,22,21
POI0531,Th,23,23
POI0531,Fr,0,42
POI0531,Fr,1,50
POI0531,Fr,2,39
POI0531,Fr,3,36
POI0531,Fr,4,36
POI0531,Fr,5,44
POI0531,Fr,6,60
POI0531,Fr,7,81
POI0531,Fr,8,97
POI0531,Fr,9,89
POI0531,Fr,10,78
POI0531,Fr,11,63
POI0531,Fr,12,68
POI0531,Fr,13,65
POI0531,Fr,14,60
POI0531,Fr,15,47
POI0531,Fr,16,36
POI0531,Fr,17,31
POI0531,Fr,18,34
POI0531,Fr,19,39
POI0531,Fr,20,44
POI0531,Fr,21,44
POI0531,Fr,22,42
POI0531,Fr,23,39
POI0531,Sa,0,68
POI0531,Sa,1,57
POI0531,Sa,2,52
POI0531,Sa,3,55
POI0531,Sa,4,44
POI0531,Sa,5,42
POI0531,Sa,6,44
POI0531,Sa,7,47
POI0531,Sa,8,47
POI0531,Sa,9,36
POI0531,Sa,10,31
POI0531,Sa,11,34
POI0531,Sa,12,36
POI0531,Sa,13,44
POI0531,Sa,14,36
POI0531,Sa,15,36
POI0531,Sa,16,39
POI0531,Sa,17,47
POI0531,Sa,18,52
POI0531,Sa,19,57
POI0531,Sa,20,55
POI0531,Sa,21,47
POI0531,Sa,22,55
POI0531,Sa,23,50
POI0531,Su,0,55
POI0531,Su,1,89
POI0531,Su,2,76
POI0531,Su,3,78
POI0531,Su,4,44
POI0531,Su,5,42
POI0531,Su,6,36
POI0531,Su,7,47
POI0531,Su,8,78
POI0531,Su,9,78
POI0531,Su,10,73
POI0531,Su,11,71
POI0531,Su,12,76
POI0531,Su,13,60
POI0531,Su,14,50
POI0531,Su,15,50
POI0531,Su,16,68
POI0531,Su,17,71
POI0531,Su,18,55
POI0531,Su,19,47
POI0531,Su,20,52
POI0531,Su,21,57
POI0531,Su,22,50
POI0531,Su,23,44
POI0532,Mo,6,0
POI0532,Mo,7,0
POI0532,Mo,8,0
POI0532,Mo,9,43
POI0532,Mo,10,53
POI0532,Mo,11,59
POI0532,Mo,12,67
POI0532,Mo,13,70
POI0532,Mo,14,74
POI0532,Mo,15,69
POI0532,Mo,16,65
POI0532,Mo,17,51
POI0532,Mo,18,0
POI0532,Mo,19,0
POI0532,Mo,20,0
POI0532,Mo,21,0
POI0532,Mo,22,0
POI0532,Mo,23,0
POI0532,Tu,6,0
POI0532,Tu,7,0
POI0532,Tu,8,0
POI0532,Tu,9,51
POI0532,Tu,10,73
POI0532,Tu,11,88
POI0532,Tu,12,95
POI0532,Tu,13,89
POI0532,Tu,14,85
POI0532,Tu,15,83
POI0532,Tu,16,82
POI0532,Tu,17,67
POI0532,Tu,18,0
POI0532,Tu,19,0
POI0532,Tu,20,0
POI0532,Tu,21,0
POI0532,Tu,22,0
POI0532,Tu,23,0
POI0532,We,6,0
POI0532,We,7,0
POI0532,We,8,0
POI0532,We,9,47
POI0532,We,10,60
POI0532,We,11,79
POI0532,We,12,86
POI0532,We,13,100
POI0532,We,14,98
POI0532,We,15,95
POI0532,We,16,83
POI0532,We,17,67
POI0532,We,18,0
POI0532,We,19,0
POI0532,We,20,0
POI0532,We,21,0
POI0532,We,22,0
POI0532,We,23,0
POI0532,Th,6,0
POI0532,Th,7,0
POI0532,Th,8,0
POI0532,Th,9,49
POI0532,Th,10,69
POI0532,Th,11,86
POI0532,Th,12,95
POI0532,Th,13,99
POI0532,Th,14,96
POI0532,Th,15,90
POI0532,Th,16,80
POI0532,Th,17,60
POI0532,Th,18,0
POI0532,Th,19,0
POI0532,Th,20,0
POI0532,Th,21,0
POI0532,Th,22,0
POI0532,Th,23,0
POI0532,Fr,6,0
POI0532,Fr,7,0
POI0532,Fr,8,0
POI0532,Fr,9,43
POI0532,Fr,10,56
POI0532,Fr,11,68
POI0532,Fr,12,70
POI0532,Fr,13,71
POI0532,Fr,14,67
POI0532,Fr,15,59
POI0532,Fr,16,47
POI0532,Fr,17,32
POI0532,Fr,18,0
POI0532,Fr,19,0
POI0532,Fr,20,0
POI0532,Fr,21,0
POI0532,Fr,22,0
POI0532,Fr,23,0
POI0532,Sa,6,0
POI0532,Sa,7,0
POI0532,Sa,8,0
POI0532,Sa,9,36
POI0532,Sa,10,50
POI0532,Sa,11,62
POI0532,Sa,12,71
POI0532,Sa,13,80
POI0532,Sa,14,80
POI0532,Sa,15,73
POI0532,Sa,16,56
POI0532,Sa,17,38
POI0532,Sa,18,0
POI0532,Sa,19,0
POI0532,Sa,20,0
POI0532,Sa,21,0
POI0532,Sa,22,0
POI0532,Sa,23,0
POI0532,Su,6,0
POI0532,Su,7,0
POI0532,Su,8,0
POI0532,Su,9,23
POI0532,Su,10,39
POI0532,Su,11,47
POI0532,Su,12,59
POI0532,Su,13,61
POI0532,Su,14,56
POI0532,Su,15,46
POI0532,Su,16,34
POI0532,Su,17,26
POI0532,Su,18,0
POI0532,Su,19,0
POI0532,Su,20,0
POI0532,Su,21,0
POI0532,Su,22,0
POI0532,Su,23,0
POI0538,Mo,0,3
POI0538,Mo,1,2
POI0538,Mo,2,3
POI0538,Mo,3,2
POI0538,Mo,4,2
POI0538,Mo,5,3
POI0538,Mo,6,5
POI0538,Mo,7,7
POI0538,Mo,8,9
POI0538,Mo,9,13
POI0538,Mo,10,17
POI0538,Mo,11,21
POI0538,Mo,12,24
POI0538,Mo,13,30
POI0538,Mo,14,36
POI0538,Mo,15,40
POI0538,Mo,16,40
POI0538,Mo,17,38
POI0538,Mo,18,32
POI0538,Mo,19,24
POI0538,Mo,20,17
POI0538,Mo,21,13
POI0538,Mo,22,8
POI0538,Mo,23,5
POI0538,Tu,0,5
POI0538,Tu,1,3
POI0538,Tu,2,2
POI0538,Tu,3,2
POI0538,Tu,4,4
POI0538,Tu,5,6
POI0538,Tu,6,8
POI0538,Tu,7,10
POI0538,Tu,8,13
POI0538,Tu,9,18
POI0538,Tu,10,21
POI0538,Tu,11,24
POI0538,Tu,12,26
POI0538,Tu,13,30
POI0538,Tu,14,33
POI0538,Tu,15,38
POI0538,Tu,16,45
POI0538,Tu,17,46
POI0538,Tu,18,39
POI0538,Tu,19,30
POI0538,Tu,20,20
POI0538,Tu,21,13
POI0538,Tu,22,8
POI0538,Tu,23,7
POI0538,We,0,5
POI0538,We,1,5
POI0538,We,2,4
POI0538,We,3,5
POI0538,We,4,5
POI0538,We,5,5
POI0538,We,6,7
POI0538,We,7,8
POI0538,We,8,12
POI0538,We,9,15
POI0538,We,10,19
POI0538,We,11,23
POI0538,We,12,27
POI0538,We,13,32
POI0538,We,14,39
POI0538,We,15,45
POI0538,We,16,47
POI0538,We,17,44
POI0538,We,18,37
POI0538,We,19,29
POI0538,We,20,20
POI0538,We,21,14
POI0538,We,22,9
POI0538,We,23,6
POI0538,Th,0,5
POI0538,Th,1,5
POI0538,Th,2,6
POI0538,Th,3,5
POI0538,Th,4,4
POI0538,Th,5,3
POI0538,Th,6,5
POI0538,Th,7,8
POI0538,Th,8,13
POI0538,Th,9,15
POI0538,Th,10,17
POI0538,Th,11,20
POI0538,Th,12,23
POI0538,Th,13,28
POI0538,Th,14,33
POI0538,Th,15,38
POI0538,Th,16,44
POI0538,Th,17,44
POI0538,Th,18,38
POI0538,Th,19,28
POI0538,Th,20,20
POI0538,Th,21,15
POI0538,Th,23,7
POI0538,Fr,0,15
POI0538,Fr,1,10
POI0538,Fr,2,6
POI0538,Fr,3,5
POI0538,Fr,4,4
POI0538,Fr,5,5
POI0538,Fr,6,6
POI0538,Fr,7,9
POI0538,Fr,8,10
POI0538,Fr,9,13
POI0538,Fr,10,16
POI0538,Fr,11,23
POI0538,Fr,12,31
POI0538,Fr,13,42
POI0538,Fr,14,54
POI0538,Fr,15,68
POI0538,Fr,16,74
POI0538,Fr,17,74
POI0538,Fr,18,65
POI0538,Fr,19,57
POI0538,Fr,20,46
POI0538,Fr,21,39
POI0538,Fr,22,30
POI0538,Fr,23,23
POI0538,Sa,0,8
POI0538,Sa,1,7
POI0538,Sa,2,5
POI0538,Sa,3,4
POI0538,Sa,4,4
POI0538,Sa,5,5
POI0538,Sa,6,6
POI0538,Sa,7,9
POI0538,Sa,8,14
POI0538,Sa,9,19
POI0538,Sa,10,23
POI0538,Sa,11,29
POI0538,Sa,12,39
POI0538,Sa,13,52
POI0538,Sa,14,73
POI0538,Sa,15,91
POI0538,Sa,16,100
POI0538,Sa,17,92
POI0538,Sa,18,71
POI0538,Sa,19,50
POI0538,Sa,20,33
POI0538,Sa,21,24
POI0538,Sa,22,16
POI0538,Sa,23,12
POI0538,Su,0,3
POI0538,Su,1,3
POI0538,Su,2,4
POI0538,Su,3,4
POI0538,Su,4,4
POI0538,Su,5,4
POI0538,Su,6,5
POI0538,Su,7,6
POI0538,Su,8,7
POI0538,Su,9,11
POI0538,Su,10,20
POI0538,Su,11,29
POI0538,Su,12,43
POI0538,Su,13,58
POI0538,Su,14,72
POI0538,Su,15,83
POI0538,Su,16,85
POI0538,Su,17,79
POI0538,Su,18,59
POI0538,Su,19,38
POI0538,Su,20,21
POI0538,Su,21,11
POI0538,Su,22,6
POI0538,Su,23,3
POI0539,Mo,0,60
POI0539,Mo,1,57
POI0539,Mo,2,62
POI0539,Mo,3,60
POI0539,Mo,4,48
POI0539,Mo,5,40
POI0539,Mo,6,42
POI0539,Mo,7,51
POI0539,Mo,8,62
POI0539,Mo,9,62
POI0539,Mo,10,54
POI0539,Mo,11,45
POI0539,Mo,12,37
POI0539,Mo,13,34
POI0539,Mo,14,40
POI0539,Mo,15,42
POI0539,Mo,16,60
POI0539,Mo,17,68
POI0539,Mo,18,57
POI0539,Mo,19,62
POI0539,Mo,20,57
POI0539,Mo,21,51
POI0539,Mo,22,40
POI0539,Mo,23,42
POI0539,Tu,0,48
POI0539,Tu,1,45
POI0539,Tu,2,51
POI0539,Tu,3,51
POI0539,Tu,4,62
POI0539,Tu,5,68
POI0539,Tu,6,68
POI0539,Tu,7,51
POI0539,Tu,8,57
POI0539,Tu,9,45
POI0539,Tu,10,65
POI0539,Tu,11,60
POI0539,Tu,12,65
POI0539,Tu,13,51
POI0539,Tu,14,42
POI0539,Tu,15,42
POI0539,Tu,16,51
POI0539,Tu,17,60
POI0539,Tu,18,82
POI0539,Tu,19,91
POI0539,Tu,20,91
POI0539,Tu,21,57
POI0539,Tu,22,40
POI0539,Tu,23,34
POI0539,We,0,74
POI0539,We,1,62
POI0539,We,2,77
POI0539,We,3,48
POI0539,We,4,54
POI0539,We,5,54
POI0539,We,6,51
POI0539,We,7,51
POI0539,We,8,54
POI0539,We,9,51
POI0539,We,10,42
POI0539,We,11,31
POI0539,We,12,25
POI0539,We,13,28
POI0539,We,14,31
POI0539,We,15,34
POI0539,We,16,48
POI0539,We,17,51
POI0539,We,18,60
POI0539,We,19,68
POI0539,We,20,62
POI0539,We,21,60
POI0539,We,22,62
POI0539,We,23,51
POI0539,Th,0,57
POI0539,Th,1,62
POI0539,Th,2,57
POI0539,Th,3,45
POI0539,Th,4,34
POI0539,Th,5,31
POI0539,Th,6,31
POI0539,Th,7,42
POI0539,Th,8,48
POI0539,Th,9,54
POI0539,Th,10,54
POI0539,Th,11,68
POI0539,Th,12,60
POI0539,Th,13,57
POI0539,Th,14,48
POI0539,Th,15,42
POI0539,Th,16,40
POI0539,Th,17,28
POI0539,Th,18,31
POI0539,Th,19,31
POI0539,Th,20,37
POI0539,Th,21,42
POI0539,Th,23,48
POI0539,Fr,0,62
POI0539,Fr,1,71
POI0539,Fr,2,68
POI0539,Fr,3,82
POI0539,Fr,4,68
POI0539,Fr,5,54
POI0539,Fr,6,57
POI0539,Fr,7,60
POI0539,Fr,8,62
POI0539,Fr,9,62
POI0539,Fr,10,54
POI0539,Fr,11,34
POI0539,Fr,12,37
POI0539,Fr,13,51
POI0539,Fr,14,51
POI0539,Fr,15,60
POI0539,Fr,16,48
POI0539,Fr,17,62
POI0539,Fr,18,62
POI0539,Fr,19,74
POI0539,Fr,20,62
POI0539,Fr,21,62
POI0539,Fr,22,54
POI0539,Fr,23,68
POI0539,Sa,0,65
POI0539,Sa,1,48
POI0539,Sa,2,34
POI0539,Sa,3,40
POI0539,Sa,4,45
POI0539,Sa,5,51
POI0539,Sa,6,62
POI0539,Sa,7,57
POI0539,Sa,8,54
POI0539,Sa,9,48
POI0539,Sa,10,65
POI0539,Sa,11,71
POI0539,Sa,12,62
POI0539,Sa,13,68
POI0539,Sa,14,80
POI0539,Sa,15,85
POI0539,Sa,16,88
POI0539,Sa,17,100
POI0539,Sa,18,80
POI0539,Sa,19,65
POI0539,Sa,20,48
POI0539,Sa,21,45
POI0539,Sa,22,57
POI0539,Sa,23,65
POI0539,Su,0,80
POI0539,Su,1,74
POI0539,Su,2,54
POI0539,Su,3,57
POI0539,Su,4,65
POI0539,Su,5,54
POI0539,Su,6,60
POI0539,Su,7,57
POI0539,Su,8,60
POI0539,Su,9,51
POI0539,Su,10,48
POI0539,Su,11,57
POI0539,Su,12,54
POI0539,Su,13,57
POI0539,Su,14,57
POI0539,Su,15,57
POI0539,Su,16,54
POI0539,Su,17,57
POI0539,Su,18,68
POI0539,Su,19,82
POI0539,Su,20,80
POI0539,Su,21,80
POI0539,Su,22,88
POI0539,Su,23,88
POI0541,Mo,6,0
POI0541,Mo,7,0
POI0541,Mo,8,0
POI0541,Mo,9,23
POI0541,Mo,10,38
POI0541,Mo,11,51
POI0541,Mo,12,60
POI0541,Mo,13,63
POI0541,Mo,14,64
POI0541,Mo,15,63
POI0541,Mo,16,61
POI0541,Mo,17,55
POI0541,Mo,18,47
POI0541,Mo,19,34
POI0541,Mo,20,22
POI0541,Mo,21,0
POI0541,Mo,22,0
POI0541,Mo,23,0
POI0541,Tu,6,0
POI0541,Tu,7,0
POI0541,Tu,8,0
POI0541,Tu,9,23
POI0541,Tu,10,34
POI0541,Tu,11,45
POI0541,Tu,12,53
POI0541,Tu,13,59
POI0541,Tu,14,62
POI0541,Tu,15,64
POI0541,Tu,16,63
POI0541,Tu,17,57
POI0541,Tu,18,47
POI0541,Tu,19,35
POI0541,Tu,20,22
POI0541,Tu,21,0
POI0541,Tu,22,0
POI0541,Tu,23,0
POI0541,We,6,0
POI0541,We,7,0
POI0541,We,8,0
POI0541,We,9,22
POI0541,We,10,34
POI0541,We,11,45
POI0541,We,12,55
POI0541,We,13,60
POI0541,We,14,62
POI0541,We,15,61
POI0541,We,16,58
POI0541,We,17,55
POI0541,We,18,48
POI0541,We,19,38
POI0541,We,20,26
POI0541,We,21,0
POI0541,We,22,0
POI0541,We,23,0
POI0541,Th,6,0
POI0541,Th,7,0
POI0541,Th,8,0
POI0541,Th,9,23
POI0541,Th,10,36
POI0541,Th,11,50
POI0541,Th,12,60
POI0541,Th,13,66
POI0541,Th,14,69
POI0541,Th,15,68
POI0541,Th,16,66
POI0541,Th,17,61
POI0541,Th,18,53
POI0541,Th,19,42
POI0541,Th,20,28
POI0541,Th,21,0
POI0541,Th,22,0
POI0541,Th,23,0
POI0541,Fr,6,0
POI0541,Fr,7,0
POI0541,Fr,8,0
POI0541,Fr,9,25
POI0541,Fr,10,41
POI0541,Fr,11,58
POI0541,Fr,12,72
POI0541,Fr,13,78
POI0541,Fr,14,80
POI0541,Fr,15,81
POI0541,Fr,16,81
POI0541,Fr,17,76
POI0541,Fr,18,67
POI0541,Fr,19,52
POI0541,Fr,20,36
POI0541,Fr,21,0
POI0541,Fr,22,0
POI0541,Fr,23,0
POI0541,Sa,6,0
POI0541,Sa,7,0
POI0541,Sa,8,0
POI0541,Sa,9,20
POI0541,Sa,10,36
POI0541,Sa,11,55
POI0541,Sa,12,74
POI0541,Sa,13,86
POI0541,Sa,14,95
POI0541,Sa,15,100
POI0541,Sa,16,98
POI0541,Sa,17,91
POI0541,Sa,18,79
POI0541,Sa,19,60
POI0541,Sa,20,39
POI0541,Sa,21,0
POI0541,Sa,22,0
POI0541,Sa,23,0
POI0541,Su,6,0
POI0541,Su,7,0
POI0541,Su,8,0
POI0541,Su,9,24
POI0541,Su,10,39
POI0541,Su,11,56
POI0541,Su,12,67
POI0541,Su,13,74
POI0541,Su,14,78
POI0541,Su,15,80
POI0541,Su,16,77
POI0541,Su,17,68
POI0541,Su,18,56
POI0541,Su,19,41
POI0541,Su,20,26
POI0541,Su,21,0
POI0541,Su,22,0
POI0541,Su,23,0
POI0547,Mo,0,27
POI0547,Mo,1,16
POI0547,Mo,2,10
POI0547,Mo,3,9
POI0547,Mo,4,7
POI0547,Mo,6,0
POI0547,Mo,7,0
POI0547,Mo,8,0
POI0547,Mo,9,16
POI0547,Mo,10,25
POI0547,Mo,11,32
POI0547,Mo,12,39
POI0547,Mo,13,40
POI0547,Mo,14,40
POI0547,Mo,15,41
POI0547,Mo,16,45
POI0547,Mo,17,51
POI0547,Mo,18,54
POI0547,Mo,19,54
POI0547,Mo,20,51
POI0547,Mo,21,49
POI0547,Mo,22,48
POI0547,Mo,23,42
POI0547,Tu,0,34
POI0547,Tu,1,23
POI0547,Tu,2,14
POI0547,Tu,3,9
POI0547,Tu,4,11
POI0547,Tu,6,0
POI0547,Tu,7,0
POI0547,Tu,8,0
POI0547,Tu,9,17
POI0547,Tu,10,29
POI0547,Tu,11,40
POI0547,Tu,12,50
POI0547,Tu,13,55
POI0547,Tu,14,55
POI0547,Tu,15,54
POI0547,Tu,16,52
POI0547,Tu,17,54
POI0547,Tu,18,53
POI0547,Tu,19,53
POI0547,Tu,20,51
POI0547,Tu,21,51
POI0547,Tu,22,51
POI0547,Tu,23,49
POI0547,We,0,44
POI0547,We,1,29
POI0547,We,2,19
POI0547,We,3,15
POI0547,We,4,7
POI0547,We,6,0
POI0547,We,7,0
POI0547,We,8,0
POI0547,We,9,17
POI0547,We,10,24
POI0547,We,11,33
POI0547,We,12,43
POI0547,We,13,51
POI0547,We,14,53
POI0547,We,15,52
POI0547,We,16,51
POI0547,We,17,59
POI0547,We,18,69
POI0547,We,19,71
POI0547,We,20,69
POI0547,We,21,69
POI0547,We,22,68
POI0547,We,23,62
POI0547,Th,0,44
POI0547,Th,1,30
POI0547,Th,2,17
POI0547,Th,3,10
POI0547,Th,4,10
POI0547,Th,6,0
POI0547,Th,7,0
POI0547,Th,8,0
POI0547,Th,9,17
POI0547,Th,10,28
POI0547,Th,11,38
POI0547,Th,12,50
POI0547,Th,13,54
POI0547,Th,14,55
POI0547,Th,15,54
POI0547,Th,16,53
POI0547,Th,17,57
POI0547,Th,18,65
POI0547,Th,19,69
POI0547,Th,20,67
POI0547,Th,21,66
POI0547,Th,22,66
POI0547,Fr,0,67
POI0547,Fr,1,45
POI0547,Fr,2,26
POI0547,Fr,3,18
POI0547,Fr,4,12
POI0547,Fr,6,0
POI0547,Fr,7,0
POI0547,Fr,8,0
POI0547,Fr,9,17
POI0547,Fr,10,26
POI0547,Fr,11,35
POI0547,Fr,12,43
POI0547,Fr,13,48
POI0547,Fr,14,51
POI0547,Fr,15,53
POI0547,Fr,16,56
POI0547,Fr,17,64
POI0547,Fr,18,74
POI0547,Fr,19,80
POI0547,Fr,20,85
POI0547,Fr,21,91
POI0547,Fr,22,97
POI0547,Fr,23,94
POI0547,Sa,0,72
POI0547,Sa,1,52
POI0547,Sa,2,35
POI0547,Sa,3,23
POI0547,Sa,4,7
POI0547,Sa,6,0
POI0547,Sa,7,0
POI0547,Sa,8,0
POI0547,Sa,9,10
POI0547,Sa,10,17
POI0547,Sa,11,29
POI0547,Sa,12,41
POI0547,Sa,13,52
POI0547,Sa,14,62
POI0547,Sa,15,68
POI0547,Sa,16,74
POI0547,Sa,17,80
POI0547,Sa,18,86
POI0547,Sa,19,89
POI0547,Sa,20,89
POI0547,Sa,21,95
POI0547,Sa,22,100
POI0547,Sa,23,98
POI0547,Su,0,31
POI0547,Su,1,18
POI0547,Su,2,10
POI0547,Su,3,8
POI0547,Su,4,7
POI0547,Su,6,0
POI0547,Su,7,0
POI0547,Su,8,0
POI0547,Su,9,12
POI0547,Su,10,19
POI0547,Su,11,28
POI0547,Su,12,40
POI0547,Su,13,52
POI0547,Su,14,59
POI0547,Su,15,65
POI0547,Su,16,65
POI0547,Su,17,66
POI0547,Su,18,62
POI0547,Su,19,60
POI0547,Su,20,58
POI0547,Su,21,58
POI0547,Su,22,57
POI0547,Su,23,49
POI0549,Mo,6,0
POI0549,Mo,7,0
POI0549,Mo,8,13
POI0549,Mo,9,18
POI0549,Mo,10,27
POI0549,Mo,11,28
POI0549,Mo,12,27
POI0549,Mo,13,25
POI0549,Mo,14,25
POI0549,Mo,15,26
POI0549,Mo,16,27
POI0549,Mo,17,23
POI0549,Mo,18,20
POI0549,Mo,19,18
POI0549,Mo,20,17
POI0549,Mo,21,12
POI0549,Mo,22,10
POI0549,Mo,23,9
POI0549,Tu,6,0
POI0549,Tu,7,0
POI0549,Tu,8,17
POI0549,Tu,9,23
POI0549,Tu,10,29
POI0549,Tu,11,30
POI0549,Tu,12,30
POI0549,Tu,13,32
POI0549,Tu,14,33
POI0549,Tu,15,35
POI0549,Tu,16,30
POI0549,Tu,17,27
POI0549,Tu,18,25
POI0549,Tu,19,20
POI0549,Tu,20,17
POI0549,Tu,21,12
POI0549,Tu,22,12
POI0549,Tu,23,8
POI0549,We,6,0
POI0549,We,7,0
POI0549,We,8,10
POI0549,We,9,14
POI0549,We,10,22
POI0549,We,11,24
POI0549,We,12,29
POI0549,We,13,27
POI0549,We,14,29
POI0549,We,15,27
POI0549,We,16,29
POI0549,We,17,28
POI0549,We,18,22
POI0549,We,19,17
POI0549,We,20,12
POI0549,We,21,9
POI0549,We,22,8
POI0549,We,23,9
POI0549,Th,6,0
POI0549,Th,7,0
POI0549,Th,8,20
POI0549,Th,9,28
POI0549,Th,10,33
POI0549,Th,11,41
POI0549,Th,12,51
POI0549,Th,13,70
POI0549,Th,14,94
POI0549,Th,15,100
POI0549,Th,16,90
POI0549,Th,17,57
POI0549,Th,18,37
POI0549,Th,19,25
POI0549,Th,20,20
POI0549,Th,21,18
POI0549,Th,23,10
POI0549,Fr,6,0
POI0549,Fr,7,0
POI0549,Fr,8,11
POI0549,Fr,9,19
POI0549,Fr,10,30
POI0549,Fr,11,36
POI0549,Fr,12,35
POI0549,Fr,13,32
POI0549,Fr,14,29
POI0549,Fr,15,31
POI0549,Fr,16,30
POI0549,Fr,17,28
POI0549,Fr,18,25
POI0549,Fr,19,22
POI0549,Fr,20,23
POI0549,Fr,21,24
POI0549,Fr,22,22
POI0549,Fr,23,16
POI0549,Sa,6,0
POI0549,Sa,7,0
POI0549,Sa,8,15
POI0549,Sa,9,19
POI0549,Sa,10,28
POI0549,Sa,11,32
POI0549,Sa,12,36
POI0549,Sa,13,38
POI0549,Sa,14,41
POI0549,Sa,15,47
POI0549,Sa,16,46
POI0549,Sa,17,40
POI0549,Sa,18,27
POI0549,Sa,19,19
POI0549,Sa,20,11
POI0549,Sa,21,10
POI0549,Sa,22,10
POI0549,Sa,23,7
POI0549,Su,6,0
POI0549,Su,7,0
POI0549,Su,8,21
POI0549,Su,9,31
POI0549,Su,10,38
POI0549,Su,11,42
POI0549,Su,12,48
POI0549,Su,13,48
POI0549,Su,14,41
POI0549,Su,15,32
POI0549,Su,16,30
POI0549,Su,17,25
POI0549,Su,18,20
POI0549,Su,19,14
POI0549,Su,20,11
POI0549,Su,21,8
POI0549,Su,22,7
POI0549,Su,23,8
POI0555,Mo,0,4
POI0555,Mo,1,5
POI0555,Mo,2,4
POI0555,Mo,3,6
POI0555,Mo,4,6
POI0555,Mo,5,6
POI0555,Mo,6,7
POI0555,Mo,7,9
POI0555,Mo,8,12
POI0555,Mo,9,13
POI0555,Mo,10,15
POI0555,Mo,11,19
POI0555,Mo,12,25
POI0555,Mo,13,30
POI0555,Mo,14,32
POI0555,Mo,15,32
POI0555,Mo,16,33
POI0555,Mo,17,34
POI0555,Mo,18,34
POI0555,Mo,19,30
POI0555,Mo,20,24
POI0555,Mo,21,16
POI0555,Mo,22,9
POI0555,Mo,23,7
POI0555,Tu,0,3
POI0555,Tu,1,3
POI0555,Tu,2,2
POI0555,Tu,3,3
POI0555,Tu,4,3
POI0555,Tu,5,3
POI0555,Tu,6,5
POI0555,Tu,7,7
POI0555,Tu,8,8
POI0555,Tu,9,10
POI0555,Tu,10,14
POI0555,Tu,11,20
POI0555,Tu,12,27
POI0555,Tu,13,30
POI0555,Tu,14,30
POI0555,Tu,15,31
POI0555,Tu,16,35
POI0555,Tu,17,40
POI0555,Tu,18,40
POI0555,Tu,19,34
POI0555,Tu,20,25
POI0555,Tu,21,15
POI0555,Tu,22,8
POI0555,Tu,23,5
POI0555,We,0,5
POI0555,We,1,4
POI0555,We,2,4
POI0555,We,3,3
POI0555,We,4,3
POI0555,We,5,4
POI0555,We,6,7
POI0555,We,7,9
POI0555,We,8,9
POI0555,We,9,11
POI0555,We,10,13
POI0555,We,11,17
POI0555,We,12,21
POI0555,We,13,27
POI0555,We,14,35
POI0555,We,15,41
POI0555,We,16,45
POI0555,We,17,48
POI0555,We,18,46
POI0555,We,19,36
POI0555,We,20,25
POI0555,We,21,15
POI0555,We,22,9
POI0555,We,23,6
POI0555,Th,0,5
POI0555,Th,1,3
POI0555,Th,2,3
POI0555,Th,3,3
POI0555,Th,4,3
POI0555,Th,5,4
POI0555,Th,6,5
POI0555,Th,7,8
POI0555,Th,8,10
POI0555,Th,9,13
POI0555,Th,10,16
POI0555,Th,11,22
POI0555,Th,12,28
POI0555,Th,13,32
POI0555,Th,14,36
POI0555,Th,15,39
POI0555,Th,16,47
POI0555,Th,17,52
POI0555,Th,18,52
POI0555,Th,19,44
POI0555,Th,20,33
POI0555,Th,21,24
POI0555,Th,22,15
POI0555,Fr,0,7
POI0555,Fr,1,4
POI0555,Fr,2,2
POI0555,Fr,3,2
POI0555,Fr,4,2
POI0555,Fr,5,3
POI0555,Fr,6,4
POI0555,Fr,7,6
POI0555,Fr,8,9
POI0555,Fr,9,10
POI0555,Fr,10,13
POI0555,Fr,11,17
POI0555,Fr,12,25
POI0555,Fr,13,33
POI0555,Fr,14,40
POI0555,Fr,15,49
POI0555,Fr,16,56
POI0555,Fr,17,62
POI0555,Fr,18,60
POI0555,Fr,19,54
POI0555,Fr,20,44
POI0555,Fr,21,32
POI0555,Fr,22,20
POI0555,Fr,23,12
POI0555,Sa,0,12
POI0555,Sa,1,8
POI0555,Sa,2,5
POI0555,Sa,3,4
POI0555,Sa,4,4
POI0555,Sa,5,3
POI0555,Sa,6,2
POI0555,Sa,7,2
POI0555,Sa,8,4
POI0555,Sa,9,7
POI0555,Sa,10,14
POI0555,Sa,11,23
POI0555,Sa,12,39
POI0555,Sa,13,57
POI0555,Sa,14,80
POI0555,Sa,15,92
POI0555,Sa,16,100
POI0555,Sa,17,92
POI0555,Sa,18,81
POI0555,Sa,19,65
POI0555,Sa,20,50
POI0555,Sa,21,35
POI0555,Sa,22,24
POI0555,Sa,23,17
POI0555,Su,0,4
POI0555,Su,1,3
POI0555,Su,2,2
POI0555,Su,3,3
POI0555,Su,4,4
POI0555,Su,5,5
POI0555,Su,6,5
POI0555,Su,7,7
POI0555,Su,8,7
POI0555,Su,9,10
POI0555,Su,10,14
POI0555,Su,11,22
POI0555,Su,12,33
POI0555,Su,13,49
POI0555,Su,14,67
POI0555,Su,15,78
POI0555,Su,16,80
POI0555,Su,17,70
POI0555,Su,18,59
POI0555,Su,19,46
POI0555,Su,20,34
POI0555,Su,21,22
POI0555,Su,22,12
POI0555,Su,23,7
POI0556,Mo,6,0
POI0556,Mo,7,0
POI0556,Mo,8,0
POI0556,Mo,9,0
POI0556,Mo,10,57
POI0556,Mo,11,72
POI0556,Mo,12,87
POI0556,Mo,13,92
POI0556,Mo,14,95
POI0556,Mo,15,88
POI0556,Mo,16,80
POI0556,Mo,17,65
POI0556,Mo,18,0
POI0556,Mo,19,0
POI0556,Mo,20,0
POI0556,Mo,21,0
POI0556,Mo,22,0
POI0556,Mo,23,0
POI0556,We,6,0
POI0556,We,7,0
POI0556,We,8,0
POI0556,We,9,0
POI0556,We,10,45
POI0556,We,11,58
POI0556,We,12,76
POI0556,We,13,86
POI0556,We,14,81
POI0556,We,15,72
POI0556,We,16,63
POI0556,We,17,53
POI0556,We,18,0
POI0556,We,19,0
POI0556,We,20,0
POI0556,We,21,0
POI0556,We,22,0
POI0556,We,23,0
POI0556,Th,6,0
POI0556,Th,7,0
POI0556,Th,8,0
POI0556,Th,9,0
POI0556,Th,10,44
POI0556,Th,11,57
POI0556,Th,12,69
POI0556,Th,13,78
POI0556,Th,14,80
POI0556,Th,15,79
POI0556,Th,16,67
POI0556,Th,17,60
POI0556,Th,18,0
POI0556,Th,19,0
POI0556,Th,20,0
POI0556,Th,21,0
POI0556,Th,22,0
POI0556,Th,23,0
POI0556,Fr,6,0
POI0556,Fr,7,0
POI0556,Fr,8,0
POI0556,Fr,9,0
POI0556,Fr,10,45
POI0556,Fr,11,55
POI0556,Fr,12,63
POI0556,Fr,13,70
POI0556,Fr,14,79
POI0556,Fr,15,76
POI0556,Fr,16,77
POI0556,Fr,17,66
POI0556,Fr,18,0
POI0556,Fr,19,0
POI0556,Fr,20,0
POI0556,Fr,21,0
POI0556,Fr,22,0
POI0556,Fr,23,0
POI0556,Sa,6,0
POI0556,Sa,7,0
POI0556,Sa,8,0
POI0556,Sa,9,0
POI0556,Sa,10,36
POI0556,Sa,11,47
POI0556,Sa,12,56
POI0556,Sa,13,62
POI0556,Sa,14,73
POI0556,Sa,15,82
POI0556,Sa,16,91
POI0556,Sa,17,86
POI0556,Sa,18,0
POI0556,Sa,19,0
POI0556,Sa,20,0
POI0556,Sa,21,0
POI0556,Sa,22,0
POI0556,Sa,23,0
POI0556,Su,6,0
POI0556,Su,7,0
POI0556,Su,8,0
POI0556,Su,9,0
POI0556,Su,10,43
POI0556,Su,11,57
POI0556,Su,12,75
POI0556,Su,13,86
POI0556,Su,14,97
POI0556,Su,15,100
POI0556,Su,16,91
POI0556,Su,17,71
POI0556,Su,18,0
POI0556,Su,19,0
POI0556,Su,20,0
POI0556,Su,21,0
POI0556,Su,22,0
POI0556,Su,23,0
POI0559,Mo,0,12
POI0559,Mo,1,7
POI0559,Mo,2,6
POI0559,Mo,3,7
POI0559,Mo,4,15
POI0559,Mo,5,29
POI0559,Mo,6,52
POI0559,Mo,7,70
POI0559,Mo,8,79
POI0559,Mo,9,69
POI0559,Mo,10,56
POI0559,Mo,11,46
POI0559,Mo,12,45
POI0559,Mo,13,48
POI0559,Mo,14,57
POI0559,Mo,15,71
POI0559,Mo,16,83
POI0559,Mo,17,84
POI0559,Mo,18,73
POI0559,Mo,19,55
POI0559,Mo,20,42
POI0559,Mo,21,33
POI0559,Mo,22,27
POI0559,Mo,23,20
POI0559,Tu,0,14
POI0559,Tu,1,7
POI0559,Tu,2,4
POI0559,Tu,3,7
POI0559,Tu,4,17
POI0559,Tu,5,36
POI0559,Tu,6,61
POI0559,Tu,7,81
POI0559,Tu,8,92
POI0559,Tu,9,75
POI0559,Tu,10,56
POI0559,Tu,11,49
POI0559,Tu,12,50
POI0559,Tu,13,56
POI0559,Tu,14,69
POI0559,Tu,15,86
POI0559,Tu,16,100
POI0559,Tu,17,99
POI0559,Tu,18,86
POI0559,Tu,19,65
POI0559,Tu,20,50
POI0559,Tu,21,42
POI0559,Tu,22,36
POI0559,Tu,23,27
POI0559,We,0,17
POI0559,We,1,7
POI0559,We,2,4
POI0559,We,3,7
POI0559,We,4,14
POI0559,We,5,31
POI0559,We,6,56
POI0559,We,7,80
POI0559,We,8,91
POI0559,We,9,76
POI0559,We,10,58
POI0559,We,11,48
POI0559,We,12,48
POI0559,We,13,53
POI0559,We,14,64
POI0559,We,15,76
POI0559,We,16,89
POI0559,We,17,89
POI0559,We,18,80
POI0559,We,19,62
POI0559,We,20,49
POI0559,We,21,44
POI0559,We,22,41
POI0559,We,23,32
POI0559,Th,0,15
POI0559,Th,1,8
POI0559,Th,2,5
POI0559,Th,3,5
POI0559,Th,4,12
POI0559,Th,5,27
POI0559,Th,6,47
POI0559,Th,7,66
POI0559,Th,8,77
POI0559,Th,9,70
POI0559,Th,10,56
POI0559,Th,11,49
POI0559,Th,12,48
POI0559,Th,13,52
POI0559,Th,14,59
POI0559,Th,15,71
POI0559,Th,16,82
POI0559,Th,17,85
POI0559,Th,18,79
POI0559,Th,19,60
POI0559,Th,20,47
POI0559,Th,21,38
POI0559,Th,23,25
POI0559,Fr,0,16
POI0559,Fr,1,10
POI0559,Fr,2,6
POI0559,Fr,3,6
POI0559,Fr,4,10
POI0559,Fr,5,20
POI0559,Fr,6,33
POI0559,Fr,7,44
POI0559,Fr,8,52
POI0559,Fr,9,49
POI0559,Fr,10,44
POI0559,Fr,11,41
POI0559,Fr,12,42
POI0559,Fr,13,45
POI0559,Fr,14,51
POI0559,Fr,15,58
POI0559,Fr,16,62
POI0559,Fr,17,61
POI0559,Fr,18,57
POI0559,Fr,19,48
POI0559,Fr,20,39
POI0559,Fr,21,34
POI0559,Fr,22,32
POI0559,Fr,23,26
POI0559,Sa,0,14
POI0559,Sa,1,9
POI0559,Sa,2,6
POI0559,Sa,3,5
POI0559,Sa,4,5
POI0559,Sa,5,7
POI0559,Sa,6,10
POI0559,Sa,7,14
POI0559,Sa,8,20
POI0559,Sa,9,22
POI0559,Sa,10,26
POI0559,Sa,11,28
POI0559,Sa,12,31
POI0559,Sa,13,32
POI0559,Sa,14,34
POI0559,Sa,15,35
POI0559,Sa,16,36
POI0559,Sa,17,37
POI0559,Sa,18,37
POI0559,Sa,19,32
POI0559,Sa,20,29
POI0559,Sa,21,25
POI0559,Sa,22,24
POI0559,Sa,23,21
POI0559,Su,0,9
POI0559,Su,1,6
POI0559,Su,2,4
POI0559,Su,3,4
POI0559,Su,4,5
POI0559,Su,5,6
POI0559,Su,6,8
POI0559,Su,7,10
POI0559,Su,8,14
POI0559,Su,9,18
POI0559,Su,10,24
POI0559,Su,11,29
POI0559,Su,12,32
POI0559,Su,13,34
POI0559,Su,14,37
POI0559,Su,15,39
POI0559,Su,16,41
POI0559,Su,17,40
POI0559,Su,18,40
POI0559,Su,19,34
POI0559,Su,20,30
POI0559,Su,21,25
POI0559,Su,22,21
POI0559,Su,23,15
POI0564,Mo,6,0
POI0564,Mo,7,0
POI0564,Mo,8,0
POI0564,Mo,9,0
POI0564,Mo,10,23
POI0564,Mo,11,31
POI0564,Mo,12,40
POI0564,Mo,13,43
POI0564,Mo,14,43
POI0564,Mo,15,44
POI0564,Mo,16,45
POI0564,Mo,17,47
POI0564,Mo,18,48
POI0564,Mo,19,43
POI0564,Mo,20,33
POI0564,Mo,21,22
POI0564,Mo,22,0
POI0564,Mo,23,0
POI0564,Tu,6,0
POI0564,Tu,7,0
POI0564,Tu,8,0
POI0564,Tu,9,0
POI0564,Tu,10,24
POI0564,Tu,11,33
POI0564,Tu,12,42
POI0564,Tu,13,46
POI0564,Tu,14,46
POI0564,Tu,15,47
POI0564,Tu,16,51
POI0564,Tu,17,56
POI0564,Tu,18,58
POI0564,Tu,19,53
POI0564,Tu,20,42
POI0564,Tu,21,29
POI0564,Tu,22,0
POI0564,Tu,23,0
POI0564,We,6,0
POI0564,We,7,0
POI0564,We,8,0
POI0564,We,9,0
POI0564,We,10,24
POI0564,We,11,34
POI0564,We,12,43
POI0564,We,13,47
POI0564,We,14,48
POI0564,We,15,51
POI0564,We,16,56
POI0564,We,17,63
POI0564,We,18,66
POI0564,We,19,62
POI0564,We,20,49
POI0564,We,21,33
POI0564,We,22,0
POI0564,We,23,0
POI0564,Th,6,0
POI0564,Th,7,0
POI0564,Th,8,0
POI0564,Th,9,0
POI0564,Th,10,24
POI0564,Th,11,32
POI0564,Th,12,41
POI0564,Th,13,45
POI0564,Th,14,48
POI0564,Th,15,51
POI0564,Th,16,56
POI0564,Th,17,63
POI0564,Th,18,67
POI0564,Th,19,64
POI0564,Th,20,52
POI0564,Th,21,38
POI0564,Th,22,0
POI0564,Th,23,0
POI0564,Fr,6,0
POI0564,Fr,7,0
POI0564,Fr,8,0
POI0564,Fr,9,0
POI0564,Fr,10,19
POI0564,Fr,11,26
POI0564,Fr,12,35
POI0564,Fr,13,41
POI0564,Fr,14,47
POI0564,Fr,15,52
POI0564,Fr,16,59
POI0564,Fr,17,66
POI0564,Fr,18,73
POI0564,Fr,19,72
POI0564,Fr,20,63
POI0564,Fr,21,49
POI0564,Fr,22,0
POI0564,Fr,23,0
POI0564,Sa,6,0
POI0564,Sa,7,0
POI0564,Sa,8,0
POI0564,Sa,9,0
POI0564,Sa,10,18
POI0564,Sa,11,30
POI0564,Sa,12,45
POI0564,Sa,13,62
POI0564,Sa,14,77
POI0564,Sa,15,89
POI0564,Sa,16,95
POI0564,Sa,17,100
POI0564,Sa,18,99
POI0564,Sa,19,91
POI0564,Sa,20,77
POI0564,Sa,21,59
POI0564,Sa,22,0
POI0564,Sa,23,0
POI0564,Su,6,0
POI0564,Su,7,0
POI0564,Su,8,0
POI0564,Su,9,0
POI0564,Su,10,10
POI0564,Su,11,19
POI0564,Su,12,29
POI0564,Su,13,40
POI0564,Su,14,50
POI0564,Su,15,57
POI0564,Su,16,59
POI0564,Su,17,58
POI0564,Su,18,54
POI0564,Su,19,48
POI0564,Su,20,37
POI0564,Su,21,26
POI0564,Su,22,0
POI0564,Su,23,0
POI0565,Mo,6,0
POI0565,Mo,7,0
POI0565,Mo,8,17
POI0565,Mo,9,22
POI0565,Mo,10,24
POI0565,Mo,11,24
POI0565,Mo,12,23
POI0565,Mo,13,27
POI0565,Mo,14,30
POI0565,Mo,15,35
POI0565,Mo,16,37
POI0565,Mo,17,34
POI0565,Mo,18,29
POI0565,Mo,19,23
POI0565,Mo,20,19
POI0565,Mo,21,15
POI0565,Mo,22,0
POI0565,Mo,23,0
POI0565,Tu,6,0
POI0565,Tu,7,0
POI0565,Tu,8,13
POI0565,Tu,9,18
POI0565,Tu,10,20
POI0565,Tu,11,22
POI0565,Tu,12,25
POI0565,Tu,13,27
POI0565,Tu,14,31
POI0565,Tu,15,36
POI0565,Tu,16,39
POI0565,Tu,17,39
POI0565,Tu,18,37
POI0565,Tu,19,34
POI0565,Tu,20,27
POI0565,Tu,21,20
POI0565,Tu,22,0
POI0565,Tu,23,0
POI0565,We,6,0
POI0565,We,7,0
POI0565,We,8,14
POI0565,We,9,16
POI0565,We,10,20
POI0565,We,11,20
POI0565,We,12,24
POI0565,We,13,29
POI0565,We,14,36
POI0565,We,15,41
POI0565,We,16,43
POI0565,We,17,41
POI0565,We,18,36
POI0565,We,19,31
POI0565,We,20,26
POI0565,We,21,19
POI0565,We,22,0
POI0565,We,23,0
POI0565,Th,6,0
POI0565,Th,7,0
POI0565,Th,8,9
POI0565,Th,9,15
POI0565,Th,10,19
POI0565,Th,11,25
POI0565,Th,12,28
POI0565,Th,13,31
POI0565,Th,14,34
POI0565,Th,15,39
POI0565,Th,16,43
POI0565,Th,17,43
POI0565,Th,18,38
POI0565,Th,19,31
POI0565,Th,20,25
POI0565,Th,21,18
POI0565,Th,22,0
POI0565,Th,23,0
POI0565,Fr,6,0
POI0565,Fr,7,0
POI0565,Fr,8,18
POI0565,Fr,9,21
POI0565,Fr,10,25
POI0565,Fr,11,29
POI0565,Fr,12,33
POI0565,Fr,13,37
POI0565,Fr,14,46
POI0565,Fr,15,55
POI0565,Fr,16,64
POI0565,Fr,17,64
POI0565,Fr,18,54
POI0565,Fr,19,37
POI0565,Fr,20,24
POI0565,Fr,21,18
POI0565,Fr,22,0
POI0565,Fr,23,0
POI0565,Sa,6,0
POI0565,Sa,7,0
POI0565,Sa,8,0
POI0565,Sa,9,19
POI0565,Sa,10,29
POI0565,Sa,11,37
POI0565,Sa,12,47
POI0565,Sa,13,60
POI0565,Sa,14,79
POI0565,Sa,15,93
POI0565,Sa,16,96
POI0565,Sa,17,89
POI0565,Sa,18,67
POI0565,Sa,19,48
POI0565,Sa,20,31
POI0565,Sa,21,19
POI0565,Sa,22,0
POI0565,Sa,23,0
POI0565,Su,6,0
POI0565,Su,7,0
POI0565,Su,8,0
POI0565,Su,9,16
POI0565,Su,10,30
POI0565,Su,11,45
POI0565,Su,12,58
POI0565,Su,13,73
POI0565,Su,14,89
POI0565,Su,15,100
POI0565,Su,16,99
POI0565,Su,17,86
POI0565,Su,18,63
POI0565,Su,19,43
POI0565,Su,20,25
POI0565,Su,21,15
POI0565,Su,22,0
POI0565,Su,23,0
POI0566,Mo,6,0
POI0566,Mo,7,0
POI0566,Mo,8,0
POI0566,Mo,9,0
POI0566,Mo,10,0
POI0566,Mo,11,20
POI0566,Mo,12,28
POI0566,Mo,13,34
POI0566,Mo,14,31
POI0566,Mo,15,27
POI0566,Mo,16,29
POI0566,Mo,17,37
POI0566,Mo,18,43
POI0566,Mo,19,50
POI0566,Mo,20,51
POI0566,Mo,21,49
POI0566,Mo,22,36
POI0566,Mo,23,26
POI0566,Tu,6,0
POI0566,Tu,7,0
POI0566,Tu,8,0
POI0566,Tu,9,0
POI0566,Tu,10,0
POI0566,Tu,11,18
POI0566,Tu,12,29
POI0566,Tu,13,36
POI0566,Tu,14,33
POI0566,Tu,15,28
POI0566,Tu,16,23
POI0566,Tu,17,27
POI0566,Tu,18,45
POI0566,Tu,19,59
POI0566,Tu,20,71
POI0566,Tu,21,65
POI0566,Tu,22,54
POI0566,Tu,23,36
POI0566,We,6,0
POI0566,We,7,0
POI0566,We,8,0
POI0566,We,9,0
POI0566,We,10,0
POI0566,We,11,31
POI0566,We,12,40
POI0566,We,13,45
POI0566,We,14,40
POI0566,We,15,38
POI0566,We,16,34
POI0566,We,17,45
POI0566,We,18,61
POI0566,We,19,86
POI0566,We,20,95
POI0566,We,21,100
POI0566,We,22,79
POI0566,We,23,57
POI0566,Th,6,0
POI0566,Th,7,0
POI0566,Th,8,0
POI0566,Th,9,0
POI0566,Th,10,0
POI0566,Th,11,20
POI0566,Th,12,30
POI0566,Th,13,34
POI0566,Th,14,33
POI0566,Th,15,29
POI0566,Th,16,28
POI0566,Th,17,38
POI0566,Th,18,54
POI0566,Th,19,75
POI0566,Th,20,86
POI0566,Th,21,90
POI0566,Th,23,56
POI0566,Fr,6,0
POI0566,Fr,7,0
POI0566,Fr,8,0
POI0566,Fr,9,0
POI0566,Fr,10,0
POI0566,Fr,11,27
POI0566,Fr,12,38
POI0566,Fr,13,43
POI0566,Fr,14,36
POI0566,Fr,15,30
POI0566,Fr,16,27
POI0566,Fr,17,35
POI0566,Fr,18,47
POI0566,Fr,19,65
POI0566,Fr,20,80
POI0566,Fr,21,86
POI0566,Fr,22,81
POI0566,Fr,23,74
POI0566,Sa,6,0
POI0566,Sa,7,0
POI0566,Sa,8,0
POI0566,Sa,9,0
POI0566,Sa,10,0
POI0566,Sa,11,15
POI0566,Sa,12,21
POI0566,Sa,13,31
POI0566,Sa,14,34
POI0566,Sa,15,32
POI0566,Sa,16,30
POI0566,Sa,17,33
POI0566,Sa,18,49
POI0566,Sa,19,65
POI0566,Sa,20,81
POI0566,Sa,21,84
POI0566,Sa,22,68
POI0566,Sa,23,53
POI0566,Su,6,0
POI0566,Su,7,0
POI0566,Su,8,0
POI0566,Su,9,0
POI0566,Su,10,0
POI0566,Su,11,11
POI0566,Su,12,13
POI0566,Su,13,20
POI0566,Su,14,25
POI0566,Su,15,27
POI0566,Su,16,22
POI0566,Su,17,23
POI0566,Su,18,28
POI0566,Su,19,38
POI0566,Su,20,43
POI0566,Su,21,40
POI0566,Su,22,29
POI0566,Su,23,17
POI0567,Mo,0,53
POI0567,Mo,1,26
POI0567,Mo,2,19
POI0567,Mo,3,30
POI0567,Mo,4,50
POI0567,Mo,5,50
POI0567,Mo,6,38
POI0567,Mo,7,23
POI0567,Mo,8,11
POI0567,Mo,9,11
POI0567,Mo,10,26
POI0567,Mo,11,38
POI0567,Mo,12,38
POI0567,Mo,13,50
POI0567,Mo,14,46
POI0567,Mo,15,57
POI0567,Mo,16,46
POI0567,Mo,17,46
POI0567,Mo,18,42
POI0567,Mo,19,61
POI0567,Mo,20,61
POI0567,Mo,21,76
POI0567,Mo,22,76
POI0567,Mo,23,76
POI0567,Tu,0,34
POI0567,Tu,1,34
POI0567,Tu,2,42
POI0567,Tu,3,38
POI0567,Tu,4,34
POI0567,Tu,5,42
POI0567,Tu,6,42
POI0567,Tu,7,61
POI0567,Tu,8,53
POI0567,Tu,9,73
POI0567,Tu,10,50
POI0567,Tu,11,57
POI0567,Tu,12,53
POI0567,Tu,13,65
POI0567,Tu,14,61
POI0567,Tu,15,61
POI0567,Tu,16,76
POI0567,Tu,17,84
POI0567,Tu,18,65
POI0567,Tu,19,61
POI0567,Tu,20,53
POI0567,Tu,21,46
POI0567,Tu,22,38
POI0567,Tu,23,30
POI0567,We,0,34
POI0567,We,1,46
POI0567,We,2,46
POI0567,We,3,34
POI0567,We,4,19
POI0567,We,5,15
POI0567,We,6,23
POI0567,We,7,38
POI0567,We,8,53
POI0567,We,9,50
POI0567,We,10,53
POI0567,We,11,57
POI0567,We,12,69
POI0567,We,13,69
POI0567,We,14,65
POI0567,We,15,61
POI0567,We,16,61
POI0567,We,17,57
POI0567,We,18,53
POI0567,We,19,57
POI0567,We,20,65
POI0567,We,21,73
POI0567,We,22,57
POI0567,We,23,46
POI0567,Th,0,38
POI0567,Th,1,26
POI0567,Th,2,19
POI0567,Th,3,15
POI0567,Th,4,26
POI0567,Th,5,34
POI0567,Th,6,57
POI0567,Th,7,53
POI0567,Th,8,50
POI0567,Th,9,50
POI0567,Th,10,46
POI0567,Th,11,57
POI0567,Th,12,65
POI0567,Th,13,69
POI0567,Th,14,61
POI0567,Th,15,57
POI0567,Th,16,50
POI0567,Th,17,42
POI0567,Th,18,53
POI0567,Th,19,61
POI0567,Th,20,80
POI0567,Th,21,100
POI0567,Th,23,65
POI0567,Fr,0,57
POI0567,Fr,1,50
POI0567,Fr,2,42
POI0567,Fr,3,38
POI0567,Fr,4,34
POI0567,Fr,5,34
POI0567,Fr,6,42
POI0567,Fr,7,42
POI0567,Fr,8,38
POI0567,Fr,9,42
POI0567,Fr,10,38
POI0567,Fr,11,46
POI0567,Fr,12,42
POI0567,Fr,13,46
POI0567,Fr,14,46
POI0567,Fr,15,61
POI0567,Fr,16,76
POI0567,Fr,17,73
POI0567,Fr,18,53
POI0567,Fr,19,61
POI0567,Fr,20,69
POI0567,Fr,21,84
POI0567,Fr,22,80
POI0567,Fr,23,80
POI0567,Sa,0,34
POI0567,Sa,1,30
POI0567,Sa,2,38
POI0567,Sa,3,38
POI0567,Sa,4,42
POI0567,Sa,5,38
POI0567,Sa,6,30
POI0567,Sa,7,23
POI0567,Sa,8,19
POI0567,Sa,9,19
POI0567,Sa,10,30
POI0567,Sa,11,26
POI0567,Sa,12,42
POI0567,Sa,13,61
POI0567,Sa,14,88
POI0567,Sa,15,100
POI0567,Sa,16,88
POI0567,Sa,17,100
POI0567,Sa,18,80
POI0567,Sa,19,69
POI0567,Sa,20,46
POI0567,Sa,21,38
POI0567,Sa,22,38
POI0567,Sa,23,42
POI0567,Su,0,19
POI0567,Su,1,11
POI0567,Su,2,15
POI0567,Su,3,26
POI0567,Su,4,26
POI0567,Su,5,19
POI0567,Su,6,15
POI0567,Su,7,19
POI0567,Su,8,30
POI0567,Su,9,50
POI0567,Su,10,61
POI0567,Su,11,57
POI0567,Su,12,57
POI0567,Su,13,65
POI0567,Su,14,73
POI0567,Su,15,61
POI0567,Su,16,65
POI0567,Su,17,73
POI0567,Su,18,88
POI0567,Su,19,92
POI0567,Su,20,88
POI0567,Su,21,73
POI0567,Su,22,50
POI0567,Su,23,26
POI0568,Mo,6,0
POI0568,Mo,7,0
POI0568,Mo,8,0
POI0568,Mo,9,0
POI0568,Mo,10,64
POI0568,Mo,11,77
POI0568,Mo,12,77
POI0568,Mo,13,78
POI0568,Mo,14,75
POI0568,Mo,15,85
POI0568,Mo,16,89
POI0568,Mo,17,80
POI0568,Mo,18,56
POI0568,Mo,19,0
POI0568,Mo,20,0
POI0568,Mo,21,0
POI0568,Mo,22,0
POI0568,Mo,23,0
POI0568,Tu,6,0
POI0568,Tu,7,0
POI0568,Tu,8,0
POI0568,Tu,9,0
POI0568,Tu,10,51
POI0568,Tu,11,60
POI0568,Tu,12,65
POI0568,Tu,13,63
POI0568,Tu,14,62
POI0568,Tu,15,62
POI0568,Tu,16,59
POI0568,Tu,17,59
POI0568,Tu,18,56
POI0568,Tu,19,0
POI0568,Tu,20,0
POI0568,Tu,21,0
POI0568,Tu,22,0
POI0568,Tu,23,0
POI0568,We,6,0
POI0568,We,7,0
POI0568,We,8,0
POI0568,We,9,0
POI0568,We,10,51
POI0568,We,11,65
POI0568,We,12,62
POI0568,We,13,58
POI0568,We,14,56
POI0568,We,15,51
POI0568,We,16,49
POI0568,We,17,51
POI0568,We,18,45
POI0568,We,19,0
POI0568,We,20,0
POI0568,We,21,0
POI0568,We,22,0
POI0568,We,23,0
POI0568,Th,6,0
POI0568,Th,7,0
POI0568,Th,8,0
POI0568,Th,9,0
POI0568,Th,10,68
POI0568,Th,11,88
POI0568,Th,12,87
POI0568,Th,13,71
POI0568,Th,14,62
POI0568,Th,15,56
POI0568,Th,16,56
POI0568,Th,17,52
POI0568,Th,18,41
POI0568,Th,19,0
POI0568,Th,20,0
POI0568,Th,21,0
POI0568,Th,22,0
POI0568,Th,23,0
POI0568,Fr,6,0
POI0568,Fr,7,0
POI0568,Fr,8,0
POI0568,Fr,9,0
POI0568,Fr,10,41
POI0568,Fr,11,51
POI0568,Fr,12,56
POI0568,Fr,13,59
POI0568,Fr,14,59
POI0568,Fr,15,66
POI0568,Fr,16,70
POI0568,Fr,17,75
POI0568,Fr,18,73
POI0568,Fr,19,0
POI0568,Fr,20,0
POI0568,Fr,21,0
POI0568,Fr,22,0
POI0568,Fr,23,0
POI0568,Sa,6,0
POI0568,Sa,7,0
POI0568,Sa,8,0
POI0568,Sa,9,0
POI0568,Sa,10,73
POI0568,Sa,11,100
POI0568,Sa,12,100
POI0568,Sa,13,97
POI0568,Sa,14,90
POI0568,Sa,15,87
POI0568,Sa,16,96
POI0568,Sa,17,87
POI0568,Sa,18,71
POI0568,Sa,19,0
POI0568,Sa,20,0
POI0568,Sa,21,0
POI0568,Sa,22,0
POI0568,Sa,23,0
POI0568,Su,6,0
POI0568,Su,7,0
POI0568,Su,8,0
POI0568,Su,9,0
POI0568,Su,10,45
POI0568,Su,11,67
POI0568,Su,12,71
POI0568,Su,13,72
POI0568,Su,14,74
POI0568,Su,15,79
POI0568,Su,16,91
POI0568,Su,17,93
POI0568,Su,18,71
POI0568,Su,19,0
POI0568,Su,20,0
POI0568,Su,21,0
POI0568,Su,22,0
POI0568,Su,23,0
POI0569,Mo,6,0
POI0569,Mo,7,0
POI0569,Mo,8,0
POI0569,Mo,9,12
POI0569,Mo,10,20
POI0569,Mo,11,27
POI0569,Mo,12,32
POI0569,Mo,13,35
POI0569,Mo,14,37
POI0569,Mo,15,39
POI0569,Mo,16,41
POI0569,Mo,17,42
POI0569,Mo,18,40
POI0569,Mo,19,35
POI0569,Mo,20,29
POI0569,Mo,21,22
POI0569,Mo,22,0
POI0569,Mo,23,0
POI0569,Tu,6,0
POI0569,Tu,7,0
POI0569,Tu,8,0
POI0569,Tu,9,13
POI0569,Tu,10,19
POI0569,Tu,11,26
POI0569,Tu,12,32
POI0569,Tu,13,37
POI0569,Tu,14,40
POI0569,Tu,15,43
POI0569,Tu,16,45
POI0569,Tu,17,46
POI0569,Tu,18,44
POI0569,Tu,19,41
POI0569,Tu,20,34
POI0569,Tu,21,26
POI0569,Tu,22,0
POI0569,Tu,23,0
POI0569,We,6,0
POI0569,We,7,0
POI0569,We,8,0
POI0569,We,9,13
POI0569,We,10,20
POI0569,We,11,26
POI0569,We,12,31
POI0569,We,13,34
POI0569,We,14,38
POI0569,We,15,41
POI0569,We,16,44
POI0569,We,17,45
POI0569,We,18,45
POI0569,We,19,41
POI0569,We,20,33
POI0569,We,21,25
POI0569,We,22,0
POI0569,We,23,0
POI0569,Th,6,0
POI0569,Th,7,0
POI0569,Th,8,0
POI0569,Th,9,12
POI0569,Th,10,21
POI0569,Th,11,30
POI0569,Th,12,39
POI0569,Th,13,44
POI0569,Th,14,46
POI0569,Th,15,48
POI0569,Th,16,50
POI0569,Th,17,50
POI0569,Th,18,48
POI0569,Th,19,43
POI0569,Th,20,35
POI0569,Th,21,28
POI0569,Th,22,0
POI0569,Th,23,0
POI0569,Fr,6,0
POI0569,Fr,7,0
POI0569,Fr,8,0
POI0569,Fr,9,11
POI0569,Fr,10,20
POI0569,Fr,11,29
POI0569,Fr,12,37
POI0569,Fr,13,42
POI0569,Fr,14,48
POI0569,Fr,15,52
POI0569,Fr,16,56
POI0569,Fr,17,56
POI0569,Fr,18,52
POI0569,Fr,19,49
POI0569,Fr,20,42
POI0569,Fr,21,36
POI0569,Fr,22,0
POI0569,Fr,23,0
POI0569,Sa,6,0
POI0569,Sa,7,0
POI0569,Sa,8,0
POI0569,Sa,9,14
POI0569,Sa,10,29
POI0569,Sa,11,49
POI0569,Sa,12,67
POI0569,Sa,13,82
POI0569,Sa,14,92
POI0569,Sa,15,99
POI0569,Sa,16,100
POI0569,Sa,17,92
POI0569,Sa,18,78
POI0569,Sa,19,62
POI0569,Sa,20,48
POI0569,Sa,21,37
POI0569,Sa,22,0
POI0569,Sa,23,0
POI0569,Su,6,0
POI0569,Su,7,0
POI0569,Su,8,0
POI0569,Su,9,5
POI0569,Su,10,9
POI0569,Su,11,14
POI0569,Su,12,18
POI0569,Su,13,21
POI0569,Su,14,25
POI0569,Su,15,27
POI0569,Su,16,28
POI0569,Su,17,29
POI0569,Su,18,28
POI0569,Su,19,26
POI0569,Su,20,21
POI0569,Su,21,16
POI0569,Su,22,0
POI0569,Su,23,0
POI0571,Mo,0,12
POI0571,Mo,1,5
POI0571,Mo,2,2
POI0571,Mo,3,5
POI0571,Mo,4,12
POI0571,Mo,5,22
POI0571,Mo,6,32
POI0571,Mo,7,41
POI0571,Mo,8,47
POI0571,Mo,9,47
POI0571,Mo,10,49
POI0571,Mo,11,52
POI0571,Mo,12,59
POI0571,Mo,13,68
POI0571,Mo,14,78
POI0571,Mo,15,89
POI0571,Mo,16,94
POI0571,Mo,17,91
POI0571,Mo,18,81
POI0571,Mo,19,67
POI0571,Mo,20,54
POI0571,Mo,21,43
POI0571,Mo,22,33
POI0571,Mo,23,23
POI0571,Tu,0,14
POI0571,Tu,1,6
POI0571,Tu,2,3
POI0571,Tu,3,5
POI0571,Tu,4,13
POI0571,Tu,5,24
POI0571,Tu,6,37
POI0571,Tu,7,47
POI0571,Tu,8,50
POI0571,Tu,9,47
POI0571,Tu,10,46
POI0571,Tu,11,49
POI0571,Tu,12,56
POI0571,Tu,13,66
POI0571,Tu,14,79
POI0571,Tu,15,93
POI0571,Tu,16,100
POI0571,Tu,17,98
POI0571,Tu,18,86
POI0571,Tu,19,70
POI0571,Tu,20,56
POI0571,Tu,21,46
POI0571,Tu,22,38
POI0571,Tu,23,27
POI0571,We,0,14
POI0571,We,1,6
POI0571,We,2,3
POI0571,We,3,5
POI0571,We,4,12
POI0571,We,5,23
POI0571,We,6,35
POI0571,We,7,44
POI0571,We,8,47
POI0571,We,9,46
POI0571,We,10,45
POI0571,We,11,48
POI0571,We,12,56
POI0571,We,13,67
POI0571,We,14,79
POI0571,We,15,92
POI0571,We,16,99
POI0571,We,17,98
POI0571,We,18,87
POI0571,We,19,72
POI0571,We,20,58
POI0571,We,21,47
POI0571,We,22,38
POI0571,We,23,27
POI0571,Th,0,15
POI0571,Th,1,7
POI0571,Th,2,3
POI0571,Th,3,5
POI0571,Th,4,12
POI0571,Th,5,21
POI0571,Th,6,32
POI0571,Th,7,41
POI0571,Th,8,46
POI0571,Th,9,46
POI0571,Th,10,47
POI0571,Th,11,50
POI0571,Th,12,57
POI0571,Th,13,68
POI0571,Th,14,80
POI0571,Th,15,93
POI0571,Th,16,99
POI0571,Th,17,96
POI0571,Th,18,86
POI0571,Th,19,72
POI0571,Th,20,60
POI0571,Th,21,49
POI0571,Th,23,29
POI0571,Fr,0,20
POI0571,Fr,1,11
POI0571,Fr,2,7
POI0571,Fr,3,7
POI0571,Fr,4,11
POI0571,Fr,5,19
POI0571,Fr,6,28
POI0571,Fr,7,35
POI0571,Fr,8,41
POI0571,Fr,9,46
POI0571,Fr,10,50
POI0571,Fr,11,57
POI0571,Fr,12,67
POI0571,Fr,13,77
POI0571,Fr,14,86
POI0571,Fr,15,92
POI0571,Fr,16,93
POI0571,Fr,17,91
POI0571,Fr,18,84
POI0571,Fr,19,74
POI0571,Fr,20,63
POI0571,Fr,21,53
POI0571,Fr,22,44
POI0571,Fr,23,34
POI0571,Sa,0,20
POI0571,Sa,1,12
POI0571,Sa,2,7
POI0571,Sa,3,6
POI0571,Sa,4,8
POI0571,Sa,5,11
POI0571,Sa,6,15
POI0571,Sa,7,21
POI0571,Sa,8,29
POI0571,Sa,9,39
POI0571,Sa,10,48
POI0571,Sa,11,54
POI0571,Sa,12,60
POI0571,Sa,13,65
POI0571,Sa,14,69
POI0571,Sa,15,72
POI0571,Sa,16,76
POI0571,Sa,17,79
POI0571,Sa,18,79
POI0571,Sa,19,73
POI0571,Sa,20,65
POI0571,Sa,21,55
POI0571,Sa,22,45
POI0571,Sa,23,34
POI0571,Su,0,10
POI0571,Su,1,4
POI0571,Su,2,2
POI0571,Su,3,3
POI0571,Su,4,6
POI0571,Su,5,9
POI0571,Su,6,11
POI0571,Su,7,14
POI0571,Su,8,20
POI0571,Su,9,28
POI0571,Su,10,37
POI0571,Su,11,46
POI0571,Su,12,55
POI0571,Su,13,63
POI0571,Su,14,70
POI0571,Su,15,74
POI0571,Su,16,76
POI0571,Su,17,75
POI0571,Su,18,69
POI0571,Su,19,61
POI0571,Su,20,51
POI0571,Su,21,39
POI0571,Su,22,29
POI0571,Su,23,19
POI0573,Mo,0,25
POI0573,Mo,1,25
POI0573,Mo,2,43
POI0573,Mo,3,43
POI0573,Mo,4,43
POI0573,Mo,5,25
POI0573,Mo,6,18
POI0573,Mo,7,18
POI0573,Mo,8,31
POI0573,Mo,9,50
POI0573,Mo,10,43
POI0573,Mo,11,56
POI0573,Mo,12,31
POI0573,Mo,13,18
POI0573,Mo,14,12
POI0573,Mo,15,18
POI0573,Mo,16,37
POI0573,Mo,17,56
POI0573,Mo,18,62
POI0573,Mo,19,50
POI0573,Mo,20,43
POI0573,Mo,21,37
POI0573,Mo,22,25
POI0573,Mo,23,25
POI0573,Tu,0,31
POI0573,Tu,1,37
POI0573,Tu,2,68
POI0573,Tu,3,100
POI0573,Tu,4,100
POI0573,Tu,5,75
POI0573,Tu,6,62
POI0573,Tu,7,56
POI0573,Tu,8,62
POI0573,Tu,9,75
POI0573,Tu,10,62
POI0573,Tu,11,56
POI0573,Tu,12,56
POI0573,Tu,13,50
POI0573,Tu,14,62
POI0573,Tu,15,62
POI0573,Tu,16,68
POI0573,Tu,17,56
POI0573,Tu,18,68
POI0573,Tu,19,81
POI0573,Tu,20,62
POI0573,Tu,21,68
POI0573,Tu,22,50
POI0573,Tu,23,43
POI0573,We,0,62
POI0573,We,1,62
POI0573,We,2,62
POI0573,We,3,37
POI0573,We,4,31
POI0573,We,5,37
POI0573,We,6,50
POI0573,We,7,37
POI0573,We,8,37
POI0573,We,9,37
POI0573,We,10,31
POI0573,We,11,37
POI0573,We,12,50
POI0573,We,13,75
POI0573,We,14,81
POI0573,We,15,75
POI0573,We,16,68
POI0573,We,17,43
POI0573,We,18,43
POI0573,We,19,56
POI0573,We,20,75
POI0573,We,21,81
POI0573,We,22,68
POI0573,We,23,50
POI0573,Th,0,50
POI0573,Th,1,37
POI0573,Th,2,31
POI0573,Th,3,31
POI0573,Th,4,43
POI0573,Th,5,75
POI0573,Th,6,56
POI0573,Th,7,75
POI0573,Th,8,68
POI0573,Th,9,81
POI0573,Th,10,81
POI0573,Th,11,75
POI0573,Th,12,62
POI0573,Th,13,50
POI0573,Th,14,31
POI0573,Th,15,25
POI0573,Th,16,31
POI0573,Th,17,37
POI0573,Th,18,56
POI0573,Th,19,68
POI0573,Th,20,62
POI0573,Th,21,62
POI0573,Th,22,43
POI0573,Th,23,50
POI0573,Fr,0,50
POI0573,Fr,1,37
POI0573,Fr,2,25
POI0573,Fr,3,18
POI0573,Fr,4,25
POI0573,Fr,5,31
POI0573,Fr,6,43
POI0573,Fr,7,43
POI0573,Fr,8,50
POI0573,Fr,9,50
POI0573,Fr,10,43
POI0573,Fr,11,43
POI0573,Fr,12,37
POI0573,Fr,13,37
POI0573,Fr,14,18
POI0573,Fr,15,12
POI0573,Fr,16,12
POI0573,Fr,17,12
POI0573,Fr,18,25
POI0573,Fr,19,50
POI0573,Fr,20,62
POI0573,Fr,21,43
POI0573,Fr,22,43
POI0573,Fr,23,37
POI0573,Sa,0,62
POI0573,Sa,1,100
POI0573,Sa,2,93
POI0573,Sa,3,100
POI0573,Sa,4,68
POI0573,Sa,5,43
POI0573,Sa,6,37
POI0573,Sa,7,18
POI0573,Sa,8,25
POI0573,Sa,9,37
POI0573,Sa,10,62
POI0573,Sa,11,62
POI0573,Sa,12,50
POI0573,Sa,13,62
POI0573,Sa,14,62
POI0573,Sa,15,56
POI0573,Sa,16,50
POI0573,Sa,17,43
POI0573,Sa,18,56
POI0573,Sa,19,81
POI0573,Sa,20,62
POI0573,Sa,21,68
POI0573,Sa,22,50
POI0573,Sa,23,75
POI0573,Su,0,56
POI0573,Su,1,43
POI0573,Su,2,50
POI0573,Su,3,43
POI0573,Su,4,56
POI0573,Su,5,43
POI0573,Su,6,50
POI0573,Su,7,56
POI0573,Su,8,50
POI0573,Su,9,37
POI0573,Su,10,43
POI0573,Su,11,37
POI0573,Su,12,31
POI0573,Su,13,50
POI0573,Su,14,50
POI0573,Su,15,50
POI0573,Su,16,31
POI0573,Su,17,31
POI0573,Su,18,43
POI0573,Su,19,50
POI0573,Su,20,56
POI0573,Su,21,50
POI0573,Su,22,50
POI0573,Su,23,50
POI0576,Mo,0,4
POI0576,Mo,1,5
POI0576,Mo,2,4
POI0576,Mo,3,6
POI0576,Mo,4,6
POI0576,Mo,5,6
POI0576,Mo,6,7
POI0576,Mo,7,9
POI0576,Mo,8,12
POI0576,Mo,9,13
POI0576,Mo,10,15
POI0576,Mo,11,19
POI0576,Mo,12,25
POI0576,Mo,13,30
POI0576,Mo,14,32
POI0576,Mo,15,32
POI0576,Mo,16,33
POI0576,Mo,17,34
POI0576,Mo,18,34
POI0576,Mo,19,30
POI0576,Mo,20,24
POI0576,Mo,21,16
POI0576,Mo,22,9
POI0576,Mo,23,7
POI0576,Tu,0,3
POI0576,Tu,1,3
POI0576,Tu,2,2
POI0576,Tu,3,3
POI0576,Tu,4,3
POI0576,Tu,5,3
POI0576,Tu,6,5
POI0576,Tu,7,7
POI0576,Tu,8,8
POI0576,Tu,9,10
POI0576,Tu,10,14
POI0576,Tu,11,20
POI0576,Tu,12,27
POI0576,Tu,13,30
POI0576,Tu,14,30
POI0576,Tu,15,31
POI0576,Tu,16,35
POI0576,Tu,17,40
POI0576,Tu,18,40
POI0576,Tu,19,34
POI0576,Tu,20,25
POI0576,Tu,21,15
POI0576,Tu,22,8
POI0576,Tu,23,5
POI0576,We,0,5
POI0576,We,1,4
POI0576,We,2,4
POI0576,We,3,3
POI0576,We,4,3
POI0576,We,5,4
POI0576,We,6,7
POI0576,We,7,9
POI0576,We,8,9
POI0576,We,9,11
POI0576,We,10,13
POI0576,We,11,17
POI0576,We,12,21
POI0576,We,13,27
POI0576,We,14,35
POI0576,We,15,41
POI0576,We,16,45
POI0576,We,17,48
POI0576,We,18,46
POI0576,We,19,36
POI0576,We,20,25
POI0576,We,21,15
POI0576,We,22,9
POI0576,We,23,6
POI0576,Th,0,5
POI0576,Th,1,3
POI0576,Th,2,3
POI0576,Th,3,3
POI0576,Th,4,3
POI0576,Th,5,4
POI0576,Th,6,5
POI0576,Th,7,8
POI0576,Th,8,10
POI0576,Th,9,13
POI0576,Th,10,16
POI0576,Th,11,22
POI0576,Th,12,28
POI0576,Th,13,32
POI0576,Th,14,36
POI0576,Th,15,39
POI0576,Th,16,47
POI0576,Th,17,52
POI0576,Th,18,52
POI0576,Th,19,44
POI0576,Th,20,33
POI0576,Th,21,24
POI0576,Th,23,11
POI0576,Fr,0,7
POI0576,Fr,1,4
POI0576,Fr,2,2
POI0576,Fr,3,2
POI0576,Fr,4,2
POI0576,Fr,5,3
POI0576,Fr,6,4
POI0576,Fr,7,6
POI0576,Fr,8,9
POI0576,Fr,9,10
POI0576,Fr,10,13
POI0576,Fr,11,17
POI0576,Fr,12,25
POI0576,Fr,13,33
POI0576,Fr,14,40
POI0576,Fr,15,49
POI0576,Fr,16,56
POI0576,Fr,17,62
POI0576,Fr,18,60
POI0576,Fr,19,54
POI0576,Fr,20,44
POI0576,Fr,21,32
POI0576,Fr,22,20
POI0576,Fr,23,12
POI0576,Sa,0,12
POI0576,Sa,1,8
POI0576,Sa,2,5
POI0576,Sa,3,4
POI0576,Sa,4,4
POI0576,Sa,5,3
POI0576,Sa,6,2
POI0576,Sa,7,2
POI0576,Sa,8,4
POI0576,Sa,9,7
POI0576,Sa,10,14
POI0576,Sa,11,23
POI0576,Sa,12,39
POI0576,Sa,13,57
POI0576,Sa,14,80
POI0576,Sa,15,92
POI0576,Sa,16,100
POI0576,Sa,17,92
POI0576,Sa,18,81
POI0576,Sa,19,65
POI0576,Sa,20,50
POI0576,Sa,21,35
POI0576,Sa,22,24
POI0576,Sa,23,17
POI0576,Su,0,4
POI0576,Su,1,3
POI0576,Su,2,2
POI0576,Su,3,3
POI0576,Su,4,4
POI0576,Su,5,5
POI0576,Su,6,5
POI0576,Su,7,7
POI0576,Su,8,7
POI0576,Su,9,10
POI0576,Su,10,14
POI0576,Su,11,22
POI0576,Su,12,33
POI0576,Su,13,49
POI0576,Su,14,67
POI0576,Su,15,78
POI0576,Su,16,80
POI0576,Su,17,70
POI0576,Su,18,59
POI0576,Su,19,46
POI0576,Su,20,34
POI0576,Su,21,22
POI0576,Su,22,12
POI0576,Su,23,7
POI0578,Mo,6,0
POI0578,Mo,7,0
POI0578,Mo,8,26
POI0578,Mo,9,34
POI0578,Mo,10,43
POI0578,Mo,11,53
POI0578,Mo,12,57
POI0578,Mo,13,61
POI0578,Mo,14,61
POI0578,Mo,15,63
POI0578,Mo,16,64
POI0578,Mo,17,63
POI0578,Mo,18,58
POI0578,Mo,19,51
POI0578,Mo,20,42
POI0578,Mo,21,31
POI0578,Mo,22,0
POI0578,Mo,23,0
POI0578,Tu,6,0
POI0578,Tu,7,0
POI0578,Tu,8,25
POI0578,Tu,9,33
POI0578,Tu,10,42
POI0578,Tu,11,50
POI0578,Tu,12,59
POI0578,Tu,13,61
POI0578,Tu,14,62
POI0578,Tu,15,63
POI0578,Tu,16,64
POI0578,Tu,17,67
POI0578,Tu,18,71
POI0578,Tu,19,66
POI0578,Tu,20,53
POI0578,Tu,21,38
POI0578,Tu,22,0
POI0578,Tu,23,0
POI0578,We,6,0
POI0578,We,7,0
POI0578,We,8,24
POI0578,We,9,31
POI0578,We,10,44
POI0578,We,11,55
POI0578,We,12,67
POI0578,We,13,71
POI0578,We,14,72
POI0578,We,15,74
POI0578,We,16,76
POI0578,We,17,77
POI0578,We,18,75
POI0578,We,19,72
POI0578,We,20,63
POI0578,We,21,50
POI0578,We,22,0
POI0578,We,23,0
POI0578,Th,6,0
POI0578,Th,7,0
POI0578,Th,8,24
POI0578,Th,9,35
POI0578,Th,10,45
POI0578,Th,11,53
POI0578,Th,12,60
POI0578,Th,13,64
POI0578,Th,14,65
POI0578,Th,15,67
POI0578,Th,16,70
POI0578,Th,17,74
POI0578,Th,18,77
POI0578,Th,19,79
POI0578,Th,20,70
POI0578,Th,21,56
POI0578,Th,22,0
POI0578,Th,23,0
POI0578,Fr,6,0
POI0578,Fr,7,0
POI0578,Fr,8,19
POI0578,Fr,9,27
POI0578,Fr,10,35
POI0578,Fr,11,44
POI0578,Fr,12,53
POI0578,Fr,13,63
POI0578,Fr,14,69
POI0578,Fr,15,72
POI0578,Fr,16,73
POI0578,Fr,17,76
POI0578,Fr,18,76
POI0578,Fr,19,71
POI0578,Fr,20,61
POI0578,Fr,21,49
POI0578,Fr,22,0
POI0578,Fr,23,0
POI0578,Sa,6,0
POI0578,Sa,7,0
POI0578,Sa,8,22
POI0578,Sa,9,37
POI0578,Sa,10,57
POI0578,Sa,11,76
POI0578,Sa,12,91
POI0578,Sa,13,98
POI0578,Sa,14,100
POI0578,Sa,15,97
POI0578,Sa,16,90
POI0578,Sa,17,85
POI0578,Sa,18,79
POI0578,Sa,19,77
POI0578,Sa,20,72
POI0578,Sa,21,58
POI0578,Sa,22,0
POI0578,Sa,23,0
POI0579,Tu,6,0
POI0579,Tu,7,0
POI0579,Tu,8,0
POI0579,Tu,9,0
POI0579,Tu,10,29
POI0579,Tu,11,39
POI0579,Tu,12,45
POI0579,Tu,13,48
POI0579,Tu,14,51
POI0579,Tu,15,51
POI0579,Tu,16,46
POI0579,Tu,17,37
POI0579,Tu,18,0
POI0579,Tu,19,0
POI0579,Tu,20,0
POI0579,Tu,21,0
POI0579,Tu,22,0
POI0579,Tu,23,0
POI0579,We,6,0
POI0579,We,7,0
POI0579,We,8,0
POI0579,We,9,0
POI0579,We,10,42
POI0579,We,11,51
POI0579,We,12,60
POI0579,We,13,57
POI0579,We,14,58
POI0579,We,15,53
POI0579,We,16,44
POI0579,We,17,34
POI0579,We,18,0
POI0579,We,19,0
POI0579,We,20,0
POI0579,We,21,0
POI0579,We,22,0
POI0579,We,23,0
POI0579,Th,6,0
POI0579,Th,7,0
POI0579,Th,8,0
POI0579,Th,9,0
POI0579,Th,10,40
POI0579,Th,11,52
POI0579,Th,12,61
POI0579,Th,13,63
POI0579,Th,14,61
POI0579,Th,15,56
POI0579,Th,16,49
POI0579,Th,17,41
POI0579,Th,18,0
POI0579,Th,19,0
POI0579,Th,20,0
POI0579,Th,21,0
POI0579,Th,22,0
POI0579,Th,23,0
POI0579,Fr,6,0
POI0579,Fr,7,0
POI0579,Fr,8,0
POI0579,Fr,9,0
POI0579,Fr,10,32
POI0579,Fr,11,48
POI0579,Fr,12,60
POI0579,Fr,13,64
POI0579,Fr,14,61
POI0579,Fr,15,56
POI0579,Fr,16,41
POI0579,Fr,17,30
POI0579,Fr,18,0
POI0579,Fr,19,0
POI0579,Fr,20,0
POI0579,Fr,21,0
POI0579,Fr,22,0
POI0579,Fr,23,0
POI0579,Sa,6,0
POI0579,Sa,7,0
POI0579,Sa,8,0
POI0579,Sa,9,0
POI0579,Sa,10,0
POI0579,Sa,11,45
POI0579,Sa,12,63
POI0579,Sa,13,76
POI0579,Sa,14,77
POI0579,Sa,15,75
POI0579,Sa,16,59
POI0579,Sa,17,43
POI0579,Sa,18,0
POI0579,Sa,19,0
POI0579,Sa,20,0
POI0579,Sa,21,0
POI0579,Sa,22,0
POI0579,Sa,23,0
POI0579,Su,6,0
POI0579,Su,7,0
POI0579,Su,8,0
POI0579,Su,9,0
POI0579,Su,10,0
POI0579,Su,11,52
POI0579,Su,12,76
POI0579,Su,13,92
POI0579,Su,14,100
POI0579,Su,15,97
POI0579,Su,16,82
POI0579,Su,17,60
POI0579,Su,18,0
POI0579,Su,19,0
POI0579,Su,20,0
POI0579,Su,21,0
POI0579,Su,22,0
POI0579,Su,23,0
POI0580,Tu,6,0
POI0580,Tu,7,0
POI0580,Tu,8,0
POI0580,Tu,9,0
POI0580,Tu,10,0
POI0580,Tu,11,0
POI0580,Tu,12,0
POI0580,Tu,13,0
POI0580,Tu,14,0
POI0580,Tu,15,0
POI0580,Tu,16,0
POI0580,Tu,17,0
POI0580,Tu,18,0
POI0580,Tu,19,69
POI0580,Tu,20,81
POI0580,Tu,21,77
POI0580,Tu,22,61
POI0580,Tu,23,0
POI0580,We,6,0
POI0580,We,7,0
POI0580,We,8,0
POI0580,We,9,0
POI0580,We,10,0
POI0580,We,11,0
POI0580,We,12,0
POI0580,We,13,0
POI0580,We,14,0
POI0580,We,15,0
POI0580,We,16,0
POI0580,We,17,0
POI0580,We,18,0
POI0580,We,19,72
POI0580,We,20,83
POI0580,We,21,78
POI0580,We,22,61
POI0580,We,23,0
POI0580,Th,6,0
POI0580,Th,7,0
POI0580,Th,8,0
POI0580,Th,9,0
POI0580,Th,10,0
POI0580,Th,11,0
POI0580,Th,12,0
POI0580,Th,13,0
POI0580,Th,14,0
POI0580,Th,15,0
POI0580,Th,16,0
POI0580,Th,17,0
POI0580,Th,18,0
POI0580,Th,19,77
POI0580,Th,20,91
POI0580,Th,21,85
POI0580,Th,23,0
POI0580,Fr,6,0
POI0580,Fr,7,0
POI0580,Fr,8,0
POI0580,Fr,9,0
POI0580,Fr,10,0
POI0580,Fr,11,0
POI0580,Fr,12,0
POI0580,Fr,13,0
POI0580,Fr,14,0
POI0580,Fr,15,0
POI0580,Fr,16,0
POI0580,Fr,17,0
POI0580,Fr,18,0
POI0580,Fr,19,77
POI0580,Fr,20,89
POI0580,Fr,21,87
POI0580,Fr,22,77
POI0580,Fr,23,0
POI0580,Sa,6,0
POI0580,Sa,7,0
POI0580,Sa,8,0
POI0580,Sa,9,0
POI0580,Sa,10,0
POI0580,Sa,11,0
POI0580,Sa,12,0
POI0580,Sa,13,0
POI0580,Sa,14,0
POI0580,Sa,15,54
POI0580,Sa,16,66
POI0580,Sa,17,79
POI0580,Sa,18,95
POI0580,Sa,19,100
POI0580,Sa,20,98
POI0580,Sa,21,89
POI0580,Sa,22,71
POI0580,Sa,23,0
POI0580,Su,6,0
POI0580,Su,7,0
POI0580,Su,8,0
POI0580,Su,9,0
POI0580,Su,10,0
POI0580,Su,11,0
POI0580,Su,12,0
POI0580,Su,13,0
POI0580,Su,14,64
POI0580,Su,15,76
POI0580,Su,16,84
POI0580,Su,17,88
POI0580,Su,18,84
POI0580,Su,19,80
POI0580,Su,20,76
POI0580,Su,21,67
POI0580,Su,22,0
POI0580,Su,23,0
POI0581,Mo,6,0
POI0581,Mo,7,0
POI0581,Mo,8,0
POI0581,Mo,9,0
POI0581,Mo,10,74
POI0581,Mo,11,89
POI0581,Mo,12,96
POI0581,Mo,13,99
POI0581,Mo,14,100
POI0581,Mo,15,94
POI0581,Mo,16,79
POI0581,Mo,17,58
POI0581,Mo,18,0
POI0581,Mo,19,0
POI0581,Mo,20,0
POI0581,Mo,21,0
POI0581,Mo,22,0
POI0581,Mo,23,0
POI0581,Tu,6,0
POI0581,Tu,7,0
POI0581,Tu,8,0
POI0581,Tu,9,0
POI0581,Tu,10,77
POI0581,Tu,11,94
POI0581,Tu,12,98
POI0581,Tu,13,98
POI0581,Tu,14,96
POI0581,Tu,15,92
POI0581,Tu,16,86
POI0581,Tu,17,69
POI0581,Tu,18,0
POI0581,Tu,19,0
POI0581,Tu,20,0
POI0581,Tu,21,0
POI0581,Tu,22,0
POI0581,Tu,23,0
POI0581,We,6,0
POI0581,We,7,0
POI0581,We,8,0
POI0581,We,9,0
POI0581,We,10,79
POI0581,We,11,90
POI0581,We,12,93
POI0581,We,13,93
POI0581,We,14,91
POI0581,We,15,88
POI0581,We,16,76
POI0581,We,17,57
POI0581,We,18,0
POI0581,We,19,0
POI0581,We,20,0
POI0581,We,21,0
POI0581,We,22,0
POI0581,We,23,0
POI0581,Th,6,0
POI0581,Th,7,0
POI0581,Th,8,0
POI0581,Th,9,0
POI0581,Th,10,76
POI0581,Th,11,90
POI0581,Th,12,95
POI0581,Th,13,96
POI0581,Th,14,93
POI0581,Th,15,89
POI0581,Th,16,78
POI0581,Th,17,62
POI0581,Th,18,0
POI0581,Th,19,0
POI0581,Th,20,0
POI0581,Th,21,0
POI0581,Th,22,0
POI0581,Th,23,0
POI0581,Fr,6,0
POI0581,Fr,7,0
POI0581,Fr,8,0
POI0581,Fr,9,0
POI0581,Fr,10,65
POI0581,Fr,11,79
POI0581,Fr,12,85
POI0581,Fr,13,83
POI0581,Fr,14,80
POI0581,Fr,15,73
POI0581,Fr,16,63
POI0581,Fr,17,48
POI0581,Fr,18,0
POI0581,Fr,19,0
POI0581,Fr,20,0
POI0581,Fr,21,0
POI0581,Fr,22,0
POI0581,Fr,23,0
POI0581,Sa,6,0
POI0581,Sa,7,0
POI0581,Sa,8,0
POI0581,Sa,9,0
POI0581,Sa,10,0
POI0581,Sa,11,47
POI0581,Sa,12,64
POI0581,Sa,13,74
POI0581,Sa,14,77
POI0581,Sa,15,72
POI0581,Sa,16,65
POI0581,Sa,17,51
POI0581,Sa,18,0
POI0581,Sa,19,0
POI0581,Sa,20,0
POI0581,Sa,21,0
POI0581,Sa,22,0
POI0581,Sa,23,0
POI0581,Su,6,0
POI0581,Su,7,0
POI0581,Su,8,0
POI0581,Su,9,0
POI0581,Su,10,0
POI0581,Su,11,46
POI0581,Su,12,66
POI0581,Su,13,76
POI0581,Su,14,75
POI0581,Su,15,67
POI0581,Su,16,57
POI0581,Su,17,44
POI0581,Su,18,0
POI0581,Su,19,0
POI0581,Su,20,0
POI0581,Su,21,0
POI0581,Su,22,0
POI0581,Su,23,0
POI0585,Tu,6,0
POI0585,Tu,7,0
POI0585,Tu,8,0
POI0585,Tu,9,0
POI0585,Tu,10,43
POI0585,Tu,11,65
POI0585,Tu,12,63
POI0585,Tu,13,77
POI0585,Tu,14,78
POI0585,Tu,15,85
POI0585,Tu,16,68
POI0585,Tu,17,52
POI0585,Tu,18,0
POI0585,Tu,19,0
POI0585,Tu,20,0
POI0585,Tu,21,0
POI0585,Tu,22,0
POI0585,Tu,23,0
POI0585,We,6,0
POI0585,We,7,0
POI0585,We,8,0
POI0585,We,9,0
POI0585,We,10,44
POI0585,We,11,56
POI0585,We,12,60
POI0585,We,13,62
POI0585,We,14,52
POI0585,We,15,49
POI0585,We,16,52
POI0585,We,17,35
POI0585,We,18,0
POI0585,We,19,0
POI0585,We,20,0
POI0585,We,21,0
POI0585,We,22,0
POI0585,We,23,0
POI0585,Th,6,0
POI0585,Th,7,0
POI0585,Th,8,0
POI0585,Th,9,0
POI0585,Th,10,17
POI0585,Th,11,18
POI0585,Th,12,34
POI0585,Th,13,42
POI0585,Th,14,50
POI0585,Th,15,45
POI0585,Th,16,44
POI0585,Th,17,44
POI0585,Th,18,0
POI0585,Th,19,0
POI0585,Th,20,0
POI0585,Th,21,0
POI0585,Th,22,0
POI0585,Th,23,0
POI0585,Fr,6,0
POI0585,Fr,7,0
POI0585,Fr,8,0
POI0585,Fr,9,0
POI0585,Fr,10,47
POI0585,Fr,11,52
POI0585,Fr,12,52
POI0585,Fr,13,49
POI0585,Fr,14,47
POI0585,Fr,15,49
POI0585,Fr,16,50
POI0585,Fr,17,50
POI0585,Fr,18,0
POI0585,Fr,19,0
POI0585,Fr,20,0
POI0585,Fr,21,0
POI0585,Fr,22,0
POI0585,Fr,23,0
POI0585,Sa,6,0
POI0585,Sa,7,0
POI0585,Sa,8,0
POI0585,Sa,9,0
POI0585,Sa,10,45
POI0585,Sa,11,54
POI0585,Sa,12,75
POI0585,Sa,13,87
POI0585,Sa,14,90
POI0585,Sa,15,75
POI0585,Sa,16,59
POI0585,Sa,17,44
POI0585,Sa,18,0
POI0585,Sa,19,0
POI0585,Sa,20,0
POI0585,Sa,21,0
POI0585,Sa,22,0
POI0585,Sa,23,0
POI0585,Su,6,0
POI0585,Su,7,0
POI0585,Su,8,0
POI0585,Su,9,0
POI0585,Su,10,49
POI0585,Su,11,73
POI0585,Su,12,95
POI0585,Su,13,95
POI0585,Su,14,100
POI0585,Su,15,96
POI0585,Su,16,82
POI0585,Su,17,58
POI0585,Su,18,0
POI0585,Su,19,0
POI0585,Su,20,0
POI0585,Su,21,0
POI0585,Su,22,0
POI0585,Su,23,0
POI0592,Mo,0,12
POI0592,Mo,1,7
POI0592,Mo,2,5
POI0592,Mo,3,6
POI0592,Mo,4,7
POI0592,Mo,5,12
POI0592,Mo,6,18
POI0592,Mo,7,24
POI0592,Mo,8,30
POI0592,Mo,9,33
POI0592,Mo,10,39
POI0592,Mo,11,42
POI0592,Mo,12,47
POI0592,Mo,13,49
POI0592,Mo,14,53
POI0592,Mo,15,59
POI0592,Mo,16,60
POI0592,Mo,17,59
POI0592,Mo,18,48
POI0592,Mo,19,40
POI0592,Mo,20,31
POI0592,Mo,21,25
POI0592,Mo,22,21
POI0592,Mo,23,17
POI0592,Tu,0,12
POI0592,Tu,1,10
POI0592,Tu,2,7
POI0592,Tu,3,7
POI0592,Tu,4,8
POI0592,Tu,5,13
POI0592,Tu,6,19
POI0592,Tu,7,28
POI0592,Tu,8,32
POI0592,Tu,9,37
POI0592,Tu,10,41
POI0592,Tu,11,47
POI0592,Tu,12,53
POI0592,Tu,13,57
POI0592,Tu,14,62
POI0592,Tu,15,67
POI0592,Tu,16,70
POI0592,Tu,17,68
POI0592,Tu,18,58
POI0592,Tu,19,43
POI0592,Tu,20,31
POI0592,Tu,21,25
POI0592,Tu,22,21
POI0592,Tu,23,17
POI0592,We,0,15
POI0592,We,1,11
POI0592,We,2,9
POI0592,We,3,10
POI0592,We,4,12
POI0592,We,5,15
POI0592,We,6,22
POI0592,We,7,29
POI0592,We,8,39
POI0592,We,9,49
POI0592,We,10,57
POI0592,We,11,63
POI0592,We,12,67
POI0592,We,13,66
POI0592,We,14,63
POI0592,We,15,60
POI0592,We,16,57
POI0592,We,17,51
POI0592,We,18,48
POI0592,We,19,43
POI0592,We,20,39
POI0592,We,21,33
POI0592,We,22,27
POI0592,We,23,23
POI0592,Th,0,14
POI0592,Th,1,10
POI0592,Th,2,9
POI0592,Th,3,7
POI0592,Th,4,9
POI0592,Th,5,13
POI0592,Th,6,20
POI0592,Th,7,26
POI0592,Th,8,31
POI0592,Th,9,35
POI0592,Th,10,38
POI0592,Th,11,44
POI0592,Th,12,48
POI0592,Th,13,52
POI0592,Th,14,55
POI0592,Th,15,59
POI0592,Th,16,66
POI0592,Th,17,71
POI0592,Th,18,70
POI0592,Th,19,58
POI0592,Th,20,45
POI0592,Th,21,33
POI0592,Th,23,20
POI0592,Fr,0,15
POI0592,Fr,1,9
POI0592,Fr,2,5
POI0592,Fr,3,7
POI0592,Fr,4,8
POI0592,Fr,5,12
POI0592,Fr,6,18
POI0592,Fr,7,25
POI0592,Fr,8,30
POI0592,Fr,9,35
POI0592,Fr,10,39
POI0592,Fr,11,44
POI0592,Fr,12,49
POI0592,Fr,13,52
POI0592,Fr,14,58
POI0592,Fr,15,61
POI0592,Fr,16,67
POI0592,Fr,17,66
POI0592,Fr,18,63
POI0592,Fr,19,51
POI0592,Fr,20,45
POI0592,Fr,21,37
POI0592,Fr,22,33
POI0592,Fr,23,26
POI0592,Sa,0,16
POI0592,Sa,1,11
POI0592,Sa,2,8
POI0592,Sa,3,7
POI0592,Sa,4,7
POI0592,Sa,5,8
POI0592,Sa,6,9
POI0592,Sa,7,12
POI0592,Sa,8,18
POI0592,Sa,9,27
POI0592,Sa,10,38
POI0592,Sa,11,48
POI0592,Sa,12,59
POI0592,Sa,13,66
POI0592,Sa,14,76
POI0592,Sa,15,80
POI0592,Sa,16,83
POI0592,Sa,17,77
POI0592,Sa,18,67
POI0592,Sa,19,52
POI0592,Sa,20,41
POI0592,Sa,21,35
POI0592,Sa,22,29
POI0592,Sa,23,23
POI0592,Su,0,8
POI0592,Su,1,8
POI0592,Su,2,9
POI0592,Su,3,9
POI0592,Su,4,7
POI0592,Su,5,8
POI0592,Su,6,11
POI0592,Su,7,15
POI0592,Su,8,21
POI0592,Su,9,28
POI0592,Su,10,41
POI0592,Su,11,57
POI0592,Su,12,76
POI0592,Su,13,88
POI0592,Su,14,95
POI0592,Su,15,100
POI0592,Su,16,98
POI0592,Su,17,87
POI0592,Su,18,68
POI0592,Su,19,47
POI0592,Su,20,32
POI0592,Su,21,23
POI0592,Su,22,16
POI0592,Su,23,11
POI0601,Mo,0,24
POI0601,Mo,1,20
POI0601,Mo,2,21
POI0601,Mo,3,21
POI0601,Mo,4,20
POI0601,Mo,5,20
POI0601,Mo,6,26
POI0601,Mo,7,27
POI0601,Mo,8,32
POI0601,Mo,9,37
POI0601,Mo,10,47
POI0601,Mo,11,53
POI0601,Mo,12,60
POI0601,Mo,13,59
POI0601,Mo,14,62
POI0601,Mo,15,67
POI0601,Mo,16,66
POI0601,Mo,17,64
POI0601,Mo,18,62
POI0601,Mo,19,57
POI0601,Mo,20,47
POI0601,Mo,21,36
POI0601,Mo,22,30
POI0601,Mo,23,26
POI0601,Tu,0,15
POI0601,Tu,1,19
POI0601,Tu,2,17
POI0601,Tu,3,16
POI0601,Tu,4,17
POI0601,Tu,5,21
POI0601,Tu,6,27
POI0601,Tu,7,37
POI0601,Tu,8,42
POI0601,Tu,9,48
POI0601,Tu,10,51
POI0601,Tu,11,58
POI0601,Tu,12,59
POI0601,Tu,13,65
POI0601,Tu,14,72
POI0601,Tu,15,78
POI0601,Tu,16,82
POI0601,Tu,17,78
POI0601,Tu,18,74
POI0601,Tu,19,66
POI0601,Tu,20,55
POI0601,Tu,21,41
POI0601,Tu,22,27
POI0601,Tu,23,20
POI0601,We,0,28
POI0601,We,1,20
POI0601,We,2,18
POI0601,We,3,19
POI0601,We,4,17
POI0601,We,5,16
POI0601,We,6,21
POI0601,We,7,26
POI0601,We,8,32
POI0601,We,9,35
POI0601,We,10,40
POI0601,We,11,45
POI0601,We,12,52
POI0601,We,13,65
POI0601,We,14,75
POI0601,We,15,77
POI0601,We,16,82
POI0601,We,17,86
POI0601,We,18,90
POI0601,We,19,80
POI0601,We,20,66
POI0601,We,21,53
POI0601,We,22,45
POI0601,We,23,37
POI0601,Th,0,20
POI0601,Th,1,18
POI0601,Th,2,17
POI0601,Th,3,22
POI0601,Th,4,30
POI0601,Th,5,35
POI0601,Th,6,33
POI0601,Th,7,28
POI0601,Th,8,30
POI0601,Th,9,37
POI0601,Th,10,48
POI0601,Th,11,55
POI0601,Th,12,50
POI0601,Th,13,47
POI0601,Th,14,48
POI0601,Th,15,60
POI0601,Th,16,63
POI0601,Th,17,62
POI0601,Th,18,57
POI0601,Th,19,49
POI0601,Th,20,47
POI0601,Th,21,37
POI0601,Th,22,32
POI0601,Fr,0,37
POI0601,Fr,1,32
POI0601,Fr,2,22
POI0601,Fr,3,17
POI0601,Fr,4,17
POI0601,Fr,5,16
POI0601,Fr,6,20
POI0601,Fr,7,20
POI0601,Fr,8,28
POI0601,Fr,9,37
POI0601,Fr,10,46
POI0601,Fr,11,51
POI0601,Fr,12,62
POI0601,Fr,13,60
POI0601,Fr,14,68
POI0601,Fr,15,64
POI0601,Fr,16,65
POI0601,Fr,17,64
POI0601,Fr,18,57
POI0601,Fr,19,49
POI0601,Fr,20,42
POI0601,Fr,21,43
POI0601,Fr,22,42
POI0601,Fr,23,50
POI0601,Sa,0,32
POI0601,Sa,1,23
POI0601,Sa,2,20
POI0601,Sa,3,16
POI0601,Sa,4,17
POI0601,Sa,5,19
POI0601,Sa,6,27
POI0601,Sa,7,35
POI0601,Sa,8,43
POI0601,Sa,9,50
POI0601,Sa,10,60
POI0601,Sa,11,69
POI0601,Sa,12,72
POI0601,Sa,13,77
POI0601,Sa,14,83
POI0601,Sa,15,85
POI0601,Sa,16,87
POI0601,Sa,17,75
POI0601,Sa,18,68
POI0601,Sa,19,65
POI0601,Sa,20,60
POI0601,Sa,21,56
POI0601,Sa,22,45
POI0601,Sa,23,42
POI0601,Su,0,30
POI0601,Su,1,22
POI0601,Su,2,16
POI0601,Su,3,17
POI0601,Su,4,20
POI0601,Su,5,26
POI0601,Su,6,24
POI0601,Su,7,27
POI0601,Su,8,30
POI0601,Su,9,45
POI0601,Su,10,60
POI0601,Su,11,73
POI0601,Su,12,77
POI0601,Su,13,81
POI0601,Su,14,89
POI0601,Su,15,98
POI0601,Su,16,100
POI0601,Su,17,85
POI0601,Su,18,78
POI0601,Su,19,61
POI0601,Su,20,52
POI0601,Su,21,35
POI0601,Su,22,32
POI0601,Su,23,30
POI0602,Mo,6,0
POI0602,Mo,7,0
POI0602,Mo,8,0
POI0602,Mo,9,0
POI0602,Mo,10,27
POI0602,Mo,11,36
POI0602,Mo,12,43
POI0602,Mo,13,47
POI0602,Mo,14,49
POI0602,Mo,15,51
POI0602,Mo,16,53
POI0602,Mo,17,54
POI0602,Mo,18,52
POI0602,Mo,19,44
POI0602,Mo,20,0
POI0602,Mo,21,0
POI0602,Mo,22,0
POI0602,Mo,23,0
POI0602,Tu,6,0
POI0602,Tu,7,0
POI0602,Tu,8,0
POI0602,Tu,9,0
POI0602,Tu,10,28
POI0602,Tu,11,36
POI0602,Tu,12,44
POI0602,Tu,13,48
POI0602,Tu,14,50
POI0602,Tu,15,54
POI0602,Tu,16,58
POI0602,Tu,17,62
POI0602,Tu,18,61
POI0602,Tu,19,53
POI0602,Tu,20,0
POI0602,Tu,21,0
POI0602,Tu,22,0
POI0602,Tu,23,0
POI0602,We,6,0
POI0602,We,7,0
POI0602,We,8,0
POI0602,We,9,0
POI0602,We,10,26
POI0602,We,11,34
POI0602,We,12,42
POI0602,We,13,47
POI0602,We,14,50
POI0602,We,15,53
POI0602,We,16,56
POI0602,We,17,59
POI0602,We,18,57
POI0602,We,19,50
POI0602,We,20,0
POI0602,We,21,0
POI0602,We,22,0
POI0602,We,23,0
POI0602,Th,6,0
POI0602,Th,7,0
POI0602,Th,8,0
POI0602,Th,9,0
POI0602,Th,10,27
POI0602,Th,11,36
POI0602,Th,12,44
POI0602,Th,13,49
POI0602,Th,14,51
POI0602,Th,15,52
POI0602,Th,16,54
POI0602,Th,17,57
POI0602,Th,18,55
POI0602,Th,19,48
POI0602,Th,20,0
POI0602,Th,21,0
POI0602,Th,22,0
POI0602,Th,23,0
POI0602,Fr,6,0
POI0602,Fr,7,0
POI0602,Fr,8,0
POI0602,Fr,9,0
POI0602,Fr,10,27
POI0602,Fr,11,36
POI0602,Fr,12,44
POI0602,Fr,13,51
POI0602,Fr,14,54
POI0602,Fr,15,56
POI0602,Fr,16,58
POI0602,Fr,17,60
POI0602,Fr,18,57
POI0602,Fr,19,52
POI0602,Fr,20,0
POI0602,Fr,21,0
POI0602,Fr,22,0
POI0602,Fr,23,0
POI0602,Sa,6,0
POI0602,Sa,7,0
POI0602,Sa,8,0
POI0602,Sa,9,0
POI0602,Sa,10,37
POI0602,Sa,11,57
POI0602,Sa,12,74
POI0602,Sa,13,87
POI0602,Sa,14,95
POI0602,Sa,15,100
POI0602,Sa,16,97
POI0602,Sa,17,92
POI0602,Sa,18,83
POI0602,Sa,19,69
POI0602,Sa,20,0
POI0602,Sa,21,0
POI0602,Sa,22,0
POI0602,Sa,23,0
POI0605,Tu,6,0
POI0605,Tu,7,0
POI0605,Tu,8,0
POI0605,Tu,9,0
POI0605,Tu,10,37
POI0605,Tu,11,50
POI0605,Tu,12,66
POI0605,Tu,13,74
POI0605,Tu,14,77
POI0605,Tu,15,73
POI0605,Tu,16,62
POI0605,Tu,17,44
POI0605,Tu,18,0
POI0605,Tu,19,0
POI0605,Tu,20,0
POI0605,Tu,21,0
POI0605,Tu,22,0
POI0605,Tu,23,0
POI0605,We,6,0
POI0605,We,7,0
POI0605,We,8,0
POI0605,We,9,0
POI0605,We,10,37
POI0605,We,11,49
POI0605,We,12,58
POI0605,We,13,58
POI0605,We,14,58
POI0605,We,15,53
POI0605,We,16,46
POI0605,We,17,32
POI0605,We,18,0
POI0605,We,19,0
POI0605,We,20,0
POI0605,We,21,0
POI0605,We,22,0
POI0605,We,23,0
POI0605,Th,6,0
POI0605,Th,7,0
POI0605,Th,8,0
POI0605,Th,9,0
POI0605,Th,10,32
POI0605,Th,11,45
POI0605,Th,12,56
POI0605,Th,13,64
POI0605,Th,14,67
POI0605,Th,15,64
POI0605,Th,16,57
POI0605,Th,17,42
POI0605,Th,18,0
POI0605,Th,19,0
POI0605,Th,20,0
POI0605,Th,21,0
POI0605,Th,22,0
POI0605,Th,23,0
POI0605,Fr,6,0
POI0605,Fr,7,0
POI0605,Fr,8,0
POI0605,Fr,9,0
POI0605,Fr,10,37
POI0605,Fr,11,55
POI0605,Fr,12,71
POI0605,Fr,13,78
POI0605,Fr,14,80
POI0605,Fr,15,75
POI0605,Fr,16,64
POI0605,Fr,17,44
POI0605,Fr,18,0
POI0605,Fr,19,0
POI0605,Fr,20,0
POI0605,Fr,21,0
POI0605,Fr,22,0
POI0605,Fr,23,0
POI0605,Sa,6,0
POI0605,Sa,7,0
POI0605,Sa,8,0
POI0605,Sa,9,0
POI0605,Sa,10,32
POI0605,Sa,11,52
POI0605,Sa,12,69
POI0605,Sa,13,79
POI0605,Sa,14,89
POI0605,Sa,15,86
POI0605,Sa,16,74
POI0605,Sa,17,52
POI0605,Sa,18,0
POI0605,Sa,19,0
POI0605,Sa,20,0
POI0605,Sa,21,0
POI0605,Sa,22,0
POI0605,Sa,23,0
POI0605,Su,6,0
POI0605,Su,7,0
POI0605,Su,8,0
POI0605,Su,9,0
POI0605,Su,10,36
POI0605,Su,11,61
POI0605,Su,12,83
POI0605,Su,13,96
POI0605,Su,14,100
POI0605,Su,15,93
POI0605,Su,16,78
POI0605,Su,17,57
POI0605,Su,18,0
POI0605,Su,19,0
POI0605,Su,20,0
POI0605,Su,21,0
POI0605,Su,22,0
POI0605,Su,23,0
POI0606,Mo,0,10
POI0606,Mo,1,8
POI0606,Mo,2,7
POI0606,Mo,3,6
POI0606,Mo,4,7
POI0606,Mo,5,8
POI0606,Mo,6,9
POI0606,Mo,7,11
POI0606,Mo,8,11
POI0606,Mo,9,12
POI0606,Mo,10,14
POI0606,Mo,11,18
POI0606,Mo,12,24
POI0606,Mo,13,29
POI0606,Mo,14,31
POI0606,Mo,15,35
POI0606,Mo,16,41
POI0606,Mo,17,46
POI0606,Mo,18,47
POI0606,Mo,19,44
POI0606,Mo,20,36
POI0606,Mo,21,29
POI0606,Mo,22,23
POI0606,Mo,23,17
POI0606,Tu,0,9
POI0606,Tu,1,5
POI0606,Tu,2,4
POI0606,Tu,3,5
POI0606,Tu,4,4
POI0606,Tu,5,7
POI0606,Tu,6,9
POI0606,Tu,7,13
POI0606,Tu,8,13
POI0606,Tu,9,14
POI0606,Tu,10,14
POI0606,Tu,11,15
POI0606,Tu,12,19
POI0606,Tu,13,25
POI0606,Tu,14,31
POI0606,Tu,15,35
POI0606,Tu,16,40
POI0606,Tu,17,44
POI0606,Tu,18,49
POI0606,Tu,19,47
POI0606,Tu,20,41
POI0606,Tu,21,33
POI0606,Tu,22,26
POI0606,Tu,23,16
POI0606,We,0,8
POI0606,We,1,5
POI0606,We,2,4
POI0606,We,3,4
POI0606,We,4,6
POI0606,We,5,5
POI0606,We,6,6
POI0606,We,7,9
POI0606,We,8,13
POI0606,We,9,16
POI0606,We,10,16
POI0606,We,11,20
POI0606,We,12,29
POI0606,We,13,34
POI0606,We,14,40
POI0606,We,15,42
POI0606,We,16,51
POI0606,We,17,58
POI0606,We,18,58
POI0606,We,19,51
POI0606,We,20,43
POI0606,We,21,34
POI0606,We,22,23
POI0606,We,23,15
POI0606,Th,0,15
POI0606,Th,1,11
POI0606,Th,2,7
POI0606,Th,3,6
POI0606,Th,4,6
POI0606,Th,5,6
POI0606,Th,6,6
POI0606,Th,7,6
POI0606,Th,8,7
POI0606,Th,9,9
POI0606,Th,10,12
POI0606,Th,11,19
POI0606,Th,12,27
POI0606,Th,13,34
POI0606,Th,14,34
POI0606,Th,15,40
POI0606,Th,16,48
POI0606,Th,17,57
POI0606,Th,18,58
POI0606,Th,19,52
POI0606,Th,20,42
POI0606,Th,21,34
POI0606,Th,23,23
POI0606,Fr,0,18
POI0606,Fr,1,11
POI0606,Fr,2,7
POI0606,Fr,3,4
POI0606,Fr,4,3
POI0606,Fr,5,5
POI0606,Fr,6,8
POI0606,Fr,7,13
POI0606,Fr,8,15
POI0606,Fr,9,15
POI0606,Fr,10,16
POI0606,Fr,11,20
POI0606,Fr,12,30
POI0606,Fr,13,40
POI0606,Fr,14,50
POI0606,Fr,15,56
POI0606,Fr,16,61
POI0606,Fr,17,62
POI0606,Fr,18,61
POI0606,Fr,19,57
POI0606,Fr,20,48
POI0606,Fr,21,41
POI0606,Fr,22,34
POI0606,Fr,23,27
POI0606,Sa,0,15
POI0606,Sa,1,9
POI0606,Sa,2,6
POI0606,Sa,3,5
POI0606,Sa,4,5
POI0606,Sa,5,6
POI0606,Sa,6,8
POI0606,Sa,7,7
POI0606,Sa,8,7
POI0606,Sa,9,9
POI0606,Sa,10,15
POI0606,Sa,11,26
POI0606,Sa,12,40
POI0606,Sa,13,58
POI0606,Sa,14,76
POI0606,Sa,15,90
POI0606,Sa,16,100
POI0606,Sa,17,96
POI0606,Sa,18,87
POI0606,Sa,19,70
POI0606,Sa,20,56
POI0606,Sa,21,41
POI0606,Sa,22,32
POI0606,Sa,23,23
POI0606,Su,0,7
POI0606,Su,1,3
POI0606,Su,2,4
POI0606,Su,3,6
POI0606,Su,4,11
POI0606,Su,5,9
POI0606,Su,6,8
POI0606,Su,7,5
POI0606,Su,8,7
POI0606,Su,9,9
POI0606,Su,10,18
POI0606,Su,11,27
POI0606,Su,12,39
POI0606,Su,13,54
POI0606,Su,14,73
POI0606,Su,15,89
POI0606,Su,16,95
POI0606,Su,17,88
POI0606,Su,18,74
POI0606,Su,19,56
POI0606,Su,20,41
POI0606,Su,21,31
POI0606,Su,22,23
POI0606,Su,23,14
POI0608,Mo,0,9
POI0608,Mo,1,4
POI0608,Mo,2,3
POI0608,Mo,3,3
POI0608,Mo,4,5
POI0608,Mo,5,9
POI0608,Mo,6,16
POI0608,Mo,7,24
POI0608,Mo,8,30
POI0608,Mo,9,32
POI0608,Mo,10,33
POI0608,Mo,11,35
POI0608,Mo,12,38
POI0608,Mo,13,42
POI0608,Mo,14,45
POI0608,Mo,15,52
POI0608,Mo,16,58
POI0608,Mo,17,61
POI0608,Mo,18,57
POI0608,Mo,19,47
POI0608,Mo,20,36
POI0608,Mo,21,29
POI0608,Mo,22,21
POI0608,Mo,23,16
POI0608,Tu,0,10
POI0608,Tu,1,4
POI0608,Tu,2,2
POI0608,Tu,3,2
POI0608,Tu,4,5
POI0608,Tu,5,10
POI0608,Tu,6,18
POI0608,Tu,7,26
POI0608,Tu,8,34
POI0608,Tu,9,36
POI0608,Tu,10,37
POI0608,Tu,11,37
POI0608,Tu,12,41
POI0608,Tu,13,47
POI0608,Tu,14,53
POI0608,Tu,15,59
POI0608,Tu,16,66
POI0608,Tu,17,70
POI0608,Tu,18,67
POI0608,Tu,19,56
POI0608,Tu,20,44
POI0608,Tu,21,35
POI0608,Tu,22,26
POI0608,Tu,23,18
POI0608,We,0,10
POI0608,We,1,4
POI0608,We,2,2
POI0608,We,3,2
POI0608,We,4,5
POI0608,We,5,11
POI0608,We,6,19
POI0608,We,7,28
POI0608,We,8,35
POI0608,We,9,37
POI0608,We,10,36
POI0608,We,11,37
POI0608,We,12,41
POI0608,We,13,44
POI0608,We,14,48
POI0608,We,15,54
POI0608,We,16,63
POI0608,We,17,72
POI0608,We,18,69
POI0608,We,19,58
POI0608,We,20,48
POI0608,We,21,38
POI0608,We,22,31
POI0608,We,23,21
POI0608,Th,0,16
POI0608,Th,1,7
POI0608,Th,2,3
POI0608,Th,3,3
POI0608,Th,4,5
POI0608,Th,5,10
POI0608,Th,6,16
POI0608,Th,7,23
POI0608,Th,8,30
POI0608,Th,9,33
POI0608,Th,10,34
POI0608,Th,11,36
POI0608,Th,12,39
POI0608,Th,13,45
POI0608,Th,14,49
POI0608,Th,15,56
POI0608,Th,16,65
POI0608,Th,17,71
POI0608,Th,18,69
POI0608,Th,19,60
POI0608,Th,20,51
POI0608,Th,21,45
POI0608,Th,22,38
POI0608,Fr,0,23
POI0608,Fr,1,15
POI0608,Fr,2,10
POI0608,Fr,3,7
POI0608,Fr,4,7
POI0608,Fr,5,8
POI0608,Fr,6,13
POI0608,Fr,7,19
POI0608,Fr,8,26
POI0608,Fr,9,31
POI0608,Fr,10,32
POI0608,Fr,11,34
POI0608,Fr,12,38
POI0608,Fr,13,45
POI0608,Fr,14,54
POI0608,Fr,15,63
POI0608,Fr,16,71
POI0608,Fr,17,73
POI0608,Fr,18,69
POI0608,Fr,19,61
POI0608,Fr,20,53
POI0608,Fr,21,49
POI0608,Fr,22,42
POI0608,Fr,23,36
POI0608,Sa,0,22
POI0608,Sa,1,14
POI0608,Sa,2,9
POI0608,Sa,3,7
POI0608,Sa,4,5
POI0608,Sa,5,5
POI0608,Sa,6,5
POI0608,Sa,7,7
POI0608,Sa,8,12
POI0608,Sa,9,21
POI0608,Sa,10,28
POI0608,Sa,11,36
POI0608,Sa,12,44
POI0608,Sa,13,58
POI0608,Sa,14,73
POI0608,Sa,15,86
POI0608,Sa,16,97
POI0608,Sa,17,100
POI0608,Sa,18,96
POI0608,Sa,19,83
POI0608,Sa,20,67
POI0608,Sa,21,54
POI0608,Sa,22,43
POI0608,Sa,23,34
POI0608,Su,0,12
POI0608,Su,1,6
POI0608,Su,2,3
POI0608,Su,3,3
POI0608,Su,4,5
POI0608,Su,5,6
POI0608,Su,6,6
POI0608,Su,7,7
POI0608,Su,8,10
POI0608,Su,9,17
POI0608,Su,10,26
POI0608,Su,11,35
POI0608,Su,12,44
POI0608,Su,13,53
POI0608,Su,14,63
POI0608,Su,15,73
POI0608,Su,16,78
POI0608,Su,17,75
POI0608,Su,18,66
POI0608,Su,19,53
POI0608,Su,20,42
POI0608,Su,21,34
POI0608,Su,22,27
POI0608,Su,23,20
POI0609,Mo,6,0
POI0609,Mo,7,0
POI0609,Mo,8,0
POI0609,Mo,9,0
POI0609,Mo,10,35
POI0609,Mo,11,47
POI0609,Mo,12,57
POI0609,Mo,13,64
POI0609,Mo,14,67
POI0609,Mo,15,71
POI0609,Mo,16,73
POI0609,Mo,17,72
POI0609,Mo,18,64
POI0609,Mo,19,49
POI0609,Mo,20,0
POI0609,Mo,21,0
POI0609,Mo,22,0
POI0609,Mo,23,0
POI0609,Tu,6,0
POI0609,Tu,7,0
POI0609,Tu,8,0
POI0609,Tu,9,0
POI0609,Tu,10,36
POI0609,Tu,11,49
POI0609,Tu,12,60
POI0609,Tu,13,67
POI0609,Tu,14,73
POI0609,Tu,15,78
POI0609,Tu,16,81
POI0609,Tu,17,79
POI0609,Tu,18,70
POI0609,Tu,19,53
POI0609,Tu,20,0
POI0609,Tu,21,0
POI0609,Tu,22,0
POI0609,Tu,23,0
POI0609,We,6,0
POI0609,We,7,0
POI0609,We,8,0
POI0609,We,9,0
POI0609,We,10,34
POI0609,We,11,48
POI0609,We,12,60
POI0609,We,13,65
POI0609,We,14,69
POI0609,We,15,73
POI0609,We,16,77
POI0609,We,17,77
POI0609,We,18,69
POI0609,We,19,53
POI0609,We,20,0
POI0609,We,21,0
POI0609,We,22,0
POI0609,We,23,0
POI0609,Th,6,0
POI0609,Th,7,0
POI0609,Th,8,0
POI0609,Th,9,0
POI0609,Th,10,34
POI0609,Th,11,47
POI0609,Th,12,56
POI0609,Th,13,63
POI0609,Th,14,68
POI0609,Th,15,72
POI0609,Th,16,75
POI0609,Th,17,75
POI0609,Th,18,67
POI0609,Th,19,52
POI0609,Th,20,0
POI0609,Th,21,0
POI0609,Th,22,0
POI0609,Th,23,0
POI0609,Fr,6,0
POI0609,Fr,7,0
POI0609,Fr,8,0
POI0609,Fr,9,0
POI0609,Fr,10,33
POI0609,Fr,11,45
POI0609,Fr,12,56
POI0609,Fr,13,63
POI0609,Fr,14,68
POI0609,Fr,15,71
POI0609,Fr,16,75
POI0609,Fr,17,74
POI0609,Fr,18,66
POI0609,Fr,19,49
POI0609,Fr,20,0
POI0609,Fr,21,0
POI0609,Fr,22,0
POI0609,Fr,23,0
POI0609,Sa,6,0
POI0609,Sa,7,0
POI0609,Sa,8,0
POI0609,Sa,9,0
POI0609,Sa,10,39
POI0609,Sa,11,59
POI0609,Sa,12,75
POI0609,Sa,13,87
POI0609,Sa,14,94
POI0609,Sa,15,98
POI0609,Sa,16,100
POI0609,Sa,17,97
POI0609,Sa,18,85
POI0609,Sa,19,64
POI0609,Sa,20,0
POI0609,Sa,21,0
POI0609,Sa,22,0
POI0609,Sa,23,0
POI0615,Mo,0,9
POI0615,Mo,1,3
POI0615,Mo,2,2
POI0615,Mo,3,4
POI0615,Mo,4,10
POI0615,Mo,5,18
POI0615,Mo,6,29
POI0615,Mo,7,41
POI0615,Mo,8,49
POI0615,Mo,9,52
POI0615,Mo,10,51
POI0615,Mo,11,53
POI0615,Mo,12,57
POI0615,Mo,13,63
POI0615,Mo,14,72
POI0615,Mo,15,82
POI0615,Mo,16,88
POI0615,Mo,17,88
POI0615,Mo,18,75
POI0615,Mo,19,58
POI0615,Mo,20,44
POI0615,Mo,21,36
POI0615,Mo,22,28
POI0615,Mo,23,19
POI0615,Tu,0,10
POI0615,Tu,1,4
POI0615,Tu,2,2
POI0615,Tu,3,4
POI0615,Tu,4,10
POI0615,Tu,5,20
POI0615,Tu,6,35
POI0615,Tu,7,49
POI0615,Tu,8,59
POI0615,Tu,9,60
POI0615,Tu,10,60
POI0615,Tu,11,60
POI0615,Tu,12,64
POI0615,Tu,13,71
POI0615,Tu,14,82
POI0615,Tu,15,92
POI0615,Tu,16,100
POI0615,Tu,17,99
POI0615,Tu,18,88
POI0615,Tu,19,68
POI0615,Tu,20,51
POI0615,Tu,21,39
POI0615,Tu,22,30
POI0615,Tu,23,20
POI0615,We,0,13
POI0615,We,1,5
POI0615,We,2,2
POI0615,We,3,4
POI0615,We,4,9
POI0615,We,5,19
POI0615,We,6,32
POI0615,We,7,46
POI0615,We,8,55
POI0615,We,9,56
POI0615,We,10,54
POI0615,We,11,56
POI0615,We,12,61
POI0615,We,13,68
POI0615,We,14,77
POI0615,We,15,85
POI0615,We,16,93
POI0615,We,17,94
POI0615,We,18,84
POI0615,We,19,66
POI0615,We,20,53
POI0615,We,21,44
POI0615,We,22,37
POI0615,We,23,25
POI0615,Th,0,14
POI0615,Th,1,6
POI0615,Th,2,3
POI0615,Th,3,4
POI0615,Th,4,9
POI0615,Th,5,18
POI0615,Th,6,30
POI0615,Th,7,42
POI0615,Th,8,49
POI0615,Th,9,51
POI0615,Th,10,52
POI0615,Th,11,56
POI0615,Th,12,63
POI0615,Th,13,71
POI0615,Th,14,79
POI0615,Th,15,86
POI0615,Th,16,91
POI0615,Th,17,89
POI0615,Th,18,80
POI0615,Th,19,63
POI0615,Th,20,50
POI0615,Th,21,40
POI0615,Th,23,25
POI0615,Fr,0,16
POI0615,Fr,1,9
POI0615,Fr,2,6
POI0615,Fr,3,6
POI0615,Fr,4,9
POI0615,Fr,5,15
POI0615,Fr,6,23
POI0615,Fr,7,31
POI0615,Fr,8,37
POI0615,Fr,9,43
POI0615,Fr,10,47
POI0615,Fr,11,53
POI0615,Fr,12,61
POI0615,Fr,13,69
POI0615,Fr,14,75
POI0615,Fr,15,77
POI0615,Fr,16,77
POI0615,Fr,17,71
POI0615,Fr,18,65
POI0615,Fr,19,54
POI0615,Fr,20,46
POI0615,Fr,21,40
POI0615,Fr,22,35
POI0615,Fr,23,27
POI0615,Sa,0,16
POI0615,Sa,1,9
POI0615,Sa,2,6
POI0615,Sa,3,5
POI0615,Sa,4,6
POI0615,Sa,5,7
POI0615,Sa,6,9
POI0615,Sa,7,11
POI0615,Sa,8,16
POI0615,Sa,9,23
POI0615,Sa,10,32
POI0615,Sa,11,41
POI0615,Sa,12,50
POI0615,Sa,13,59
POI0615,Sa,14,65
POI0615,Sa,15,66
POI0615,Sa,16,65
POI0615,Sa,17,61
POI0615,Sa,18,54
POI0615,Sa,19,46
POI0615,Sa,20,39
POI0615,Sa,21,35
POI0615,Sa,22,32
POI0615,Sa,23,26
POI0615,Su,0,8
POI0615,Su,1,3
POI0615,Su,2,2
POI0615,Su,3,2
POI0615,Su,4,4
POI0615,Su,5,6
POI0615,Su,6,7
POI0615,Su,7,10
POI0615,Su,8,14
POI0615,Su,9,22
POI0615,Su,10,31
POI0615,Su,11,40
POI0615,Su,12,50
POI0615,Su,13,57
POI0615,Su,14,60
POI0615,Su,15,60
POI0615,Su,16,58
POI0615,Su,17,53
POI0615,Su,18,45
POI0615,Su,19,36
POI0615,Su,20,30
POI0615,Su,21,25
POI0615,Su,22,20
POI0615,Su,23,14
POI0617,Mo,6,0
POI0617,Mo,7,0
POI0617,Mo,8,0
POI0617,Mo,9,15
POI0617,Mo,10,22
POI0617,Mo,11,31
POI0617,Mo,12,39
POI0617,Mo,13,44
POI0617,Mo,14,44
POI0617,Mo,15,40
POI0617,Mo,16,30
POI0617,Mo,17,0
POI0617,Mo,18,0
POI0617,Mo,19,0
POI0617,Mo,20,0
POI0617,Mo,21,0
POI0617,Mo,22,0
POI0617,Mo,23,0
POI0617,Tu,6,0
POI0617,Tu,7,0
POI0617,Tu,8,0
POI0617,Tu,9,15
POI0617,Tu,10,24
POI0617,Tu,11,30
POI0617,Tu,12,34
POI0617,Tu,13,35
POI0617,Tu,14,34
POI0617,Tu,15,30
POI0617,Tu,16,25
POI0617,Tu,17,0
POI0617,Tu,18,0
POI0617,Tu,19,0
POI0617,Tu,20,0
POI0617,Tu,21,0
POI0617,Tu,22,0
POI0617,Tu,23,0
POI0617,We,6,0
POI0617,We,7,0
POI0617,We,8,0
POI0617,We,9,17
POI0617,We,10,27
POI0617,We,11,36
POI0617,We,12,42
POI0617,We,13,44
POI0617,We,14,44
POI0617,We,15,38
POI0617,We,16,29
POI0617,We,17,0
POI0617,We,18,0
POI0617,We,19,0
POI0617,We,20,0
POI0617,We,21,0
POI0617,We,22,0
POI0617,We,23,0
POI0617,Th,6,0
POI0617,Th,7,0
POI0617,Th,8,0
POI0617,Th,9,18
POI0617,Th,10,28
POI0617,Th,11,38
POI0617,Th,12,45
POI0617,Th,13,47
POI0617,Th,14,45
POI0617,Th,15,38
POI0617,Th,16,27
POI0617,Th,17,0
POI0617,Th,18,0
POI0617,Th,19,0
POI0617,Th,20,0
POI0617,Th,21,0
POI0617,Th,22,0
POI0617,Th,23,0
POI0617,Fr,6,0
POI0617,Fr,7,0
POI0617,Fr,8,0
POI0617,Fr,9,19
POI0617,Fr,10,32
POI0617,Fr,11,46
POI0617,Fr,12,55
POI0617,Fr,13,59
POI0617,Fr,14,58
POI0617,Fr,15,50
POI0617,Fr,16,36
POI0617,Fr,17,0
POI0617,Fr,18,0
POI0617,Fr,19,0
POI0617,Fr,20,0
POI0617,Fr,21,0
POI0617,Fr,22,0
POI0617,Fr,23,0
POI0617,Sa,6,0
POI0617,Sa,7,0
POI0617,Sa,8,0
POI0617,Sa,9,22
POI0617,Sa,10,43
POI0617,Sa,11,67
POI0617,Sa,12,87
POI0617,Sa,13,99
POI0617,Sa,14,100
POI0617,Sa,15,86
POI0617,Sa,16,62
POI0617,Sa,17,0
POI0617,Sa,18,0
POI0617,Sa,19,0
POI0617,Sa,20,0
POI0617,Sa,21,0
POI0617,Sa,22,0
POI0617,Sa,23,0
POI0617,Su,6,0
POI0617,Su,7,0
POI0617,Su,8,0
POI0617,Su,9,18
POI0617,Su,10,34
POI0617,Su,11,53
POI0617,Su,12,70
POI0617,Su,13,84
POI0617,Su,14,86
POI0617,Su,15,75
POI0617,Su,16,54
POI0617,Su,17,0
POI0617,Su,18,0
POI0617,Su,19,0
POI0617,Su,20,0
POI0617,Su,21,0
POI0617,Su,22,0
POI0617,Su,23,0
POI0619,Mo,0,22
POI0619,Mo,1,13
POI0619,Mo,2,8
POI0619,Mo,3,7
POI0619,Mo,4,9
POI0619,Mo,5,13
POI0619,Mo,6,20
POI0619,Mo,7,29
POI0619,Mo,8,39
POI0619,Mo,9,45
POI0619,Mo,10,51
POI0619,Mo,11,58
POI0619,Mo,12,65
POI0619,Mo,13,66
POI0619,Mo,14,72
POI0619,Mo,15,80
POI0619,Mo,16,87
POI0619,Mo,17,91
POI0619,Mo,18,88
POI0619,Mo,19,79
POI0619,Mo,20,70
POI0619,Mo,21,58
POI0619,Mo,22,49
POI0619,Mo,23,37
POI0619,Tu,0,23
POI0619,Tu,1,14
POI0619,Tu,2,8
POI0619,Tu,3,7
POI0619,Tu,4,8
POI0619,Tu,5,12
POI0619,Tu,6,21
POI0619,Tu,7,31
POI0619,Tu,8,41
POI0619,Tu,9,48
POI0619,Tu,10,53
POI0619,Tu,11,58
POI0619,Tu,12,64
POI0619,Tu,13,65
POI0619,Tu,14,73
POI0619,Tu,15,83
POI0619,Tu,16,94
POI0619,Tu,17,100
POI0619,Tu,18,95
POI0619,Tu,19,84
POI0619,Tu,20,73
POI0619,Tu,21,62
POI0619,Tu,22,52
POI0619,Tu,23,42
POI0619,We,0,30
POI0619,We,1,18
POI0619,We,2,12
POI0619,We,3,10
POI0619,We,4,10
POI0619,We,5,13
POI0619,We,6,20
POI0619,We,7,31
POI0619,We,8,42
POI0619,We,9,48
POI0619,We,10,52
POI0619,We,11,57
POI0619,We,12,64
POI0619,We,13,66
POI0619,We,14,70
POI0619,We,15,76
POI0619,We,16,83
POI0619,We,17,88
POI0619,We,18,87
POI0619,We,19,80
POI0619,We,20,73
POI0619,We,21,67
POI0619,We,22,61
POI0619,We,23,50
POI0619,Th,0,29
POI0619,Th,1,18
POI0619,Th,2,11
POI0619,Th,3,8
POI0619,Th,4,9
POI0619,Th,5,11
POI0619,Th,6,19
POI0619,Th,7,27
POI0619,Th,8,37
POI0619,Th,9,42
POI0619,Th,10,47
POI0619,Th,11,54
POI0619,Th,12,58
POI0619,Th,13,61
POI0619,Th,14,67
POI0619,Th,15,75
POI0619,Th,16,84
POI0619,Th,17,88
POI0619,Th,18,88
POI0619,Th,19,83
POI0619,Th,20,77
POI0619,Th,21,70
POI0619,Th,23,48
POI0619,Fr,0,36
POI0619,Fr,1,24
POI0619,Fr,2,15
POI0619,Fr,3,11
POI0619,Fr,4,10
POI0619,Fr,5,11
POI0619,Fr,6,16
POI0619,Fr,7,23
POI0619,Fr,8,32
POI0619,Fr,9,37
POI0619,Fr,10,43
POI0619,Fr,11,49
POI0619,Fr,12,56
POI0619,Fr,13,60
POI0619,Fr,14,65
POI0619,Fr,15,68
POI0619,Fr,16,72
POI0619,Fr,17,73
POI0619,Fr,18,74
POI0619,Fr,19,75
POI0619,Fr,20,74
POI0619,Fr,21,71
POI0619,Fr,22,66
POI0619,Fr,23,55
POI0619,Sa,0,41
POI0619,Sa,1,29
POI0619,Sa,2,21
POI0619,Sa,3,16
POI0619,Sa,4,12
POI0619,Sa,5,12
POI0619,Sa,6,13
POI0619,Sa,7,17
POI0619,Sa,8,22
POI0619,Sa,9,30
POI0619,Sa,10,39
POI0619,Sa,11,49
POI0619,Sa,12,57
POI0619,Sa,13,65
POI0619,Sa,14,71
POI0619,Sa,15,76
POI0619,Sa,16,79
POI0619,Sa,17,82
POI0619,Sa,18,81
POI0619,Sa,19,77
POI0619,Sa,20,72
POI0619,Sa,21,69
POI0619,Sa,22,66
POI0619,Sa,23,58
POI0619,Su,0,19
POI0619,Su,1,13
POI0619,Su,2,9
POI0619,Su,3,10
POI0619,Su,4,11
POI0619,Su,5,11
POI0619,Su,6,11
POI0619,Su,7,11
POI0619,Su,8,13
POI0619,Su,9,20
POI0619,Su,10,29
POI0619,Su,11,37
POI0619,Su,12,40
POI0619,Su,13,40
POI0619,Su,14,40
POI0619,Su,15,40
POI0619,Su,16,42
POI0619,Su,17,43
POI0619,Su,18,44
POI0619,Su,19,44
POI0619,Su,20,44
POI0619,Su,21,43
POI0619,Su,22,38
POI0619,Su,23,31
POI0620,Mo,0,13
POI0620,Mo,1,6
POI0620,Mo,2,4
POI0620,Mo,3,5
POI0620,Mo,4,10
POI0620,Mo,5,19
POI0620,Mo,6,32
POI0620,Mo,7,47
POI0620,Mo,8,55
POI0620,Mo,9,51
POI0620,Mo,10,45
POI0620,Mo,11,42
POI0620,Mo,12,46
POI0620,Mo,13,51
POI0620,Mo,14,61
POI0620,Mo,15,70
POI0620,Mo,16,76
POI0620,Mo,17,77
POI0620,Mo,18,69
POI0620,Mo,19,56
POI0620,Mo,20,45
POI0620,Mo,21,38
POI0620,Mo,22,33
POI0620,Mo,23,24
POI0620,Tu,0,15
POI0620,Tu,1,7
POI0620,Tu,2,4
POI0620,Tu,3,5
POI0620,Tu,4,11
POI0620,Tu,5,22
POI0620,Tu,6,36
POI0620,Tu,7,52
POI0620,Tu,8,63
POI0620,Tu,9,60
POI0620,Tu,10,52
POI0620,Tu,11,49
POI0620,Tu,12,50
POI0620,Tu,13,56
POI0620,Tu,14,64
POI0620,Tu,15,77
POI0620,Tu,16,89
POI0620,Tu,17,96
POI0620,Tu,18,89
POI0620,Tu,19,73
POI0620,Tu,20,56
POI0620,Tu,21,45
POI0620,Tu,22,38
POI0620,Tu,23,28
POI0620,We,0,17
POI0620,We,1,8
POI0620,We,2,4
POI0620,We,3,6
POI0620,We,4,11
POI0620,We,5,21
POI0620,We,6,35
POI0620,We,7,50
POI0620,We,8,61
POI0620,We,9,61
POI0620,We,10,53
POI0620,We,11,49
POI0620,We,12,49
POI0620,We,13,55
POI0620,We,14,67
POI0620,We,15,82
POI0620,We,16,94
POI0620,We,17,100
POI0620,We,18,89
POI0620,We,19,73
POI0620,We,20,58
POI0620,We,21,49
POI0620,We,22,42
POI0620,We,23,32
POI0620,Th,0,18
POI0620,Th,1,9
POI0620,Th,2,5
POI0620,Th,3,6
POI0620,Th,4,12
POI0620,Th,5,21
POI0620,Th,6,34
POI0620,Th,7,49
POI0620,Th,8,60
POI0620,Th,9,59
POI0620,Th,10,52
POI0620,Th,11,50
POI0620,Th,12,51
POI0620,Th,13,56
POI0620,Th,14,63
POI0620,Th,15,71
POI0620,Th,16,77
POI0620,Th,17,79
POI0620,Th,18,74
POI0620,Th,19,64
POI0620,Th,20,56
POI0620,Th,21,49
POI0620,Th,22,43
POI0620,Fr,0,20
POI0620,Fr,1,12
POI0620,Fr,2,8
POI0620,Fr,3,7
POI0620,Fr,4,9
POI0620,Fr,5,15
POI0620,Fr,6,23
POI0620,Fr,7,34
POI0620,Fr,8,42
POI0620,Fr,9,45
POI0620,Fr,10,45
POI0620,Fr,11,45
POI0620,Fr,12,48
POI0620,Fr,13,50
POI0620,Fr,14,58
POI0620,Fr,15,62
POI0620,Fr,16,66
POI0620,Fr,17,64
POI0620,Fr,18,59
POI0620,Fr,19,49
POI0620,Fr,20,42
POI0620,Fr,21,38
POI0620,Fr,22,37
POI0620,Fr,23,31
POI0620,Sa,0,20
POI0620,Sa,1,12
POI0620,Sa,2,7
POI0620,Sa,3,5
POI0620,Sa,4,6
POI0620,Sa,5,8
POI0620,Sa,6,11
POI0620,Sa,7,14
POI0620,Sa,8,19
POI0620,Sa,9,26
POI0620,Sa,10,32
POI0620,Sa,11,36
POI0620,Sa,12,40
POI0620,Sa,13,43
POI0620,Sa,14,46
POI0620,Sa,15,47
POI0620,Sa,16,48
POI0620,Sa,17,49
POI0620,Sa,18,48
POI0620,Sa,19,44
POI0620,Sa,20,40
POI0620,Sa,21,35
POI0620,Sa,22,34
POI0620,Sa,23,30
POI0620,Su,0,10
POI0620,Su,1,4
POI0620,Su,2,2
POI0620,Su,3,2
POI0620,Su,4,3
POI0620,Su,5,5
POI0620,Su,6,6
POI0620,Su,7,10
POI0620,Su,8,15
POI0620,Su,9,23
POI0620,Su,10,32
POI0620,Su,11,39
POI0620,Su,12,42
POI0620,Su,13,43
POI0620,Su,14,45
POI0620,Su,15,47
POI0620,Su,16,49
POI0620,Su,17,47
POI0620,Su,18,42
POI0620,Su,19,36
POI0620,Su,20,31
POI0620,Su,21,29
POI0620,Su,22,25
POI0620,Su,23,20
POI0623,Mo,0,11
POI0623,Mo,1,8
POI0623,Mo,2,5
POI0623,Mo,3,7
POI0623,Mo,4,8
POI0623,Mo,5,12
POI0623,Mo,6,14
POI0623,Mo,7,17
POI0623,Mo,8,21
POI0623,Mo,9,27
POI0623,Mo,10,30
POI0623,Mo,11,31
POI0623,Mo,12,34
POI0623,Mo,13,36
POI0623,Mo,14,39
POI0623,Mo,15,45
POI0623,Mo,16,52
POI0623,Mo,17,55
POI0623,Mo,18,50
POI0623,Mo,19,43
POI0623,Mo,20,33
POI0623,Mo,21,27
POI0623,Mo,22,22
POI0623,Mo,23,17
POI0623,Tu,0,12
POI0623,Tu,1,8
POI0623,Tu,2,6
POI0623,Tu,3,6
POI0623,Tu,4,5
POI0623,Tu,5,7
POI0623,Tu,6,11
POI0623,Tu,7,18
POI0623,Tu,8,23
POI0623,Tu,9,24
POI0623,Tu,10,25
POI0623,Tu,11,29
POI0623,Tu,12,33
POI0623,Tu,13,39
POI0623,Tu,14,42
POI0623,Tu,15,49
POI0623,Tu,16,54
POI0623,Tu,17,60
POI0623,Tu,18,58
POI0623,Tu,19,52
POI0623,Tu,20,41
POI0623,Tu,21,33
POI0623,Tu,22,26
POI0623,Tu,23,20
POI0623,We,0,13
POI0623,We,1,9
POI0623,We,2,8
POI0623,We,3,8
POI0623,We,4,9
POI0623,We,5,11
POI0623,We,6,15
POI0623,We,7,16
POI0623,We,8,20
POI0623,We,9,20
POI0623,We,10,22
POI0623,We,11,28
POI0623,We,12,35
POI0623,We,13,44
POI0623,We,14,52
POI0623,We,15,60
POI0623,We,16,66
POI0623,We,17,64
POI0623,We,18,59
POI0623,We,19,50
POI0623,We,20,41
POI0623,We,21,35
POI0623,We,22,30
POI0623,We,23,21
POI0623,Th,0,14
POI0623,Th,1,10
POI0623,Th,2,7
POI0623,Th,3,6
POI0623,Th,4,5
POI0623,Th,5,6
POI0623,Th,6,9
POI0623,Th,7,12
POI0623,Th,8,15
POI0623,Th,9,19
POI0623,Th,10,23
POI0623,Th,11,29
POI0623,Th,12,35
POI0623,Th,13,42
POI0623,Th,14,49
POI0623,Th,15,56
POI0623,Th,16,62
POI0623,Th,17,61
POI0623,Th,18,56
POI0623,Th,19,48
POI0623,Th,20,40
POI0623,Th,21,32
POI0623,Th,23,21
POI0623,Fr,0,20
POI0623,Fr,1,12
POI0623,Fr,2,7
POI0623,Fr,3,7
POI0623,Fr,4,9
POI0623,Fr,5,11
POI0623,Fr,6,13
POI0623,Fr,7,16
POI0623,Fr,8,19
POI0623,Fr,9,22
POI0623,Fr,10,27
POI0623,Fr,11,34
POI0623,Fr,12,41
POI0623,Fr,13,47
POI0623,Fr,14,55
POI0623,Fr,15,62
POI0623,Fr,16,68
POI0623,Fr,17,65
POI0623,Fr,18,59
POI0623,Fr,19,52
POI0623,Fr,20,47
POI0623,Fr,21,43
POI0623,Fr,22,38
POI0623,Fr,23,31
POI0623,Sa,0,32
POI0623,Sa,1,21
POI0623,Sa,2,15
POI0623,Sa,3,11
POI0623,Sa,4,9
POI0623,Sa,5,8
POI0623,Sa,6,9
POI0623,Sa,7,7
POI0623,Sa,8,10
POI0623,Sa,9,14
POI0623,Sa,10,22
POI0623,Sa,11,33
POI0623,Sa,12,46
POI0623,Sa,13,64
POI0623,Sa,14,79
POI0623,Sa,15,92
POI0623,Sa,16,97
POI0623,Sa,17,94
POI0623,Sa,18,82
POI0623,Sa,19,71
POI0623,Sa,20,56
POI0623,Sa,21,50
POI0623,Sa,22,47
POI0623,Sa,23,43
POI0623,Su,0,10
POI0623,Su,1,7
POI0623,Su,2,8
POI0623,Su,3,8
POI0623,Su,4,11
POI0623,Su,5,8
POI0623,Su,6,7
POI0623,Su,7,7
POI0623,Su,8,9
POI0623,Su,9,16
POI0623,Su,10,26
POI0623,Su,11,41
POI0623,Su,12,60
POI0623,Su,13,76
POI0623,Su,14,90
POI0623,Su,15,99
POI0623,Su,16,100
POI0623,Su,17,89
POI0623,Su,18,72
POI0623,Su,19,54
POI0623,Su,20,40
POI0623,Su,21,32
POI0623,Su,22,24
POI0623,Su,23,16
POI0625,Mo,0,25
POI0625,Mo,1,13
POI0625,Mo,2,7
POI0625,Mo,3,6
POI0625,Mo,4,7
POI0625,Mo,5,10
POI0625,Mo,6,14
POI0625,Mo,7,21
POI0625,Mo,8,29
POI0625,Mo,9,36
POI0625,Mo,10,43
POI0625,Mo,11,48
POI0625,Mo,12,54
POI0625,Mo,13,59
POI0625,Mo,14,66
POI0625,Mo,15,72
POI0625,Mo,16,75
POI0625,Mo,17,76
POI0625,Mo,18,75
POI0625,Mo,19,72
POI0625,Mo,20,69
POI0625,Mo,21,65
POI0625,Mo,22,58
POI0625,Mo,23,44
POI0625,Tu,0,25
POI0625,Tu,1,12
POI0625,Tu,2,6
POI0625,Tu,3,5
POI0625,Tu,4,7
POI0625,Tu,5,10
POI0625,Tu,6,16
POI0625,Tu,7,25
POI0625,Tu,8,34
POI0625,Tu,9,41
POI0625,Tu,10,48
POI0625,Tu,11,54
POI0625,Tu,12,60
POI0625,Tu,13,65
POI0625,Tu,14,71
POI0625,Tu,15,78
POI0625,Tu,16,84
POI0625,Tu,17,88
POI0625,Tu,18,87
POI0625,Tu,19,80
POI0625,Tu,20,71
POI0625,Tu,21,67
POI0625,Tu,22,60
POI0625,Tu,23,46
POI0625,We,0,32
POI0625,We,1,17
POI0625,We,2,8
POI0625,We,3,7
POI0625,We,4,8
POI0625,We,5,12
POI0625,We,6,17
POI0625,We,7,25
POI0625,We,8,33
POI0625,We,9,39
POI0625,We,10,43
POI0625,We,11,48
POI0625,We,12,53
POI0625,We,13,59
POI0625,We,14,64
POI0625,We,15,72
POI0625,We,16,79
POI0625,We,17,85
POI0625,We,18,86
POI0625,We,19,80
POI0625,We,20,75
POI0625,We,21,74
POI0625,We,22,69
POI0625,We,23,55
POI0625,Th,0,35
POI0625,Th,1,19
POI0625,Th,2,10
POI0625,Th,3,8
POI0625,Th,4,7
POI0625,Th,5,10
POI0625,Th,6,15
POI0625,Th,7,22
POI0625,Th,8,30
POI0625,Th,9,36
POI0625,Th,10,42
POI0625,Th,11,48
POI0625,Th,12,56
POI0625,Th,13,62
POI0625,Th,14,68
POI0625,Th,15,74
POI0625,Th,16,81
POI0625,Th,17,86
POI0625,Th,18,88
POI0625,Th,19,83
POI0625,Th,20,80
POI0625,Th,21,78
POI0625,Th,22,74
POI0625,Fr,0,61
POI0625,Fr,1,41
POI0625,Fr,2,25
POI0625,Fr,3,18
POI0625,Fr,4,12
POI0625,Fr,5,11
POI0625,Fr,6,14
POI0625,Fr,7,19
POI0625,Fr,8,25
POI0625,Fr,9,32
POI0625,Fr,10,41
POI0625,Fr,11,53
POI0625,Fr,12,68
POI0625,Fr,13,81
POI0625,Fr,14,87
POI0625,Fr,15,90
POI0625,Fr,16,91
POI0625,Fr,17,95
POI0625,Fr,18,96
POI0625,Fr,19,97
POI0625,Fr,20,97
POI0625,Fr,21,100
POI0625,Fr,22,97
POI0625,Fr,23,90
POI0625,Sa,0,53
POI0625,Sa,1,38
POI0625,Sa,2,27
POI0625,Sa,3,20
POI0625,Sa,4,14
POI0625,Sa,5,12
POI0625,Sa,6,12
POI0625,Sa,7,13
POI0625,Sa,8,18
POI0625,Sa,9,24
POI0625,Sa,10,32
POI0625,Sa,11,43
POI0625,Sa,12,54
POI0625,Sa,13,64
POI0625,Sa,14,73
POI0625,Sa,15,81
POI0625,Sa,16,89
POI0625,Sa,17,94
POI0625,Sa,18,93
POI0625,Sa,19,89
POI0625,Sa,20,85
POI0625,Sa,21,83
POI0625,Sa,22,80
POI0625,Sa,23,74
POI0625,Su,0,24
POI0625,Su,1,13
POI0625,Su,2,9
POI0625,Su,3,9
POI0625,Su,4,11
POI0625,Su,5,10
POI0625,Su,6,9
POI0625,Su,7,9
POI0625,Su,8,11
POI0625,Su,9,16
POI0625,Su,10,23
POI0625,Su,11,31
POI0625,Su,12,39
POI0625,Su,13,47
POI0625,Su,14,56
POI0625,Su,15,65
POI0625,Su,16,70
POI0625,Su,17,67
POI0625,Su,18,63
POI0625,Su,19,60
POI0625,Su,20,59
POI0625,Su,21,57
POI0625,Su,22,52
POI0625,Su,23,41
POI0626,Mo,6,0
POI0626,Mo,7,0
POI0626,Mo,8,0
POI0626,Mo,9,51
POI0626,Mo,10,64
POI0626,Mo,11,79
POI0626,Mo,12,82
POI0626,Mo,13,88
POI0626,Mo,14,78
POI0626,Mo,15,71
POI0626,Mo,16,59
POI0626,Mo,17,47
POI0626,Mo,18,0
POI0626,Mo,19,0
POI0626,Mo,20,0
POI0626,Mo,21,0
POI0626,Mo,22,0
POI0626,Mo,23,0
POI0626,Tu,6,0
POI0626,Tu,7,0
POI0626,Tu,8,0
POI0626,Tu,9,70
POI0626,Tu,10,84
POI0626,Tu,11,96
POI0626,Tu,12,90
POI0626,Tu,13,97
POI0626,Tu,14,98
POI0626,Tu,15,100
POI0626,Tu,16,82
POI0626,Tu,17,55
POI0626,Tu,18,0
POI0626,Tu,19,0
POI0626,Tu,20,0
POI0626,Tu,21,0
POI0626,Tu,22,0
POI0626,Tu,23,0
POI0626,We,6,0
POI0626,We,7,0
POI0626,We,8,0
POI0626,We,9,64
POI0626,We,10,85
POI0626,We,11,92
POI0626,We,12,97
POI0626,We,13,95
POI0626,We,14,91
POI0626,We,15,77
POI0626,We,16,73
POI0626,We,17,57
POI0626,We,18,0
POI0626,We,19,0
POI0626,We,20,0
POI0626,We,21,0
POI0626,We,22,0
POI0626,We,23,0
POI0626,Th,6,0
POI0626,Th,7,0
POI0626,Th,8,0
POI0626,Th,9,64
POI0626,Th,10,68
POI0626,Th,11,70
POI0626,Th,12,79
POI0626,Th,13,95
POI0626,Th,14,93
POI0626,Th,15,83
POI0626,Th,16,62
POI0626,Th,17,43
POI0626,Th,18,0
POI0626,Th,19,0
POI0626,Th,20,0
POI0626,Th,21,0
POI0626,Th,22,0
POI0626,Th,23,0
POI0626,Fr,6,0
POI0626,Fr,7,0
POI0626,Fr,8,0
POI0626,Fr,9,54
POI0626,Fr,10,61
POI0626,Fr,11,65
POI0626,Fr,12,68
POI0626,Fr,13,63
POI0626,Fr,14,68
POI0626,Fr,15,75
POI0626,Fr,16,77
POI0626,Fr,17,61
POI0626,Fr,18,0
POI0626,Fr,19,0
POI0626,Fr,20,0
POI0626,Fr,21,0
POI0626,Fr,22,0
POI0626,Fr,23,0
POI0626,Sa,6,0
POI0626,Sa,7,0
POI0626,Sa,8,0
POI0626,Sa,9,0
POI0626,Sa,10,42
POI0626,Sa,11,45
POI0626,Sa,12,43
POI0626,Sa,13,42
POI0626,Sa,14,45
POI0626,Sa,15,50
POI0626,Sa,16,52
POI0626,Sa,17,46
POI0626,Sa,18,0
POI0626,Sa,19,0
POI0626,Sa,20,0
POI0626,Sa,21,0
POI0626,Sa,22,0
POI0626,Sa,23,0
POI0626,Su,6,0
POI0626,Su,7,0
POI0626,Su,8,0
POI0626,Su,9,0
POI0626,Su,10,28
POI0626,Su,11,34
POI0626,Su,12,38
POI0626,Su,13,51
POI0626,Su,14,53
POI0626,Su,15,50
POI0626,Su,16,42
POI0626,Su,17,37
POI0626,Su,18,0
POI0626,Su,19,0
POI0626,Su,20,0
POI0626,Su,21,0
POI0626,Su,22,0
POI0626,Su,23,0
POI0632,Mo,0,12
POI0632,Mo,1,7
POI0632,Mo,2,5
POI0632,Mo,3,5
POI0632,Mo,4,8
POI0632,Mo,5,13
POI0632,Mo,6,24
POI0632,Mo,7,38
POI0632,Mo,8,55
POI0632,Mo,9,61
POI0632,Mo,10,62
POI0632,Mo,11,62
POI0632,Mo,12,63
POI0632,Mo,13,68
POI0632,Mo,14,74
POI0632,Mo,15,79
POI0632,Mo,16,82
POI0632,Mo,17,81
POI0632,Mo,18,76
POI0632,Mo,19,66
POI0632,Mo,20,57
POI0632,Mo,21,45
POI0632,Mo,22,34
POI0632,Mo,23,24
POI0632,Tu,0,19
POI0632,Tu,1,10
POI0632,Tu,2,6
POI0632,Tu,3,6
POI0632,Tu,4,8
POI0632,Tu,5,14
POI0632,Tu,6,27
POI0632,Tu,7,45
POI0632,Tu,8,63
POI0632,Tu,9,71
POI0632,Tu,10,72
POI0632,Tu,11,73
POI0632,Tu,12,76
POI0632,Tu,13,78
POI0632,Tu,14,81
POI0632,Tu,15,87
POI0632,Tu,16,97
POI0632,Tu,17,100
POI0632,Tu,18,92
POI0632,Tu,19,79
POI0632,Tu,20,70
POI0632,Tu,21,63
POI0632,Tu,22,51
POI0632,Tu,23,35
POI0632,We,0,23
POI0632,We,1,13
POI0632,We,2,8
POI0632,We,3,7
POI0632,We,4,8
POI0632,We,5,13
POI0632,We,6,24
POI0632,We,7,40
POI0632,We,8,55
POI0632,We,9,65
POI0632,We,10,65
POI0632,We,11,67
POI0632,We,12,71
POI0632,We,13,76
POI0632,We,14,79
POI0632,We,15,84
POI0632,We,16,89
POI0632,We,17,94
POI0632,We,18,90
POI0632,We,19,77
POI0632,We,20,68
POI0632,We,21,58
POI0632,We,22,50
POI0632,We,23,38
POI0632,Th,0,21
POI0632,Th,1,11
POI0632,Th,2,7
POI0632,Th,3,8
POI0632,Th,4,10
POI0632,Th,5,14
POI0632,Th,6,24
POI0632,Th,7,39
POI0632,Th,8,54
POI0632,Th,9,63
POI0632,Th,10,66
POI0632,Th,11,67
POI0632,Th,12,71
POI0632,Th,13,72
POI0632,Th,14,76
POI0632,Th,15,78
POI0632,Th,16,84
POI0632,Th,17,84
POI0632,Th,18,81
POI0632,Th,19,71
POI0632,Th,20,65
POI0632,Th,21,57
POI0632,Th,23,37
POI0632,Fr,0,26
POI0632,Fr,1,17
POI0632,Fr,2,10
POI0632,Fr,3,8
POI0632,Fr,4,8
POI0632,Fr,5,10
POI0632,Fr,6,18
POI0632,Fr,7,29
POI0632,Fr,8,42
POI0632,Fr,9,49
POI0632,Fr,10,53
POI0632,Fr,11,58
POI0632,Fr,12,63
POI0632,Fr,13,66
POI0632,Fr,14,67
POI0632,Fr,15,67
POI0632,Fr,16,68
POI0632,Fr,17,67
POI0632,Fr,18,66
POI0632,Fr,19,60
POI0632,Fr,20,58
POI0632,Fr,21,53
POI0632,Fr,22,48
POI0632,Fr,23,40
POI0632,Sa,0,29
POI0632,Sa,1,18
POI0632,Sa,2,11
POI0632,Sa,3,9
POI0632,Sa,4,7
POI0632,Sa,5,8
POI0632,Sa,6,11
POI0632,Sa,7,19
POI0632,Sa,8,28
POI0632,Sa,9,35
POI0632,Sa,10,39
POI0632,Sa,11,40
POI0632,Sa,12,44
POI0632,Sa,13,48
POI0632,Sa,14,54
POI0632,Sa,15,56
POI0632,Sa,16,56
POI0632,Sa,17,57
POI0632,Sa,18,57
POI0632,Sa,19,57
POI0632,Sa,20,57
POI0632,Sa,21,55
POI0632,Sa,22,52
POI0632,Sa,23,44
POI0632,Su,0,15
POI0632,Su,1,10
POI0632,Su,2,8
POI0632,Su,3,7
POI0632,Su,4,7
POI0632,Su,5,7
POI0632,Su,6,9
POI0632,Su,7,13
POI0632,Su,8,20
POI0632,Su,9,32
POI0632,Su,10,43
POI0632,Su,11,51
POI0632,Su,12,51
POI0632,Su,13,49
POI0632,Su,14,50
POI0632,Su,15,53
POI0632,Su,16,56
POI0632,Su,17,55
POI0632,Su,18,48
POI0632,Su,19,43
POI0632,Su,20,39
POI0632,Su,21,39
POI0632,Su,22,32
POI0632,Su,23,25
POI0633,Mo,0,34
POI0633,Mo,1,34
POI0633,Mo,2,38
POI0633,Mo,3,50
POI0633,Mo,4,50
POI0633,Mo,5,46
POI0633,Mo,6,42
POI0633,Mo,7,42
POI0633,Mo,8,46
POI0633,Mo,9,42
POI0633,Mo,10,38
POI0633,Mo,11,42
POI0633,Mo,12,46
POI0633,Mo,13,42
POI0633,Mo,14,46
POI0633,Mo,15,42
POI0633,Mo,16,46
POI0633,Mo,17,46
POI0633,Mo,18,42
POI0633,Mo,19,50
POI0633,Mo,20,53
POI0633,Mo,21,65
POI0633,Mo,22,61
POI0633,Mo,23,57
POI0633,Tu,0,65
POI0633,Tu,1,50
POI0633,Tu,2,34
POI0633,Tu,3,26
POI0633,Tu,4,19
POI0633,Tu,5,30
POI0633,Tu,6,46
POI0633,Tu,7,46
POI0633,Tu,8,53
POI0633,Tu,9,30
POI0633,Tu,10,19
POI0633,Tu,11,23
POI0633,Tu,12,26
POI0633,Tu,13,34
POI0633,Tu,14,30
POI0633,Tu,15,38
POI0633,Tu,16,38
POI0633,Tu,17,38
POI0633,Tu,18,42
POI0633,Tu,19,53
POI0633,Tu,20,76
POI0633,Tu,21,88
POI0633,Tu,22,100
POI0633,Tu,23,80
POI0633,We,0,26
POI0633,We,1,15
POI0633,We,2,19
POI0633,We,3,34
POI0633,We,4,50
POI0633,We,5,50
POI0633,We,6,38
POI0633,We,7,23
POI0633,We,8,11
POI0633,We,9,7
POI0633,We,10,3
POI0633,We,11,7
POI0633,We,12,15
POI0633,We,13,23
POI0633,We,14,26
POI0633,We,15,26
POI0633,We,16,38
POI0633,We,17,34
POI0633,We,18,42
POI0633,We,19,38
POI0633,We,20,34
POI0633,We,21,34
POI0633,We,22,38
POI0633,We,23,34
POI0633,Th,0,69
POI0633,Th,1,57
POI0633,Th,2,46
POI0633,Th,3,34
POI0633,Th,4,26
POI0633,Th,5,26
POI0633,Th,6,19
POI0633,Th,7,23
POI0633,Th,8,26
POI0633,Th,9,34
POI0633,Th,10,50
POI0633,Th,11,46
POI0633,Th,12,26
POI0633,Th,13,19
POI0633,Th,14,26
POI0633,Th,15,61
POI0633,Th,16,65
POI0633,Th,17,61
POI0633,Th,18,50
POI0633,Th,19,46
POI0633,Th,20,53
POI0633,Th,21,73
POI0633,Th,22,76
POI0633,Th,23,84
POI0633,Fr,0,57
POI0633,Fr,1,38
POI0633,Fr,2,19
POI0633,Fr,3,19
POI0633,Fr,4,15
POI0633,Fr,5,30
POI0633,Fr,6,34
POI0633,Fr,7,38
POI0633,Fr,8,34
POI0633,Fr,9,34
POI0633,Fr,10,34
POI0633,Fr,11,34
POI0633,Fr,12,26
POI0633,Fr,13,30
POI0633,Fr,14,42
POI0633,Fr,15,53
POI0633,Fr,16,61
POI0633,Fr,17,42
POI0633,Fr,18,38
POI0633,Fr,19,38
POI0633,Fr,20,42
POI0633,Fr,21,53
POI0633,Fr,22,61
POI0633,Fr,23,73
POI0633,Sa,0,57
POI0633,Sa,1,65
POI0633,Sa,2,42
POI0633,Sa,3,38
POI0633,Sa,4,42
POI0633,Sa,5,46
POI0633,Sa,6,38
POI0633,Sa,7,34
POI0633,Sa,8,34
POI0633,Sa,9,46
POI0633,Sa,10,50
POI0633,Sa,11,34
POI0633,Sa,12,19
POI0633,Sa,13,19
POI0633,Sa,14,30
POI0633,Sa,15,46
POI0633,Sa,16,46
POI0633,Sa,17,57
POI0633,Sa,18,61
POI0633,Sa,19,69
POI0633,Sa,20,65
POI0633,Sa,21,53
POI0633,Sa,22,42
POI0633,Sa,23,50
POI0633,Su,0,30
POI0633,Su,1,26
POI0633,Su,2,38
POI0633,Su,3,42
POI0633,Su,4,50
POI0633,Su,5,42
POI0633,Su,6,38
POI0633,Su,7,23
POI0633,Su,8,11
POI0633,Su,9,11
POI0633,Su,10,23
POI0633,Su,11,42
POI0633,Su,12,38
POI0633,Su,13,34
POI0633,Su,14,34
POI0633,Su,15,42
POI0633,Su,16,34
POI0633,Su,17,30
POI0633,Su,18,34
POI0633,Su,19,34
POI0633,Su,20,50
POI0633,Su,21,50
POI0633,Su,22,57
POI0633,Su,23,38
POI0638,Mo,0,13
POI0638,Mo,1,5
POI0638,Mo,2,4
POI0638,Mo,3,8
POI0638,Mo,4,20
POI0638,Mo,5,34
POI0638,Mo,6,45
POI0638,Mo,7,52
POI0638,Mo,8,52
POI0638,Mo,9,46
POI0638,Mo,10,43
POI0638,Mo,11,45
POI0638,Mo,12,52
POI0638,Mo,13,63
POI0638,Mo,14,75
POI0638,Mo,15,88
POI0638,Mo,16,93
POI0638,Mo,17,89
POI0638,Mo,18,77
POI0638,Mo,19,63
POI0638,Mo,20,52
POI0638,Mo,21,44
POI0638,Mo,22,35
POI0638,Mo,23,25
POI0638,Tu,0,13
POI0638,Tu,1,5
POI0638,Tu,2,3
POI0638,Tu,3,8
POI0638,Tu,4,19
POI0638,Tu,5,34
POI0638,Tu,6,49
POI0638,Tu,7,57
POI0638,Tu,8,58
POI0638,Tu,9,50
POI0638,Tu,10,45
POI0638,Tu,11,46
POI0638,Tu,12,54
POI0638,Tu,13,64
POI0638,Tu,14,76
POI0638,Tu,15,89
POI0638,Tu,16,98
POI0638,Tu,17,97
POI0638,Tu,18,87
POI0638,Tu,19,71
POI0638,Tu,20,58
POI0638,Tu,21,48
POI0638,Tu,22,38
POI0638,Tu,23,26
POI0638,We,0,15
POI0638,We,1,7
POI0638,We,2,4
POI0638,We,3,8
POI0638,We,4,19
POI0638,We,5,34
POI0638,We,6,48
POI0638,We,7,55
POI0638,We,8,55
POI0638,We,9,48
POI0638,We,10,44
POI0638,We,11,45
POI0638,We,12,53
POI0638,We,13,64
POI0638,We,14,78
POI0638,We,15,91
POI0638,We,16,100
POI0638,We,17,98
POI0638,We,18,88
POI0638,We,19,74
POI0638,We,20,62
POI0638,We,21,51
POI0638,We,22,41
POI0638,We,23,29
POI0638,Th,0,17
POI0638,Th,1,9
POI0638,Th,2,5
POI0638,Th,3,8
POI0638,Th,4,18
POI0638,Th,5,29
POI0638,Th,6,41
POI0638,Th,7,48
POI0638,Th,8,49
POI0638,Th,9,45
POI0638,Th,10,43
POI0638,Th,11,46
POI0638,Th,12,54
POI0638,Th,13,63
POI0638,Th,14,73
POI0638,Th,15,84
POI0638,Th,16,92
POI0638,Th,17,91
POI0638,Th,18,83
POI0638,Th,19,69
POI0638,Th,20,59
POI0638,Th,21,51
POI0638,Th,23,31
POI0638,Fr,0,30
POI0638,Fr,1,19
POI0638,Fr,2,13
POI0638,Fr,3,14
POI0638,Fr,4,19
POI0638,Fr,5,27
POI0638,Fr,6,36
POI0638,Fr,7,40
POI0638,Fr,8,42
POI0638,Fr,9,42
POI0638,Fr,10,44
POI0638,Fr,11,51
POI0638,Fr,12,61
POI0638,Fr,13,72
POI0638,Fr,14,81
POI0638,Fr,15,85
POI0638,Fr,16,86
POI0638,Fr,17,82
POI0638,Fr,18,76
POI0638,Fr,19,68
POI0638,Fr,20,63
POI0638,Fr,21,60
POI0638,Fr,22,56
POI0638,Fr,23,47
POI0638,Sa,0,29
POI0638,Sa,1,19
POI0638,Sa,2,13
POI0638,Sa,3,12
POI0638,Sa,4,13
POI0638,Sa,5,15
POI0638,Sa,6,18
POI0638,Sa,7,23
POI0638,Sa,8,29
POI0638,Sa,9,37
POI0638,Sa,10,45
POI0638,Sa,11,52
POI0638,Sa,12,59
POI0638,Sa,13,64
POI0638,Sa,14,68
POI0638,Sa,15,70
POI0638,Sa,16,73
POI0638,Sa,17,76
POI0638,Sa,18,75
POI0638,Sa,19,71
POI0638,Sa,20,64
POI0638,Sa,21,59
POI0638,Sa,22,52
POI0638,Sa,23,43
POI0638,Su,0,12
POI0638,Su,1,5
POI0638,Su,2,3
POI0638,Su,3,5
POI0638,Su,4,10
POI0638,Su,5,13
POI0638,Su,6,15
POI0638,Su,7,16
POI0638,Su,8,21
POI0638,Su,9,28
POI0638,Su,10,35
POI0638,Su,11,43
POI0638,Su,12,50
POI0638,Su,13,56
POI0638,Su,14,60
POI0638,Su,15,64
POI0638,Su,16,67
POI0638,Su,17,68
POI0638,Su,18,65
POI0638,Su,19,58
POI0638,Su,20,51
POI0638,Su,21,43
POI0638,Su,22,33
POI0638,Su,23,22
POI0639,Mo,6,0
POI0639,Mo,7,0
POI0639,Mo,8,0
POI0639,Mo,9,0
POI0639,Mo,10,40
POI0639,Mo,11,57
POI0639,Mo,12,62
POI0639,Mo,13,66
POI0639,Mo,14,63
POI0639,Mo,15,64
POI0639,Mo,16,63
POI0639,Mo,17,54
POI0639,Mo,18,42
POI0639,Mo,19,31
POI0639,Mo,20,0
POI0639,Mo,21,0
POI0639,Mo,22,0
POI0639,Mo,23,0
POI0639,Tu,6,0
POI0639,Tu,7,0
POI0639,Tu,8,0
POI0639,Tu,9,0
POI0639,Tu,10,51
POI0639,Tu,11,68
POI0639,Tu,12,76
POI0639,Tu,13,80
POI0639,Tu,14,80
POI0639,Tu,15,78
POI0639,Tu,16,70
POI0639,Tu,17,56
POI0639,Tu,18,43
POI0639,Tu,19,28
POI0639,Tu,20,0
POI0639,Tu,21,0
POI0639,Tu,22,0
POI0639,Tu,23,0
POI0639,We,6,0
POI0639,We,7,0
POI0639,We,8,0
POI0639,We,9,0
POI0639,We,10,48
POI0639,We,11,64
POI0639,We,12,68
POI0639,We,13,71
POI0639,We,14,70
POI0639,We,15,75
POI0639,We,16,72
POI0639,We,17,66
POI0639,We,18,53
POI0639,We,19,36
POI0639,We,20,0
POI0639,We,21,0
POI0639,We,22,0
POI0639,We,23,0
POI0639,Th,6,0
POI0639,Th,7,0
POI0639,Th,8,0
POI0639,Th,9,0
POI0639,Th,10,57
POI0639,Th,11,72
POI0639,Th,12,79
POI0639,Th,13,82
POI0639,Th,14,82
POI0639,Th,15,81
POI0639,Th,16,79
POI0639,Th,17,71
POI0639,Th,18,59
POI0639,Th,19,43
POI0639,Th,20,0
POI0639,Th,21,0
POI0639,Th,22,0
POI0639,Th,23,0
POI0639,Fr,6,0
POI0639,Fr,7,0
POI0639,Fr,8,0
POI0639,Fr,9,0
POI0639,Fr,10,44
POI0639,Fr,11,59
POI0639,Fr,12,66
POI0639,Fr,13,73
POI0639,Fr,14,81
POI0639,Fr,15,86
POI0639,Fr,16,84
POI0639,Fr,17,73
POI0639,Fr,18,60
POI0639,Fr,19,40
POI0639,Fr,20,0
POI0639,Fr,21,0
POI0639,Fr,22,0
POI0639,Fr,23,0
POI0639,Sa,6,0
POI0639,Sa,7,0
POI0639,Sa,8,0
POI0639,Sa,9,0
POI0639,Sa,10,50
POI0639,Sa,11,72
POI0639,Sa,12,86
POI0639,Sa,13,93
POI0639,Sa,14,98
POI0639,Sa,15,100
POI0639,Sa,16,93
POI0639,Sa,17,83
POI0639,Sa,18,61
POI0639,Sa,19,42
POI0639,Sa,20,0
POI0639,Sa,21,0
POI0639,Sa,22,0
POI0639,Sa,23,0
POI0639,Su,6,0
POI0639,Su,7,0
POI0639,Su,8,0
POI0639,Su,9,0
POI0639,Su,10,37
POI0639,Su,11,54
POI0639,Su,12,69
POI0639,Su,13,81
POI0639,Su,14,88
POI0639,Su,15,88
POI0639,Su,16,77
POI0639,Su,17,63
POI0639,Su,18,48
POI0639,Su,19,33
POI0639,Su,20,0
POI0639,Su,21,0
POI0639,Su,22,0
POI0639,Su,23,0
POI0640,Tu,6,0
POI0640,Tu,7,0
POI0640,Tu,8,0
POI0640,Tu,9,20
POI0640,Tu,10,25
POI0640,Tu,11,29
POI0640,Tu,12,29
POI0640,Tu,13,25
POI0640,Tu,14,0
POI0640,Tu,15,0
POI0640,Tu,16,0
POI0640,Tu,17,0
POI0640,Tu,18,0
POI0640,Tu,19,0
POI0640,Tu,20,0
POI0640,Tu,21,0
POI0640,Tu,22,0
POI0640,Tu,23,0
POI0640,We,6,0
POI0640,We,7,0
POI0640,We,8,0
POI0640,We,9,19
POI0640,We,10,24
POI0640,We,11,28
POI0640,We,12,30
POI0640,We,13,31
POI0640,We,14,0
POI0640,We,15,36
POI0640,We,16,40
POI0640,We,17,46
POI0640,We,18,52
POI0640,We,19,60
POI0640,We,20,64
POI0640,We,21,0
POI0640,We,22,0
POI0640,We,23,0
POI0640,Th,6,0
POI0640,Th,7,0
POI0640,Th,8,0
POI0640,Th,9,16
POI0640,Th,10,22
POI0640,Th,11,28
POI0640,Th,12,31
POI0640,Th,13,33
POI0640,Th,14,0
POI0640,Th,15,39
POI0640,Th,16,44
POI0640,Th,17,50
POI0640,Th,18,57
POI0640,Th,19,63
POI0640,Th,20,60
POI0640,Th,21,0
POI0640,Th,22,0
POI0640,Th,23,0
POI0640,Fr,6,0
POI0640,Fr,7,0
POI0640,Fr,8,0
POI0640,Fr,9,15
POI0640,Fr,10,21
POI0640,Fr,11,24
POI0640,Fr,12,23
POI0640,Fr,13,0
POI0640,Fr,14,0
POI0640,Fr,15,33
POI0640,Fr,16,45
POI0640,Fr,17,56
POI0640,Fr,18,66
POI0640,Fr,19,77
POI0640,Fr,20,84
POI0640,Fr,21,92
POI0640,Fr,22,87
POI0640,Fr,23,0
POI0640,Sa,0,0
POI0640,Sa,1,0
POI0640,Sa,6,0
POI0640,Sa,7,0
POI0640,Sa,8,0
POI0640,Sa,9,0
POI0640,Sa,10,0
POI0640,Sa,11,37
POI0640,Sa,12,47
POI0640,Sa,13,54
POI0640,Sa,14,62
POI0640,Sa,15,70
POI0640,Sa,16,0
POI0640,Sa,17,76
POI0640,Sa,18,79
POI0640,Sa,19,89
POI0640,Sa,20,100
POI0640,Sa,21,95
POI0640,Sa,22,0
POI0640,Sa,23,0
POI0640,Su,6,0
POI0640,Su,7,0
POI0640,Su,8,0
POI0640,Su,9,0
POI0640,Su,10,21
POI0640,Su,11,31
POI0640,Su,12,44
POI0640,Su,13,51
POI0640,Su,14,58
POI0640,Su,15,63
POI0640,Su,16,68
POI0640,Su,17,70
POI0640,Su,18,64
POI0640,Su,19,58
POI0640,Su,20,0
POI0640,Su,21,0
POI0640,Su,22,0
POI0640,Su,23,0
POI0644,Mo,0,9
POI0644,Mo,1,7
POI0644,Mo,2,8
POI0644,Mo,3,8
POI0644,Mo,4,7
POI0644,Mo,5,9
POI0644,Mo,6,11
POI0644,Mo,7,14
POI0644,Mo,8,19
POI0644,Mo,9,23
POI0644,Mo,10,23
POI0644,Mo,11,22
POI0644,Mo,12,23
POI0644,Mo,13,27
POI0644,Mo,14,34
POI0644,Mo,15,42
POI0644,Mo,16,48
POI0644,Mo,17,47
POI0644,Mo,18,42
POI0644,Mo,19,36
POI0644,Mo,20,29
POI0644,Mo,21,21
POI0644,Mo,22,17
POI0644,Mo,23,10
POI0644,Tu,0,9
POI0644,Tu,1,10
POI0644,Tu,2,8
POI0644,Tu,3,7
POI0644,Tu,4,7
POI0644,Tu,5,10
POI0644,Tu,6,11
POI0644,Tu,7,16
POI0644,Tu,8,18
POI0644,Tu,9,21
POI0644,Tu,10,20
POI0644,Tu,11,25
POI0644,Tu,12,30
POI0644,Tu,13,34
POI0644,Tu,14,37
POI0644,Tu,15,37
POI0644,Tu,16,40
POI0644,Tu,17,38
POI0644,Tu,18,34
POI0644,Tu,19,29
POI0644,Tu,20,23
POI0644,Tu,21,20
POI0644,Tu,22,15
POI0644,Tu,23,13
POI0644,We,0,9
POI0644,We,1,7
POI0644,We,2,5
POI0644,We,3,5
POI0644,We,4,6
POI0644,We,5,9
POI0644,We,6,11
POI0644,We,7,15
POI0644,We,8,20
POI0644,We,9,21
POI0644,We,10,22
POI0644,We,11,26
POI0644,We,12,30
POI0644,We,13,36
POI0644,We,14,43
POI0644,We,15,50
POI0644,We,16,54
POI0644,We,17,49
POI0644,We,18,43
POI0644,We,19,38
POI0644,We,20,30
POI0644,We,21,22
POI0644,We,22,16
POI0644,We,23,12
POI0644,Th,0,12
POI0644,Th,1,7
POI0644,Th,2,8
POI0644,Th,3,7
POI0644,Th,4,9
POI0644,Th,5,8
POI0644,Th,6,9
POI0644,Th,7,12
POI0644,Th,8,15
POI0644,Th,9,19
POI0644,Th,10,24
POI0644,Th,11,25
POI0644,Th,12,27
POI0644,Th,13,32
POI0644,Th,14,43
POI0644,Th,15,51
POI0644,Th,16,56
POI0644,Th,17,53
POI0644,Th,18,48
POI0644,Th,19,40
POI0644,Th,20,33
POI0644,Th,21,25
POI0644,Th,23,15
POI0644,Fr,0,10
POI0644,Fr,1,6
POI0644,Fr,2,6
POI0644,Fr,3,6
POI0644,Fr,4,4
POI0644,Fr,5,4
POI0644,Fr,6,7
POI0644,Fr,7,10
POI0644,Fr,8,13
POI0644,Fr,9,13
POI0644,Fr,10,17
POI0644,Fr,11,20
POI0644,Fr,12,32
POI0644,Fr,13,43
POI0644,Fr,14,54
POI0644,Fr,15,63
POI0644,Fr,16,66
POI0644,Fr,17,65
POI0644,Fr,18,53
POI0644,Fr,19,43
POI0644,Fr,20,36
POI0644,Fr,21,31
POI0644,Fr,22,26
POI0644,Fr,23,20
POI0644,Sa,0,12
POI0644,Sa,1,10
POI0644,Sa,2,11
POI0644,Sa,3,11
POI0644,Sa,4,11
POI0644,Sa,5,10
POI0644,Sa,6,9
POI0644,Sa,7,11
POI0644,Sa,8,14
POI0644,Sa,9,16
POI0644,Sa,10,20
POI0644,Sa,11,26
POI0644,Sa,12,36
POI0644,Sa,13,51
POI0644,Sa,14,67
POI0644,Sa,15,81
POI0644,Sa,16,86
POI0644,Sa,17,83
POI0644,Sa,18,73
POI0644,Sa,19,59
POI0644,Sa,20,42
POI0644,Sa,21,30
POI0644,Sa,22,23
POI0644,Sa,23,17
POI0644,Su,0,6
POI0644,Su,1,6
POI0644,Su,2,5
POI0644,Su,3,5
POI0644,Su,4,6
POI0644,Su,5,8
POI0644,Su,6,12
POI0644,Su,7,13
POI0644,Su,8,14
POI0644,Su,9,18
POI0644,Su,10,28
POI0644,Su,11,41
POI0644,Su,12,56
POI0644,Su,13,72
POI0644,Su,14,89
POI0644,Su,15,100
POI0644,Su,16,99
POI0644,Su,17,88
POI0644,Su,18,70
POI0644,Su,19,50
POI0644,Su,20,39
POI0644,Su,21,28
POI0644,Su,22,19
POI0644,Su,23,11
POI0646,Mo,0,20
POI0646,Mo,1,11
POI0646,Mo,2,7
POI0646,Mo,3,8
POI0646,Mo,4,14
POI0646,Mo,5,23
POI0646,Mo,6,33
POI0646,Mo,7,43
POI0646,Mo,8,48
POI0646,Mo,9,48
POI0646,Mo,10,48
POI0646,Mo,11,50
POI0646,Mo,12,55
POI0646,Mo,13,60
POI0646,Mo,14,69
POI0646,Mo,15,78
POI0646,Mo,16,85
POI0646,Mo,17,83
POI0646,Mo,18,76
POI0646,Mo,19,62
POI0646,Mo,20,52
POI0646,Mo,21,44
POI0646,Mo,22,39
POI0646,Mo,23,33
POI0646,Tu,0,21
POI0646,Tu,1,11
POI0646,Tu,2,6
POI0646,Tu,3,7
POI0646,Tu,4,13
POI0646,Tu,5,22
POI0646,Tu,6,36
POI0646,Tu,7,51
POI0646,Tu,8,58
POI0646,Tu,9,57
POI0646,Tu,10,54
POI0646,Tu,11,54
POI0646,Tu,12,59
POI0646,Tu,13,66
POI0646,Tu,14,76
POI0646,Tu,15,87
POI0646,Tu,16,96
POI0646,Tu,17,100
POI0646,Tu,18,91
POI0646,Tu,19,75
POI0646,Tu,20,61
POI0646,Tu,21,52
POI0646,Tu,22,45
POI0646,Tu,23,36
POI0646,We,0,22
POI0646,We,1,12
POI0646,We,2,8
POI0646,We,3,8
POI0646,We,4,13
POI0646,We,5,22
POI0646,We,6,35
POI0646,We,7,45
POI0646,We,8,51
POI0646,We,9,52
POI0646,We,10,52
POI0646,We,11,56
POI0646,We,12,63
POI0646,We,13,70
POI0646,We,14,78
POI0646,We,15,87
POI0646,We,16,95
POI0646,We,17,95
POI0646,We,18,89
POI0646,We,19,78
POI0646,We,20,67
POI0646,We,21,59
POI0646,We,22,50
POI0646,We,23,38
POI0646,Th,0,24
POI0646,Th,1,14
POI0646,Th,2,9
POI0646,Th,3,9
POI0646,Th,4,13
POI0646,Th,5,21
POI0646,Th,6,32
POI0646,Th,7,43
POI0646,Th,8,49
POI0646,Th,9,50
POI0646,Th,10,50
POI0646,Th,11,53
POI0646,Th,12,60
POI0646,Th,13,67
POI0646,Th,14,76
POI0646,Th,15,84
POI0646,Th,16,93
POI0646,Th,17,94
POI0646,Th,18,87
POI0646,Th,19,73
POI0646,Th,20,62
POI0646,Th,21,55
POI0646,Th,23,39
POI0646,Fr,0,36
POI0646,Fr,1,25
POI0646,Fr,2,17
POI0646,Fr,3,14
POI0646,Fr,4,14
POI0646,Fr,5,19
POI0646,Fr,6,27
POI0646,Fr,7,35
POI0646,Fr,8,40
POI0646,Fr,9,43
POI0646,Fr,10,46
POI0646,Fr,11,51
POI0646,Fr,12,59
POI0646,Fr,13,68
POI0646,Fr,14,75
POI0646,Fr,15,82
POI0646,Fr,16,86
POI0646,Fr,17,85
POI0646,Fr,18,82
POI0646,Fr,19,77
POI0646,Fr,20,71
POI0646,Fr,21,68
POI0646,Fr,22,61
POI0646,Fr,23,53
POI0646,Sa,0,37
POI0646,Sa,1,26
POI0646,Sa,2,20
POI0646,Sa,3,16
POI0646,Sa,4,15
POI0646,Sa,5,14
POI0646,Sa,6,15
POI0646,Sa,7,18
POI0646,Sa,8,23
POI0646,Sa,9,30
POI0646,Sa,10,38
POI0646,Sa,11,45
POI0646,Sa,12,54
POI0646,Sa,13,60
POI0646,Sa,14,63
POI0646,Sa,15,66
POI0646,Sa,16,70
POI0646,Sa,17,73
POI0646,Sa,18,73
POI0646,Sa,19,70
POI0646,Sa,20,62
POI0646,Sa,21,58
POI0646,Sa,22,56
POI0646,Sa,23,52
POI0646,Su,0,21
POI0646,Su,1,13
POI0646,Su,2,8
POI0646,Su,3,9
POI0646,Su,4,11
POI0646,Su,5,14
POI0646,Su,6,15
POI0646,Su,7,17
POI0646,Su,8,22
POI0646,Su,9,29
POI0646,Su,10,37
POI0646,Su,11,43
POI0646,Su,12,48
POI0646,Su,13,53
POI0646,Su,14,59
POI0646,Su,15,64
POI0646,Su,16,67
POI0646,Su,17,67
POI0646,Su,18,64
POI0646,Su,19,59
POI0646,Su,20,52
POI0646,Su,21,46
POI0646,Su,22,40
POI0646,Su,23,33
POI0648,Mo,6,0
POI0648,Mo,7,0
POI0648,Mo,8,0
POI0648,Mo,9,0
POI0648,Mo,10,52
POI0648,Mo,11,54
POI0648,Mo,12,61
POI0648,Mo,13,66
POI0648,Mo,14,74
POI0648,Mo,15,82
POI0648,Mo,16,78
POI0648,Mo,17,62
POI0648,Mo,18,0
POI0648,Mo,19,0
POI0648,Mo,20,0
POI0648,Mo,21,0
POI0648,Mo,22,0
POI0648,Mo,23,0
POI0648,Tu,6,0
POI0648,Tu,7,0
POI0648,Tu,8,0
POI0648,Tu,9,0
POI0648,Tu,10,54
POI0648,Tu,11,66
POI0648,Tu,12,64
POI0648,Tu,13,58
POI0648,Tu,14,61
POI0648,Tu,15,71
POI0648,Tu,16,70
POI0648,Tu,17,61
POI0648,Tu,18,0
POI0648,Tu,19,0
POI0648,Tu,20,0
POI0648,Tu,21,0
POI0648,Tu,22,0
POI0648,Tu,23,0
POI0648,We,6,0
POI0648,We,7,0
POI0648,We,8,0
POI0648,We,9,0
POI0648,We,10,42
POI0648,We,11,47
POI0648,We,12,51
POI0648,We,13,58
POI0648,We,14,59
POI0648,We,15,66
POI0648,We,16,62
POI0648,We,17,57
POI0648,We,18,0
POI0648,We,19,0
POI0648,We,20,0
POI0648,We,21,0
POI0648,We,22,0
POI0648,We,23,0
POI0648,Th,6,0
POI0648,Th,7,0
POI0648,Th,8,0
POI0648,Th,9,0
POI0648,Th,10,50
POI0648,Th,11,57
POI0648,Th,12,59
POI0648,Th,13,61
POI0648,Th,14,72
POI0648,Th,15,76
POI0648,Th,16,80
POI0648,Th,17,79
POI0648,Th,18,0
POI0648,Th,19,0
POI0648,Th,20,0
POI0648,Th,21,0
POI0648,Th,22,0
POI0648,Th,23,0
POI0648,Fr,6,0
POI0648,Fr,7,0
POI0648,Fr,8,0
POI0648,Fr,9,0
POI0648,Fr,10,47
POI0648,Fr,11,61
POI0648,Fr,12,61
POI0648,Fr,13,60
POI0648,Fr,14,50
POI0648,Fr,15,45
POI0648,Fr,16,41
POI0648,Fr,17,37
POI0648,Fr,18,0
POI0648,Fr,19,0
POI0648,Fr,20,0
POI0648,Fr,21,0
POI0648,Fr,22,0
POI0648,Fr,23,0
POI0648,Su,6,0
POI0648,Su,7,0
POI0648,Su,8,0
POI0648,Su,9,0
POI0648,Su,10,50
POI0648,Su,11,75
POI0648,Su,12,95
POI0648,Su,13,100
POI0648,Su,14,93
POI0648,Su,15,79
POI0648,Su,16,69
POI0648,Su,17,63
POI0648,Su,18,46
POI0648,Su,19,0
POI0648,Su,20,0
POI0648,Su,21,0
POI0648,Su,22,0
POI0648,Su,23,0
POI0653,Mo,0,18
POI0653,Mo,1,9
POI0653,Mo,2,4
POI0653,Mo,3,5
POI0653,Mo,4,9
POI0653,Mo,5,16
POI0653,Mo,6,26
POI0653,Mo,7,34
POI0653,Mo,8,38
POI0653,Mo,9,37
POI0653,Mo,10,37
POI0653,Mo,11,40
POI0653,Mo,12,46
POI0653,Mo,13,51
POI0653,Mo,14,57
POI0653,Mo,15,65
POI0653,Mo,16,72
POI0653,Mo,17,73
POI0653,Mo,18,68
POI0653,Mo,19,59
POI0653,Mo,20,51
POI0653,Mo,21,46
POI0653,Mo,22,43
POI0653,Mo,23,33
POI0653,Tu,0,23
POI0653,Tu,1,10
POI0653,Tu,2,4
POI0653,Tu,3,5
POI0653,Tu,4,9
POI0653,Tu,5,17
POI0653,Tu,6,29
POI0653,Tu,7,40
POI0653,Tu,8,47
POI0653,Tu,9,45
POI0653,Tu,10,42
POI0653,Tu,11,42
POI0653,Tu,12,49
POI0653,Tu,13,55
POI0653,Tu,14,64
POI0653,Tu,15,74
POI0653,Tu,16,83
POI0653,Tu,17,87
POI0653,Tu,18,83
POI0653,Tu,19,71
POI0653,Tu,20,62
POI0653,Tu,21,56
POI0653,Tu,22,53
POI0653,Tu,23,42
POI0653,We,0,24
POI0653,We,1,12
POI0653,We,2,6
POI0653,We,3,6
POI0653,We,4,9
POI0653,We,5,17
POI0653,We,6,27
POI0653,We,7,38
POI0653,We,8,43
POI0653,We,9,41
POI0653,We,10,39
POI0653,We,11,41
POI0653,We,12,46
POI0653,We,13,53
POI0653,We,14,61
POI0653,We,15,72
POI0653,We,16,83
POI0653,We,17,88
POI0653,We,18,84
POI0653,We,19,74
POI0653,We,20,65
POI0653,We,21,61
POI0653,We,22,56
POI0653,We,23,43
POI0653,Th,0,34
POI0653,Th,1,19
POI0653,Th,2,9
POI0653,Th,3,8
POI0653,Th,4,9
POI0653,Th,5,15
POI0653,Th,6,24
POI0653,Th,7,32
POI0653,Th,8,37
POI0653,Th,9,37
POI0653,Th,10,37
POI0653,Th,11,40
POI0653,Th,12,45
POI0653,Th,13,51
POI0653,Th,14,60
POI0653,Th,15,70
POI0653,Th,16,81
POI0653,Th,17,86
POI0653,Th,18,84
POI0653,Th,19,73
POI0653,Th,20,66
POI0653,Th,21,63
POI0653,Th,22,63
POI0653,Fr,0,59
POI0653,Fr,1,37
POI0653,Fr,2,23
POI0653,Fr,3,16
POI0653,Fr,4,13
POI0653,Fr,5,15
POI0653,Fr,6,20
POI0653,Fr,7,26
POI0653,Fr,8,31
POI0653,Fr,9,33
POI0653,Fr,10,35
POI0653,Fr,11,41
POI0653,Fr,12,50
POI0653,Fr,13,60
POI0653,Fr,14,68
POI0653,Fr,15,73
POI0653,Fr,16,77
POI0653,Fr,17,81
POI0653,Fr,18,82
POI0653,Fr,19,79
POI0653,Fr,20,82
POI0653,Fr,21,90
POI0653,Fr,22,100
POI0653,Fr,23,88
POI0653,Sa,0,62
POI0653,Sa,1,41
POI0653,Sa,2,26
POI0653,Sa,3,20
POI0653,Sa,4,15
POI0653,Sa,5,12
POI0653,Sa,6,11
POI0653,Sa,7,12
POI0653,Sa,8,15
POI0653,Sa,9,21
POI0653,Sa,10,29
POI0653,Sa,11,35
POI0653,Sa,12,42
POI0653,Sa,13,50
POI0653,Sa,14,58
POI0653,Sa,15,65
POI0653,Sa,16,71
POI0653,Sa,17,76
POI0653,Sa,18,80
POI0653,Sa,19,79
POI0653,Sa,20,80
POI0653,Sa,21,87
POI0653,Sa,22,95
POI0653,Sa,23,91
POI0653,Su,0,19
POI0653,Su,1,10
POI0653,Su,2,7
POI0653,Su,3,8
POI0653,Su,4,12
POI0653,Su,5,14
POI0653,Su,6,13
POI0653,Su,7,12
POI0653,Su,8,14
POI0653,Su,9,19
POI0653,Su,10,27
POI0653,Su,11,37
POI0653,Su,12,46
POI0653,Su,13,53
POI0653,Su,14,58
POI0653,Su,15,64
POI0653,Su,16,70
POI0653,Su,17,69
POI0653,Su,18,65
POI0653,Su,19,59
POI0653,Su,20,52
POI0653,Su,21,47
POI0653,Su,22,42
POI0653,Su,23,32
POI0654,Mo,6,0
POI0654,Mo,7,0
POI0654,Mo,8,0
POI0654,Mo,9,0
POI0654,Mo,10,46
POI0654,Mo,11,63
POI0654,Mo,12,71
POI0654,Mo,13,76
POI0654,Mo,14,77
POI0654,Mo,15,76
POI0654,Mo,16,73
POI0654,Mo,17,68
POI0654,Mo,18,58
POI0654,Mo,19,43
POI0654,Mo,20,0
POI0654,Mo,21,0
POI0654,Mo,22,0
POI0654,Mo,23,0
POI0654,Tu,6,0
POI0654,Tu,7,0
POI0654,Tu,8,0
POI0654,Tu,9,0
POI0654,Tu,10,43
POI0654,Tu,11,61
POI0654,Tu,12,72
POI0654,Tu,13,74
POI0654,Tu,14,72
POI0654,Tu,15,66
POI0654,Tu,16,63
POI0654,Tu,17,58
POI0654,Tu,18,51
POI0654,Tu,19,39
POI0654,Tu,20,0
POI0654,Tu,21,0
POI0654,Tu,22,0
POI0654,Tu,23,0
POI0654,We,6,0
POI0654,We,7,0
POI0654,We,8,0
POI0654,We,9,0
POI0654,We,10,40
POI0654,We,11,57
POI0654,We,12,68
POI0654,We,13,71
POI0654,We,14,74
POI0654,We,15,73
POI0654,We,16,70
POI0654,We,17,62
POI0654,We,18,54
POI0654,We,19,42
POI0654,We,20,0
POI0654,We,21,0
POI0654,We,22,0
POI0654,We,23,0
POI0654,Th,6,0
POI0654,Th,7,0
POI0654,Th,8,0
POI0654,Th,9,0
POI0654,Th,10,45
POI0654,Th,11,61
POI0654,Th,12,72
POI0654,Th,13,77
POI0654,Th,14,80
POI0654,Th,15,78
POI0654,Th,16,76
POI0654,Th,17,74
POI0654,Th,18,64
POI0654,Th,19,48
POI0654,Th,20,0
POI0654,Th,21,0
POI0654,Th,22,0
POI0654,Th,23,0
POI0654,Fr,6,0
POI0654,Fr,7,0
POI0654,Fr,8,0
POI0654,Fr,9,0
POI0654,Fr,10,46
POI0654,Fr,11,64
POI0654,Fr,12,75
POI0654,Fr,13,76
POI0654,Fr,14,80
POI0654,Fr,15,77
POI0654,Fr,16,76
POI0654,Fr,17,67
POI0654,Fr,18,56
POI0654,Fr,19,40
POI0654,Fr,20,0
POI0654,Fr,21,0
POI0654,Fr,22,0
POI0654,Fr,23,0
POI0654,Sa,6,0
POI0654,Sa,7,0
POI0654,Sa,8,0
POI0654,Sa,9,0
POI0654,Sa,10,38
POI0654,Sa,11,57
POI0654,Sa,12,75
POI0654,Sa,13,88
POI0654,Sa,14,95
POI0654,Sa,15,100
POI0654,Sa,16,99
POI0654,Sa,17,88
POI0654,Sa,18,72
POI0654,Sa,19,49
POI0654,Sa,20,0
POI0654,Sa,21,0
POI0654,Sa,22,0
POI0654,Sa,23,0
POI0654,Su,6,0
POI0654,Su,7,0
POI0654,Su,8,0
POI0654,Su,9,0
POI0654,Su,10,32
POI0654,Su,11,52
POI0654,Su,12,64
POI0654,Su,13,71
POI0654,Su,14,70
POI0654,Su,15,67
POI0654,Su,16,65
POI0654,Su,17,60
POI0654,Su,18,50
POI0654,Su,19,34
POI0654,Su,20,0
POI0654,Su,21,0
POI0654,Su,22,0
POI0654,Su,23,0
POI0657,Mo,6,0
POI0657,Mo,7,0
POI0657,Mo,8,0
POI0657,Mo,9,0
POI0657,Mo,10,0
POI0657,Mo,11,0
POI0657,Mo,12,0
POI0657,Mo,13,0
POI0657,Mo,14,13
POI0657,Mo,15,18
POI0657,Mo,16,23
POI0657,Mo,17,30
POI0657,Mo,18,35
POI0657,Mo,19,39
POI0657,Mo,20,36
POI0657,Mo,21,0
POI0657,Mo,22,0
POI0657,Mo,23,0
POI0657,Tu,6,0
POI0657,Tu,7,0
POI0657,Tu,8,0
POI0657,Tu,9,0
POI0657,Tu,10,0
POI0657,Tu,11,0
POI0657,Tu,12,0
POI0657,Tu,13,0
POI0657,Tu,14,15
POI0657,Tu,15,20
POI0657,Tu,16,26
POI0657,Tu,17,31
POI0657,Tu,18,35
POI0657,Tu,19,39
POI0657,Tu,20,36
POI0657,Tu,21,0
POI0657,Tu,22,0
POI0657,Tu,23,0
POI0657,We,6,0
POI0657,We,7,0
POI0657,We,8,0
POI0657,We,9,0
POI0657,We,10,0
POI0657,We,11,0
POI0657,We,12,0
POI0657,We,13,0
POI0657,We,14,14
POI0657,We,15,21
POI0657,We,16,30
POI0657,We,17,36
POI0657,We,18,40
POI0657,We,19,44
POI0657,We,20,44
POI0657,We,21,0
POI0657,We,22,0
POI0657,We,23,0
POI0657,Th,6,0
POI0657,Th,7,0
POI0657,Th,8,0
POI0657,Th,9,0
POI0657,Th,10,0
POI0657,Th,11,0
POI0657,Th,12,0
POI0657,Th,13,0
POI0657,Th,14,24
POI0657,Th,15,31
POI0657,Th,16,37
POI0657,Th,17,44
POI0657,Th,18,51
POI0657,Th,19,60
POI0657,Th,20,59
POI0657,Th,21,0
POI0657,Th,22,0
POI0657,Th,23,0
POI0657,Fr,6,0
POI0657,Fr,7,0
POI0657,Fr,8,0
POI0657,Fr,9,0
POI0657,Fr,10,0
POI0657,Fr,11,0
POI0657,Fr,12,0
POI0657,Fr,13,0
POI0657,Fr,14,28
POI0657,Fr,15,38
POI0657,Fr,16,50
POI0657,Fr,17,58
POI0657,Fr,18,66
POI0657,Fr,19,77
POI0657,Fr,20,84
POI0657,Fr,21,82
POI0657,Fr,22,71
POI0657,Fr,23,0
POI0657,Sa,6,0
POI0657,Sa,7,0
POI0657,Sa,8,0
POI0657,Sa,9,0
POI0657,Sa,10,0
POI0657,Sa,11,20
POI0657,Sa,12,30
POI0657,Sa,13,38
POI0657,Sa,14,47
POI0657,Sa,15,53
POI0657,Sa,16,62
POI0657,Sa,17,69
POI0657,Sa,18,79
POI0657,Sa,19,94
POI0657,Sa,20,100
POI0657,Sa,21,95
POI0657,Sa,22,79
POI0657,Sa,23,0
POI0657,Su,6,0
POI0657,Su,7,0
POI0657,Su,8,0
POI0657,Su,9,0
POI0657,Su,10,0
POI0657,Su,11,17
POI0657,Su,12,29
POI0657,Su,13,41
POI0657,Su,14,52
POI0657,Su,15,59
POI0657,Su,16,72
POI0657,Su,17,76
POI0657,Su,18,78
POI0657,Su,19,72
POI0657,Su,20,58
POI0657,Su,21,0
POI0657,Su,22,0
POI0657,Su,23,0
POI0658,Mo,0,13
POI0658,Mo,1,6
POI0658,Mo,2,3
POI0658,Mo,3,4
POI0658,Mo,4,6
POI0658,Mo,5,11
POI0658,Mo,6,22
POI0658,Mo,7,36
POI0658,Mo,8,50
POI0658,Mo,9,56
POI0658,Mo,10,61
POI0658,Mo,11,64
POI0658,Mo,12,69
POI0658,Mo,13,73
POI0658,Mo,14,79
POI0658,Mo,15,86
POI0658,Mo,16,90
POI0658,Mo,17,85
POI0658,Mo,18,73
POI0658,Mo,19,58
POI0658,Mo,20,47
POI0658,Mo,21,41
POI0658,Mo,22,34
POI0658,Mo,23,24
POI0658,Tu,0,17
POI0658,Tu,1,9
POI0658,Tu,2,5
POI0658,Tu,3,5
POI0658,Tu,4,7
POI0658,Tu,5,12
POI0658,Tu,6,24
POI0658,Tu,7,38
POI0658,Tu,8,56
POI0658,Tu,9,65
POI0658,Tu,10,70
POI0658,Tu,11,73
POI0658,Tu,12,79
POI0658,Tu,13,86
POI0658,Tu,14,92
POI0658,Tu,15,97
POI0658,Tu,16,100
POI0658,Tu,17,95
POI0658,Tu,18,82
POI0658,Tu,19,67
POI0658,Tu,20,55
POI0658,Tu,21,47
POI0658,Tu,22,40
POI0658,Tu,23,29
POI0658,We,0,16
POI0658,We,1,7
POI0658,We,2,3
POI0658,We,3,4
POI0658,We,4,8
POI0658,We,5,13
POI0658,We,6,24
POI0658,We,7,38
POI0658,We,8,55
POI0658,We,9,64
POI0658,We,10,70
POI0658,We,11,72
POI0658,We,12,77
POI0658,We,13,81
POI0658,We,14,84
POI0658,We,15,90
POI0658,We,16,94
POI0658,We,17,95
POI0658,We,18,86
POI0658,We,19,74
POI0658,We,20,61
POI0658,We,21,52
POI0658,We,22,43
POI0658,We,23,31
POI0658,Th,0,16
POI0658,Th,1,8
POI0658,Th,2,5
POI0658,Th,3,5
POI0658,Th,4,7
POI0658,Th,5,12
POI0658,Th,6,20
POI0658,Th,7,33
POI0658,Th,8,49
POI0658,Th,9,58
POI0658,Th,10,65
POI0658,Th,11,70
POI0658,Th,12,75
POI0658,Th,13,78
POI0658,Th,14,81
POI0658,Th,15,86
POI0658,Th,16,91
POI0658,Th,17,88
POI0658,Th,18,80
POI0658,Th,19,67
POI0658,Th,20,58
POI0658,Th,21,49
POI0658,Th,23,30
POI0658,Fr,0,19
POI0658,Fr,1,10
POI0658,Fr,2,5
POI0658,Fr,3,5
POI0658,Fr,4,6
POI0658,Fr,5,9
POI0658,Fr,6,16
POI0658,Fr,7,26
POI0658,Fr,8,38
POI0658,Fr,9,45
POI0658,Fr,10,53
POI0658,Fr,11,60
POI0658,Fr,12,67
POI0658,Fr,13,69
POI0658,Fr,14,70
POI0658,Fr,15,71
POI0658,Fr,16,72
POI0658,Fr,17,72
POI0658,Fr,18,68
POI0658,Fr,19,62
POI0658,Fr,20,54
POI0658,Fr,21,47
POI0658,Fr,22,42
POI0658,Fr,23,32
POI0658,Sa,0,23
POI0658,Sa,1,13
POI0658,Sa,2,8
POI0658,Sa,3,6
POI0658,Sa,4,6
POI0658,Sa,5,6
POI0658,Sa,6,8
POI0658,Sa,7,11
POI0658,Sa,8,17
POI0658,Sa,9,26
POI0658,Sa,10,35
POI0658,Sa,11,42
POI0658,Sa,12,47
POI0658,Sa,13,52
POI0658,Sa,14,59
POI0658,Sa,15,63
POI0658,Sa,16,66
POI0658,Sa,17,66
POI0658,Sa,18,63
POI0658,Sa,19,56
POI0658,Sa,20,50
POI0658,Sa,21,45
POI0658,Sa,22,42
POI0658,Sa,23,34
POI0658,Su,0,11
POI0658,Su,1,5
POI0658,Su,2,3
POI0658,Su,3,3
POI0658,Su,4,4
POI0658,Su,5,4
POI0658,Su,6,6
POI0658,Su,7,9
POI0658,Su,8,16
POI0658,Su,9,25
POI0658,Su,10,33
POI0658,Su,11,39
POI0658,Su,12,41
POI0658,Su,13,40
POI0658,Su,14,42
POI0658,Su,15,44
POI0658,Su,16,44
POI0658,Su,17,43
POI0658,Su,18,43
POI0658,Su,19,40
POI0658,Su,20,37
POI0658,Su,21,33
POI0658,Su,22,27
POI0658,Su,23,20
POI0660,Tu,6,0
POI0660,Tu,7,0
POI0660,Tu,8,0
POI0660,Tu,9,39
POI0660,Tu,10,55
POI0660,Tu,11,61
POI0660,Tu,12,64
POI0660,Tu,13,68
POI0660,Tu,14,77
POI0660,Tu,15,82
POI0660,Tu,16,75
POI0660,Tu,17,53
POI0660,Tu,18,0
POI0660,Tu,19,0
POI0660,Tu,20,0
POI0660,Tu,21,0
POI0660,Tu,22,0
POI0660,Tu,23,0
POI0660,We,6,0
POI0660,We,7,0
POI0660,We,8,0
POI0660,We,9,32
POI0660,We,10,48
POI0660,We,11,57
POI0660,We,12,62
POI0660,We,13,64
POI0660,We,14,71
POI0660,We,15,73
POI0660,We,16,63
POI0660,We,17,45
POI0660,We,18,0
POI0660,We,19,0
POI0660,We,20,0
POI0660,We,21,0
POI0660,We,22,0
POI0660,We,23,0
POI0660,Th,6,0
POI0660,Th,7,0
POI0660,Th,8,0
POI0660,Th,9,43
POI0660,Th,10,64
POI0660,Th,11,70
POI0660,Th,12,65
POI0660,Th,13,64
POI0660,Th,14,71
POI0660,Th,15,79
POI0660,Th,16,67
POI0660,Th,17,45
POI0660,Th,18,0
POI0660,Th,19,0
POI0660,Th,20,0
POI0660,Th,21,0
POI0660,Th,22,0
POI0660,Th,23,0
POI0660,Fr,6,0
POI0660,Fr,7,0
POI0660,Fr,8,0
POI0660,Fr,9,35
POI0660,Fr,10,58
POI0660,Fr,11,71
POI0660,Fr,12,73
POI0660,Fr,13,77
POI0660,Fr,14,86
POI0660,Fr,15,91
POI0660,Fr,16,85
POI0660,Fr,17,59
POI0660,Fr,18,0
POI0660,Fr,19,0
POI0660,Fr,20,0
POI0660,Fr,21,0
POI0660,Fr,22,0
POI0660,Fr,23,0
POI0660,Sa,6,0
POI0660,Sa,7,0
POI0660,Sa,8,0
POI0660,Sa,9,0
POI0660,Sa,10,66
POI0660,Sa,11,87
POI0660,Sa,12,96
POI0660,Sa,13,96
POI0660,Sa,14,100
POI0660,Sa,15,98
POI0660,Sa,16,84
POI0660,Sa,17,56
POI0660,Sa,18,0
POI0660,Sa,19,0
POI0660,Sa,20,0
POI0660,Sa,21,0
POI0660,Sa,22,0
POI0660,Sa,23,0
POI0660,Su,6,0
POI0660,Su,7,0
POI0660,Su,8,0
POI0660,Su,9,0
POI0660,Su,10,61
POI0660,Su,11,76
POI0660,Su,12,80
POI0660,Su,13,83
POI0660,Su,14,87
POI0660,Su,15,88
POI0660,Su,16,74
POI0660,Su,17,49
POI0660,Su,18,0
POI0660,Su,19,0
POI0660,Su,20,0
POI0660,Su,21,0
POI0660,Su,22,0
POI0660,Su,23,0
POI0662,Mo,6,0
POI0662,Mo,7,0
POI0662,Mo,8,31
POI0662,Mo,9,40
POI0662,Mo,10,53
POI0662,Mo,11,68
POI0662,Mo,12,82
POI0662,Mo,13,80
POI0662,Mo,14,73
POI0662,Mo,15,68
POI0662,Mo,16,73
POI0662,Mo,17,83
POI0662,Mo,18,91
POI0662,Mo,19,86
POI0662,Mo,20,71
POI0662,Mo,21,50
POI0662,Mo,22,0
POI0662,Mo,23,0
POI0662,Tu,6,0
POI0662,Tu,7,0
POI0662,Tu,8,36
POI0662,Tu,9,46
POI0662,Tu,10,59
POI0662,Tu,11,74
POI0662,Tu,12,90
POI0662,Tu,13,86
POI0662,Tu,14,79
POI0662,Tu,15,75
POI0662,Tu,16,83
POI0662,Tu,17,94
POI0662,Tu,18,100
POI0662,Tu,19,92
POI0662,Tu,20,73
POI0662,Tu,21,51
POI0662,Tu,22,0
POI0662,Tu,23,0
POI0662,We,6,0
POI0662,We,7,0
POI0662,We,8,35
POI0662,We,9,46
POI0662,We,10,60
POI0662,We,11,75
POI0662,We,12,89
POI0662,We,13,87
POI0662,We,14,79
POI0662,We,15,76
POI0662,We,16,81
POI0662,We,17,90
POI0662,We,18,94
POI0662,We,19,88
POI0662,We,20,72
POI0662,We,21,51
POI0662,We,22,0
POI0662,We,23,0
POI0662,Th,6,0
POI0662,Th,7,0
POI0662,Th,8,34
POI0662,Th,9,43
POI0662,Th,10,55
POI0662,Th,11,71
POI0662,Th,12,86
POI0662,Th,13,81
POI0662,Th,14,73
POI0662,Th,15,69
POI0662,Th,16,75
POI0662,Th,17,83
POI0662,Th,18,88
POI0662,Th,19,81
POI0662,Th,20,68
POI0662,Th,21,50
POI0662,Th,22,0
POI0662,Th,23,0
POI0662,Fr,6,0
POI0662,Fr,7,0
POI0662,Fr,8,26
POI0662,Fr,9,36
POI0662,Fr,10,46
POI0662,Fr,11,57
POI0662,Fr,12,64
POI0662,Fr,13,65
POI0662,Fr,14,63
POI0662,Fr,15,65
POI0662,Fr,16,70
POI0662,Fr,17,75
POI0662,Fr,18,78
POI0662,Fr,19,73
POI0662,Fr,20,60
POI0662,Fr,21,43
POI0662,Fr,22,0
POI0662,Fr,23,0
POI0662,Sa,6,0
POI0662,Sa,7,0
POI0662,Sa,8,12
POI0662,Sa,9,21
POI0662,Sa,10,30
POI0662,Sa,11,39
POI0662,Sa,12,50
POI0662,Sa,13,58
POI0662,Sa,14,65
POI0662,Sa,15,69
POI0662,Sa,16,73
POI0662,Sa,17,75
POI0662,Sa,18,76
POI0662,Sa,19,72
POI0662,Sa,20,61
POI0662,Sa,21,44
POI0662,Sa,22,0
POI0662,Sa,23,0
POI0671,Mo,0,4
POI0671,Mo,1,2
POI0671,Mo,2,2
POI0671,Mo,3,1
POI0671,Mo,4,2
POI0671,Mo,5,3
POI0671,Mo,6,3
POI0671,Mo,7,4
POI0671,Mo,8,6
POI0671,Mo,9,9
POI0671,Mo,10,13
POI0671,Mo,11,17
POI0671,Mo,12,20
POI0671,Mo,13,23
POI0671,Mo,14,27
POI0671,Mo,15,33
POI0671,Mo,16,37
POI0671,Mo,17,38
POI0671,Mo,18,34
POI0671,Mo,19,29
POI0671,Mo,20,22
POI0671,Mo,21,15
POI0671,Mo,22,9
POI0671,Mo,23,6
POI0671,Tu,0,4
POI0671,Tu,1,2
POI0671,Tu,2,1
POI0671,Tu,3,2
POI0671,Tu,4,2
POI0671,Tu,5,3
POI0671,Tu,6,4
POI0671,Tu,7,5
POI0671,Tu,8,9
POI0671,Tu,9,11
POI0671,Tu,10,14
POI0671,Tu,11,18
POI0671,Tu,12,23
POI0671,Tu,13,27
POI0671,Tu,14,30
POI0671,Tu,15,34
POI0671,Tu,16,40
POI0671,Tu,17,43
POI0671,Tu,18,38
POI0671,Tu,19,31
POI0671,Tu,20,23
POI0671,Tu,21,16
POI0671,Tu,22,10
POI0671,Tu,23,7
POI0671,We,0,4
POI0671,We,1,3
POI0671,We,2,2
POI0671,We,3,3
POI0671,We,4,3
POI0671,We,5,3
POI0671,We,6,4
POI0671,We,7,6
POI0671,We,8,9
POI0671,We,9,13
POI0671,We,10,17
POI0671,We,11,20
POI0671,We,12,24
POI0671,We,13,27
POI0671,We,14,32
POI0671,We,15,39
POI0671,We,16,47
POI0671,We,17,49
POI0671,We,18,44
POI0671,We,19,34
POI0671,We,20,25
POI0671,We,21,17
POI0671,We,22,12
POI0671,We,23,8
POI0671,Th,0,5
POI0671,Th,1,3
POI0671,Th,2,3
POI0671,Th,3,2
POI0671,Th,4,3
POI0671,Th,5,3
POI0671,Th,6,5
POI0671,Th,7,6
POI0671,Th,8,8
POI0671,Th,9,11
POI0671,Th,10,14
POI0671,Th,11,19
POI0671,Th,12,24
POI0671,Th,13,29
POI0671,Th,14,35
POI0671,Th,15,41
POI0671,Th,16,48
POI0671,Th,17,49
POI0671,Th,18,45
POI0671,Th,19,36
POI0671,Th,20,27
POI0671,Th,21,19
POI0671,Th,23,9
POI0671,Fr,0,8
POI0671,Fr,1,4
POI0671,Fr,2,3
POI0671,Fr,3,2
POI0671,Fr,4,2
POI0671,Fr,5,2
POI0671,Fr,6,3
POI0671,Fr,7,5
POI0671,Fr,8,8
POI0671,Fr,9,12
POI0671,Fr,10,16
POI0671,Fr,11,21
POI0671,Fr,12,27
POI0671,Fr,13,34
POI0671,Fr,14,44
POI0671,Fr,15,55
POI0671,Fr,16,61
POI0671,Fr,17,60
POI0671,Fr,18,50
POI0671,Fr,19,38
POI0671,Fr,20,29
POI0671,Fr,21,22
POI0671,Fr,22,17
POI0671,Fr,23,13
POI0671,Sa,0,9
POI0671,Sa,1,6
POI0671,Sa,2,4
POI0671,Sa,3,3
POI0671,Sa,4,2
POI0671,Sa,5,2
POI0671,Sa,6,2
POI0671,Sa,7,4
POI0671,Sa,8,7
POI0671,Sa,9,13
POI0671,Sa,10,23
POI0671,Sa,11,34
POI0671,Sa,12,47
POI0671,Sa,13,62
POI0671,Sa,14,80
POI0671,Sa,15,95
POI0671,Sa,16,100
POI0671,Sa,17,92
POI0671,Sa,18,75
POI0671,Sa,19,56
POI0671,Sa,20,40
POI0671,Sa,21,27
POI0671,Sa,22,19
POI0671,Sa,23,14
POI0671,Su,0,4
POI0671,Su,1,2
POI0671,Su,2,1
POI0671,Su,3,2
POI0671,Su,4,2
POI0671,Su,5,2
POI0671,Su,6,2
POI0671,Su,7,2
POI0671,Su,8,4
POI0671,Su,9,10
POI0671,Su,10,20
POI0671,Su,11,32
POI0671,Su,12,45
POI0671,Su,13,60
POI0671,Su,14,75
POI0671,Su,15,89
POI0671,Su,16,91
POI0671,Su,17,78
POI0671,Su,18,57
POI0671,Su,19,35
POI0671,Su,20,21
POI0671,Su,21,12
POI0671,Su,22,8
POI0671,Su,23,6
POI0673,Mo,6,0
POI0673,Mo,7,0
POI0673,Mo,8,0
POI0673,Mo,9,0
POI0673,Mo,10,0
POI0673,Mo,11,0
POI0673,Mo,12,0
POI0673,Mo,13,0
POI0673,Mo,14,26
POI0673,Mo,15,31
POI0673,Mo,16,37
POI0673,Mo,17,44
POI0673,Mo,18,60
POI0673,Mo,19,75
POI0673,Mo,20,89
POI0673,Mo,21,100
POI0673,Mo,22,86
POI0673,Mo,23,67
POI0673,Tu,6,0
POI0673,Tu,7,0
POI0673,Tu,8,0
POI0673,Tu,9,0
POI0673,Tu,10,0
POI0673,Tu,11,0
POI0673,Tu,12,0
POI0673,Tu,13,0
POI0673,Tu,14,27
POI0673,Tu,15,34
POI0673,Tu,16,38
POI0673,Tu,17,39
POI0673,Tu,18,51
POI0673,Tu,19,55
POI0673,Tu,20,61
POI0673,Tu,21,56
POI0673,Tu,22,41
POI0673,Tu,23,26
POI0673,We,6,0
POI0673,We,7,0
POI0673,We,8,0
POI0673,We,9,0
POI0673,We,10,0
POI0673,We,11,0
POI0673,We,12,0
POI0673,We,13,0
POI0673,We,14,18
POI0673,We,15,25
POI0673,We,16,31
POI0673,We,17,39
POI0673,We,18,49
POI0673,We,19,55
POI0673,We,20,61
POI0673,We,21,62
POI0673,We,22,57
POI0673,We,23,43
POI0673,Th,6,0
POI0673,Th,7,0
POI0673,Th,8,0
POI0673,Th,9,0
POI0673,Th,10,0
POI0673,Th,11,0
POI0673,Th,12,0
POI0673,Th,13,0
POI0673,Th,14,20
POI0673,Th,15,29
POI0673,Th,16,42
POI0673,Th,17,55
POI0673,Th,18,79
POI0673,Th,19,87
POI0673,Th,20,86
POI0673,Th,21,74
POI0673,Th,23,38
POI0673,Fr,6,0
POI0673,Fr,7,0
POI0673,Fr,8,0
POI0673,Fr,9,0
POI0673,Fr,10,0
POI0673,Fr,11,0
POI0673,Fr,12,0
POI0673,Fr,13,0
POI0673,Fr,14,25
POI0673,Fr,15,34
POI0673,Fr,16,43
POI0673,Fr,17,51
POI0673,Fr,18,68
POI0673,Fr,19,79
POI0673,Fr,20,91
POI0673,Fr,21,96
POI0673,Fr,22,83
POI0673,Fr,23,64
POI0673,Sa,6,0
POI0673,Sa,7,0
POI0673,Sa,8,0
POI0673,Sa,9,0
POI0673,Sa,10,0
POI0673,Sa,11,0
POI0673,Sa,12,26
POI0673,Sa,13,34
POI0673,Sa,14,41
POI0673,Sa,15,48
POI0673,Sa,16,61
POI0673,Sa,17,68
POI0673,Sa,18,82
POI0673,Sa,19,88
POI0673,Sa,20,93
POI0673,Sa,21,91
POI0673,Sa,22,78
POI0673,Sa,23,56
POI0674,Mo,6,0
POI0674,Mo,7,0
POI0674,Mo,8,0
POI0674,Mo,9,0
POI0674,Mo,10,42
POI0674,Mo,11,53
POI0674,Mo,12,60
POI0674,Mo,13,66
POI0674,Mo,14,70
POI0674,Mo,15,75
POI0674,Mo,16,78
POI0674,Mo,17,78
POI0674,Mo,18,73
POI0674,Mo,19,63
POI0674,Mo,20,0
POI0674,Mo,21,0
POI0674,Mo,22,0
POI0674,Mo,23,0
POI0674,Tu,6,0
POI0674,Tu,7,0
POI0674,Tu,8,0
POI0674,Tu,9,0
POI0674,Tu,10,42
POI0674,Tu,11,54
POI0674,Tu,12,63
POI0674,Tu,13,68
POI0674,Tu,14,74
POI0674,Tu,15,78
POI0674,Tu,16,82
POI0674,Tu,17,82
POI0674,Tu,18,78
POI0674,Tu,19,68
POI0674,Tu,20,0
POI0674,Tu,21,0
POI0674,Tu,22,0
POI0674,Tu,23,0
POI0674,We,6,0
POI0674,We,7,0
POI0674,We,8,0
POI0674,We,9,0
POI0674,We,10,40
POI0674,We,11,50
POI0674,We,12,59
POI0674,We,13,64
POI0674,We,14,69
POI0674,We,15,73
POI0674,We,16,77
POI0674,We,17,79
POI0674,We,18,75
POI0674,We,19,64
POI0674,We,20,0
POI0674,We,21,0
POI0674,We,22,0
POI0674,We,23,0
POI0674,Th,6,0
POI0674,Th,7,0
POI0674,Th,8,0
POI0674,Th,9,0
POI0674,Th,10,43
POI0674,Th,11,53
POI0674,Th,12,59
POI0674,Th,13,62
POI0674,Th,14,66
POI0674,Th,15,70
POI0674,Th,16,76
POI0674,Th,17,78
POI0674,Th,18,75
POI0674,Th,19,65
POI0674,Th,20,0
POI0674,Th,21,0
POI0674,Th,22,0
POI0674,Th,23,0
POI0674,Fr,6,0
POI0674,Fr,7,0
POI0674,Fr,8,0
POI0674,Fr,9,0
POI0674,Fr,10,39
POI0674,Fr,11,50
POI0674,Fr,12,59
POI0674,Fr,13,65
POI0674,Fr,14,69
POI0674,Fr,15,71
POI0674,Fr,16,73
POI0674,Fr,17,73
POI0674,Fr,18,69
POI0674,Fr,19,61
POI0674,Fr,20,0
POI0674,Fr,21,0
POI0674,Fr,22,0
POI0674,Fr,23,0
POI0674,Sa,6,0
POI0674,Sa,7,0
POI0674,Sa,8,0
POI0674,Sa,9,0
POI0674,Sa,10,46
POI0674,Sa,11,62
POI0674,Sa,12,74
POI0674,Sa,13,81
POI0674,Sa,14,87
POI0674,Sa,15,92
POI0674,Sa,16,97
POI0674,Sa,17,100
POI0674,Sa,18,96
POI0674,Sa,19,87
POI0674,Sa,20,0
POI0674,Sa,21,0
POI0674,Sa,22,0
POI0674,Sa,23,0
POI0676,Mo,6,0
POI0676,Mo,7,0
POI0676,Mo,8,0
POI0676,Mo,9,0
POI0676,Mo,10,0
POI0676,Mo,11,0
POI0676,Mo,12,0
POI0676,Mo,13,0
POI0676,Mo,14,0
POI0676,Mo,15,0
POI0676,Mo,16,0
POI0676,Mo,17,23
POI0676,Mo,18,36
POI0676,Mo,19,49
POI0676,Mo,20,50
POI0676,Mo,21,46
POI0676,Mo,22,35
POI0676,Mo,23,23
POI0676,Tu,6,0
POI0676,Tu,7,0
POI0676,Tu,8,0
POI0676,Tu,9,0
POI0676,Tu,10,0
POI0676,Tu,11,0
POI0676,Tu,12,0
POI0676,Tu,13,0
POI0676,Tu,14,0
POI0676,Tu,15,0
POI0676,Tu,16,0
POI0676,Tu,17,28
POI0676,Tu,18,40
POI0676,Tu,19,57
POI0676,Tu,20,59
POI0676,Tu,21,56
POI0676,Tu,22,43
POI0676,Tu,23,28
POI0676,We,6,0
POI0676,We,7,0
POI0676,We,8,0
POI0676,We,9,0
POI0676,We,10,0
POI0676,We,11,14
POI0676,We,12,15
POI0676,We,13,0
POI0676,We,14,0
POI0676,We,15,0
POI0676,We,16,0
POI0676,We,17,24
POI0676,We,18,32
POI0676,We,19,52
POI0676,We,20,55
POI0676,We,21,52
POI0676,We,22,39
POI0676,We,23,23
POI0676,Th,6,0
POI0676,Th,7,0
POI0676,Th,8,0
POI0676,Th,9,0
POI0676,Th,10,0
POI0676,Th,11,0
POI0676,Th,12,0
POI0676,Th,13,0
POI0676,Th,14,0
POI0676,Th,15,0
POI0676,Th,16,0
POI0676,Th,17,21
POI0676,Th,18,37
POI0676,Th,19,58
POI0676,Th,20,67
POI0676,Th,21,63
POI0676,Th,22,49
POI0676,Fr,6,0
POI0676,Fr,7,0
POI0676,Fr,8,0
POI0676,Fr,9,0
POI0676,Fr,10,0
POI0676,Fr,11,0
POI0676,Fr,12,0
POI0676,Fr,13,0
POI0676,Fr,14,0
POI0676,Fr,15,0
POI0676,Fr,16,0
POI0676,Fr,17,31
POI0676,Fr,18,45
POI0676,Fr,19,64
POI0676,Fr,20,67
POI0676,Fr,21,70
POI0676,Fr,22,60
POI0676,Fr,23,57
POI0676,Sa,6,0
POI0676,Sa,7,0
POI0676,Sa,8,0
POI0676,Sa,9,0
POI0676,Sa,10,0
POI0676,Sa,11,0
POI0676,Sa,12,0
POI0676,Sa,13,0
POI0676,Sa,14,21
POI0676,Sa,15,27
POI0676,Sa,16,34
POI0676,Sa,17,43
POI0676,Sa,18,55
POI0676,Sa,19,78
POI0676,Sa,20,90
POI0676,Sa,21,100
POI0676,Sa,22,88
POI0676,Sa,23,80
POI0676,Su,6,0
POI0676,Su,7,0
POI0676,Su,8,0
POI0676,Su,9,0
POI0676,Su,10,0
POI0676,Su,11,0
POI0676,Su,12,0
POI0676,Su,13,27
POI0676,Su,14,31
POI0676,Su,15,42
POI0676,Su,16,52
POI0676,Su,17,65
POI0676,Su,18,76
POI0676,Su,19,77
POI0676,Su,20,63
POI0676,Su,21,49
POI0676,Su,22,28
POI0676,Su,23,0
POI0678,Mo,0,29
POI0678,Mo,1,17
POI0678,Mo,2,11
POI0678,Mo,3,9
POI0678,Mo,4,10
POI0678,Mo,5,14
POI0678,Mo,6,22
POI0678,Mo,7,30
POI0678,Mo,8,39
POI0678,Mo,9,43
POI0678,Mo,10,48
POI0678,Mo,11,53
POI0678,Mo,12,59
POI0678,Mo,13,63
POI0678,Mo,14,67
POI0678,Mo,15,72
POI0678,Mo,16,79
POI0678,Mo,17,89
POI0678,Mo,18,93
POI0678,Mo,19,87
POI0678,Mo,20,72
POI0678,Mo,21,62
POI0678,Mo,22,55
POI0678,Mo,23,46
POI0678,Tu,0,33
POI0678,Tu,1,19
POI0678,Tu,2,12
POI0678,Tu,3,11
POI0678,Tu,4,13
POI0678,Tu,5,17
POI0678,Tu,6,23
POI0678,Tu,7,31
POI0678,Tu,8,41
POI0678,Tu,9,46
POI0678,Tu,10,48
POI0678,Tu,11,54
POI0678,Tu,12,64
POI0678,Tu,13,72
POI0678,Tu,14,77
POI0678,Tu,15,85
POI0678,Tu,16,90
POI0678,Tu,17,98
POI0678,Tu,18,98
POI0678,Tu,19,93
POI0678,Tu,20,80
POI0678,Tu,21,72
POI0678,Tu,22,64
POI0678,Tu,23,53
POI0678,We,0,34
POI0678,We,1,19
POI0678,We,2,12
POI0678,We,3,11
POI0678,We,4,12
POI0678,We,5,16
POI0678,We,6,22
POI0678,We,7,31
POI0678,We,8,42
POI0678,We,9,48
POI0678,We,10,51
POI0678,We,11,55
POI0678,We,12,63
POI0678,We,13,68
POI0678,We,14,72
POI0678,We,15,79
POI0678,We,16,87
POI0678,We,17,96
POI0678,We,18,100
POI0678,We,19,91
POI0678,We,20,80
POI0678,We,21,73
POI0678,We,22,67
POI0678,We,23,54
POI0678,Th,0,40
POI0678,Th,1,23
POI0678,Th,2,12
POI0678,Th,3,10
POI0678,Th,4,11
POI0678,Th,5,16
POI0678,Th,6,21
POI0678,Th,7,32
POI0678,Th,8,43
POI0678,Th,9,50
POI0678,Th,10,53
POI0678,Th,11,57
POI0678,Th,12,64
POI0678,Th,13,68
POI0678,Th,14,75
POI0678,Th,15,80
POI0678,Th,16,85
POI0678,Th,17,93
POI0678,Th,18,98
POI0678,Th,19,94
POI0678,Th,20,84
POI0678,Th,21,79
POI0678,Th,22,75
POI0678,Fr,0,51
POI0678,Fr,1,34
POI0678,Fr,2,21
POI0678,Fr,3,17
POI0678,Fr,4,13
POI0678,Fr,5,13
POI0678,Fr,6,17
POI0678,Fr,7,24
POI0678,Fr,8,32
POI0678,Fr,9,39
POI0678,Fr,10,47
POI0678,Fr,11,56
POI0678,Fr,12,63
POI0678,Fr,13,67
POI0678,Fr,14,70
POI0678,Fr,15,73
POI0678,Fr,16,77
POI0678,Fr,17,84
POI0678,Fr,18,89
POI0678,Fr,19,91
POI0678,Fr,20,86
POI0678,Fr,21,85
POI0678,Fr,22,82
POI0678,Fr,23,74
POI0678,Sa,0,48
POI0678,Sa,1,34
POI0678,Sa,2,23
POI0678,Sa,3,17
POI0678,Sa,4,12
POI0678,Sa,5,10
POI0678,Sa,6,10
POI0678,Sa,7,15
POI0678,Sa,8,21
POI0678,Sa,9,29
POI0678,Sa,10,37
POI0678,Sa,11,44
POI0678,Sa,12,53
POI0678,Sa,13,64
POI0678,Sa,14,75
POI0678,Sa,15,85
POI0678,Sa,16,88
POI0678,Sa,17,88
POI0678,Sa,18,86
POI0678,Sa,19,79
POI0678,Sa,20,74
POI0678,Sa,21,72
POI0678,Sa,22,72
POI0678,Sa,23,67
POI0678,Su,0,23
POI0678,Su,1,13
POI0678,Su,2,9
POI0678,Su,3,9
POI0678,Su,4,12
POI0678,Su,5,11
POI0678,Su,6,11
POI0678,Su,7,12
POI0678,Su,8,16
POI0678,Su,9,25
POI0678,Su,10,35
POI0678,Su,11,45
POI0678,Su,12,55
POI0678,Su,13,65
POI0678,Su,14,71
POI0678,Su,15,75
POI0678,Su,16,77
POI0678,Su,17,80
POI0678,Su,18,80
POI0678,Su,19,74
POI0678,Su,20,66
POI0678,Su,21,58
POI0678,Su,22,49
POI0678,Su,23,38
POI0680,Mo,0,22
POI0680,Mo,1,15
POI0680,Mo,2,15
POI0680,Mo,3,13
POI0680,Mo,4,11
POI0680,Mo,5,12
POI0680,Mo,6,21
POI0680,Mo,7,38
POI0680,Mo,8,55
POI0680,Mo,9,66
POI0680,Mo,10,76
POI0680,Mo,11,79
POI0680,Mo,12,89
POI0680,Mo,13,86
POI0680,Mo,14,78
POI0680,Mo,15,71
POI0680,Mo,16,72
POI0680,Mo,17,73
POI0680,Mo,18,82
POI0680,Mo,19,78
POI0680,Mo,20,71
POI0680,Mo,21,59
POI0680,Mo,22,44
POI0680,Mo,23,33
POI0680,Tu,0,25
POI0680,Tu,1,18
POI0680,Tu,2,17
POI0680,Tu,3,15
POI0680,Tu,4,14
POI0680,Tu,5,19
POI0680,Tu,6,26
POI0680,Tu,7,41
POI0680,Tu,8,55
POI0680,Tu,9,67
POI0680,Tu,10,77
POI0680,Tu,11,88
POI0680,Tu,12,100
POI0680,Tu,13,97
POI0680,Tu,14,93
POI0680,Tu,15,84
POI0680,Tu,16,92
POI0680,Tu,17,94
POI0680,Tu,18,97
POI0680,Tu,19,82
POI0680,Tu,20,70
POI0680,Tu,21,55
POI0680,Tu,22,47
POI0680,Tu,23,39
POI0680,We,0,26
POI0680,We,1,13
POI0680,We,2,9
POI0680,We,3,7
POI0680,We,4,12
POI0680,We,5,18
POI0680,We,6,32
POI0680,We,7,50
POI0680,We,8,65
POI0680,We,9,63
POI0680,We,10,65
POI0680,We,11,68
POI0680,We,12,81
POI0680,We,13,77
POI0680,We,14,80
POI0680,We,15,87
POI0680,We,16,99
POI0680,We,17,98
POI0680,We,18,91
POI0680,We,19,76
POI0680,We,20,70
POI0680,We,21,65
POI0680,We,22,57
POI0680,We,23,44
POI0680,Th,0,23
POI0680,Th,1,17
POI0680,Th,2,15
POI0680,Th,3,15
POI0680,Th,4,17
POI0680,Th,5,21
POI0680,Th,6,31
POI0680,Th,7,45
POI0680,Th,8,60
POI0680,Th,9,68
POI0680,Th,10,71
POI0680,Th,11,79
POI0680,Th,12,92
POI0680,Th,13,89
POI0680,Th,14,88
POI0680,Th,15,91
POI0680,Th,16,93
POI0680,Th,17,89
POI0680,Th,18,78
POI0680,Th,19,66
POI0680,Th,20,63
POI0680,Th,21,61
POI0680,Th,23,42
POI0680,Fr,0,22
POI0680,Fr,1,14
POI0680,Fr,2,10
POI0680,Fr,3,10
POI0680,Fr,4,12
POI0680,Fr,5,15
POI0680,Fr,6,23
POI0680,Fr,7,34
POI0680,Fr,8,49
POI0680,Fr,9,57
POI0680,Fr,10,60
POI0680,Fr,11,63
POI0680,Fr,12,66
POI0680,Fr,13,68
POI0680,Fr,14,68
POI0680,Fr,15,67
POI0680,Fr,16,66
POI0680,Fr,17,66
POI0680,Fr,18,63
POI0680,Fr,19,56
POI0680,Fr,20,50
POI0680,Fr,21,44
POI0680,Fr,22,40
POI0680,Fr,23,31
POI0680,Sa,0,22
POI0680,Sa,1,15
POI0680,Sa,2,13
POI0680,Sa,3,12
POI0680,Sa,4,9
POI0680,Sa,5,11
POI0680,Sa,6,14
POI0680,Sa,7,18
POI0680,Sa,8,21
POI0680,Sa,9,24
POI0680,Sa,10,26
POI0680,Sa,11,29
POI0680,Sa,12,33
POI0680,Sa,13,39
POI0680,Sa,14,51
POI0680,Sa,15,60
POI0680,Sa,16,65
POI0680,Sa,17,68
POI0680,Sa,18,69
POI0680,Sa,19,63
POI0680,Sa,20,62
POI0680,Sa,21,58
POI0680,Sa,22,51
POI0680,Sa,23,36
POI0680,Su,0,18
POI0680,Su,1,16
POI0680,Su,2,10
POI0680,Su,3,7
POI0680,Su,4,7
POI0680,Su,5,10
POI0680,Su,6,13
POI0680,Su,7,13
POI0680,Su,8,14
POI0680,Su,9,17
POI0680,Su,10,23
POI0680,Su,11,29
POI0680,Su,12,36
POI0680,Su,13,37
POI0680,Su,14,39
POI0680,Su,15,41
POI0680,Su,16,44
POI0680,Su,17,45
POI0680,Su,18,44
POI0680,Su,19,42
POI0680,Su,20,36
POI0680,Su,21,36
POI0680,Su,22,33
POI0680,Su,23,28
POI0684,Mo,6,0
POI0684,Mo,7,0
POI0684,Mo,8,0
POI0684,Mo,9,0
POI0684,Mo,10,41
POI0684,Mo,11,58
POI0684,Mo,12,52
POI0684,Mo,13,50
POI0684,Mo,14,50
POI0684,Mo,15,55
POI0684,Mo,16,72
POI0684,Mo,17,61
POI0684,Mo,18,47
POI0684,Mo,19,0
POI0684,Mo,20,0
POI0684,Mo,21,0
POI0684,Mo,22,0
POI0684,Mo,23,0
POI0684,Tu,6,0
POI0684,Tu,7,0
POI0684,Tu,8,0
POI0684,Tu,9,0
POI0684,Tu,10,58
POI0684,Tu,11,75
POI0684,Tu,12,66
POI0684,Tu,13,61
POI0684,Tu,14,52
POI0684,Tu,15,58
POI0684,Tu,16,58
POI0684,Tu,17,44
POI0684,Tu,18,33
POI0684,Tu,19,0
POI0684,Tu,20,0
POI0684,Tu,21,0
POI0684,Tu,22,0
POI0684,Tu,23,0
POI0684,We,6,0
POI0684,We,7,0
POI0684,We,8,0
POI0684,We,9,0
POI0684,We,10,22
POI0684,We,11,30
POI0684,We,12,44
POI0684,We,13,50
POI0684,We,14,80
POI0684,We,15,69
POI0684,We,16,72
POI0684,We,17,50
POI0684,We,18,50
POI0684,We,19,0
POI0684,We,20,0
POI0684,We,21,0
POI0684,We,22,0
POI0684,We,23,0
POI0684,Th,6,0
POI0684,Th,7,0
POI0684,Th,8,0
POI0684,Th,9,0
POI0684,Th,10,33
POI0684,Th,11,58
POI0684,Th,12,58
POI0684,Th,13,47
POI0684,Th,14,36
POI0684,Th,15,44
POI0684,Th,16,44
POI0684,Th,17,33
POI0684,Th,18,22
POI0684,Th,19,0
POI0684,Th,20,0
POI0684,Th,21,0
POI0684,Th,22,0
POI0684,Th,23,0
POI0684,Fr,6,0
POI0684,Fr,7,0
POI0684,Fr,8,0
POI0684,Fr,9,0
POI0684,Fr,10,77
POI0684,Fr,11,100
POI0684,Fr,12,94
POI0684,Fr,13,72
POI0684,Fr,14,55
POI0684,Fr,15,41
POI0684,Fr,16,41
POI0684,Fr,17,44
POI0684,Fr,18,38
POI0684,Fr,19,0
POI0684,Fr,20,0
POI0684,Fr,21,0
POI0684,Fr,22,0
POI0684,Fr,23,0
POI0684,Sa,6,0
POI0684,Sa,7,0
POI0684,Sa,8,0
POI0684,Sa,9,0
POI0684,Sa,10,75
POI0684,Sa,11,88
POI0684,Sa,12,75
POI0684,Sa,13,77
POI0684,Sa,14,83
POI0684,Sa,15,88
POI0684,Sa,16,80
POI0684,Sa,17,52
POI0684,Sa,18,30
POI0684,Sa,19,0
POI0684,Sa,20,0
POI0684,Sa,21,0
POI0684,Sa,22,0
POI0684,Sa,23,0
POI0684,Su,6,0
POI0684,Su,7,0
POI0684,Su,8,0
POI0684,Su,9,0
POI0684,Su,10,69
POI0684,Su,11,75
POI0684,Su,12,63
POI0684,Su,13,55
POI0684,Su,14,44
POI0684,Su,15,38
POI0684,Su,16,30
POI0684,Su,17,25
POI0684,Su,18,22
POI0684,Su,19,0
POI0684,Su,20,0
POI0684,Su,21,0
POI0684,Su,22,0
POI0684,Su,23,0
POI0685,Mo,6,0
POI0685,Mo,7,0
POI0685,Mo,8,0
POI0685,Mo,9,0
POI0685,Mo,10,0
POI0685,Mo,11,0
POI0685,Mo,12,52
POI0685,Mo,13,56
POI0685,Mo,14,44
POI0685,Mo,15,35
POI0685,Mo,16,33
POI0685,Mo,17,48
POI0685,Mo,18,72
POI0685,Mo,19,86
POI0685,Mo,20,82
POI0685,Mo,21,63
POI0685,Mo,22,0
POI0685,Mo,23,0
POI0685,Tu,6,0
POI0685,Tu,7,0
POI0685,Tu,8,0
POI0685,Tu,9,0
POI0685,Tu,10,0
POI0685,Tu,11,0
POI0685,Tu,12,41
POI0685,Tu,13,45
POI0685,Tu,14,50
POI0685,Tu,15,54
POI0685,Tu,16,56
POI0685,Tu,17,63
POI0685,Tu,18,75
POI0685,Tu,19,89
POI0685,Tu,20,70
POI0685,Tu,21,54
POI0685,Tu,22,0
POI0685,Tu,23,0
POI0685,We,6,0
POI0685,We,7,0
POI0685,We,8,0
POI0685,We,9,0
POI0685,We,10,0
POI0685,We,11,0
POI0685,We,12,50
POI0685,We,13,58
POI0685,We,14,62
POI0685,We,15,58
POI0685,We,16,54
POI0685,We,17,72
POI0685,We,18,90
POI0685,We,19,94
POI0685,We,20,81
POI0685,We,21,56
POI0685,We,22,0
POI0685,We,23,0
POI0685,Th,6,0
POI0685,Th,7,0
POI0685,Th,8,0
POI0685,Th,9,0
POI0685,Th,10,0
POI0685,Th,11,0
POI0685,Th,12,36
POI0685,Th,13,44
POI0685,Th,14,50
POI0685,Th,15,54
POI0685,Th,16,60
POI0685,Th,17,77
POI0685,Th,18,82
POI0685,Th,19,86
POI0685,Th,20,81
POI0685,Th,21,58
POI0685,Th,22,0
POI0685,Th,23,0
POI0685,Fr,6,0
POI0685,Fr,7,0
POI0685,Fr,8,0
POI0685,Fr,9,0
POI0685,Fr,10,0
POI0685,Fr,11,0
POI0685,Fr,12,41
POI0685,Fr,13,45
POI0685,Fr,14,52
POI0685,Fr,15,59
POI0685,Fr,16,78
POI0685,Fr,17,86
POI0685,Fr,18,100
POI0685,Fr,19,94
POI0685,Fr,20,91
POI0685,Fr,21,77
POI0685,Fr,22,0
POI0685,Fr,23,0
POI0685,Sa,6,0
POI0685,Sa,7,0
POI0685,Sa,8,0
POI0685,Sa,9,0
POI0685,Sa,10,0
POI0685,Sa,11,0
POI0685,Sa,12,54
POI0685,Sa,13,70
POI0685,Sa,14,81
POI0685,Sa,15,74
POI0685,Sa,16,77
POI0685,Sa,17,66
POI0685,Sa,18,70
POI0685,Sa,19,71
POI0685,Sa,20,78
POI0685,Sa,21,56
POI0685,Sa,22,0
POI0685,Sa,23,0
POI0685,Su,6,0
POI0685,Su,7,0
POI0685,Su,8,0
POI0685,Su,9,0
POI0685,Su,10,0
POI0685,Su,11,0
POI0685,Su,12,43
POI0685,Su,13,52
POI0685,Su,14,52
POI0685,Su,15,37
POI0685,Su,16,43
POI0685,Su,17,58
POI0685,Su,18,87
POI0685,Su,19,77
POI0685,Su,20,62
POI0685,Su,21,48
POI0685,Su,22,0
POI0685,Su,23,0
POI0686,We,6,0
POI0686,We,7,0
POI0686,We,8,0
POI0686,We,9,0
POI0686,We,10,0
POI0686,We,11,0
POI0686,We,12,29
POI0686,We,13,38
POI0686,We,14,36
POI0686,We,15,38
POI0686,We,16,47
POI0686,We,17,68
POI0686,We,18,72
POI0686,We,19,81
POI0686,We,20,72
POI0686,We,21,0
POI0686,We,22,0
POI0686,We,23,0
POI0686,Th,6,0
POI0686,Th,7,0
POI0686,Th,8,0
POI0686,Th,9,0
POI0686,Th,10,0
POI0686,Th,11,0
POI0686,Th,12,50
POI0686,Th,13,59
POI0686,Th,14,56
POI0686,Th,15,45
POI0686,Th,16,45
POI0686,Th,17,59
POI0686,Th,18,86
POI0686,Th,19,97
POI0686,Th,20,81
POI0686,Th,21,0
POI0686,Th,22,0
POI0686,Th,23,0
POI0686,Fr,6,0
POI0686,Fr,7,0
POI0686,Fr,8,0
POI0686,Fr,9,0
POI0686,Fr,10,0
POI0686,Fr,11,0
POI0686,Fr,12,36
POI0686,Fr,13,43
POI0686,Fr,14,43
POI0686,Fr,15,40
POI0686,Fr,16,50
POI0686,Fr,17,65
POI0686,Fr,18,75
POI0686,Fr,19,90
POI0686,Fr,20,75
POI0686,Fr,21,0
POI0686,Fr,22,0
POI0686,Fr,23,0
POI0686,Sa,6,0
POI0686,Sa,7,0
POI0686,Sa,8,0
POI0686,Sa,9,0
POI0686,Sa,10,0
POI0686,Sa,11,0
POI0686,Sa,12,27
POI0686,Sa,13,36
POI0686,Sa,14,45
POI0686,Sa,15,47
POI0686,Sa,16,50
POI0686,Sa,17,72
POI0686,Sa,18,90
POI0686,Sa,19,100
POI0686,Sa,20,86
POI0686,Sa,21,54
POI0686,Sa,22,0
POI0686,Sa,23,0
POI0686,Su,6,0
POI0686,Su,7,0
POI0686,Su,8,0
POI0686,Su,9,0
POI0686,Su,10,0
POI0686,Su,11,0
POI0686,Su,12,38
POI0686,Su,13,43
POI0686,Su,14,43
POI0686,Su,15,36
POI0686,Su,16,36
POI0686,Su,17,45
POI0686,Su,18,54
POI0686,Su,19,54
POI0686,Su,20,38
POI0686,Su,21,0
POI0686,Su,22,0
POI0686,Su,23,0
POI0688,Mo,6,0
POI0688,Mo,7,0
POI0688,Mo,8,0
POI0688,Mo,9,0
POI0688,Mo,10,0
POI0688,Mo,11,24
POI0688,Mo,12,45
POI0688,Mo,13,45
POI0688,Mo,14,38
POI0688,Mo,15,31
POI0688,Mo,16,29
POI0688,Mo,17,38
POI0688,Mo,18,57
POI0688,Mo,19,68
POI0688,Mo,20,68
POI0688,Mo,21,49
POI0688,Mo,22,33
POI0688,Mo,23,0
POI0688,Tu,6,0
POI0688,Tu,7,0
POI0688,Tu,8,0
POI0688,Tu,9,0
POI0688,Tu,10,0
POI0688,Tu,11,49
POI0688,Tu,12,77
POI0688,Tu,13,77
POI0688,Tu,14,59
POI0688,Tu,15,40
POI0688,Tu,16,40
POI0688,Tu,17,61
POI0688,Tu,18,85
POI0688,Tu,19,96
POI0688,Tu,20,89
POI0688,Tu,21,75
POI0688,Tu,22,54
POI0688,Tu,23,0
POI0688,We,6,0
POI0688,We,7,0
POI0688,We,8,0
POI0688,We,9,0
POI0688,We,10,0
POI0688,We,11,49
POI0688,We,12,73
POI0688,We,13,63
POI0688,We,14,47
POI0688,We,15,40
POI0688,We,16,42
POI0688,We,17,59
POI0688,We,18,71
POI0688,We,19,84
POI0688,We,20,73
POI0688,We,21,52
POI0688,We,22,26
POI0688,We,23,0
POI0688,Th,6,0
POI0688,Th,7,0
POI0688,Th,8,0
POI0688,Th,9,0
POI0688,Th,10,0
POI0688,Th,11,42
POI0688,Th,12,71
POI0688,Th,13,71
POI0688,Th,14,52
POI0688,Th,15,35
POI0688,Th,16,36
POI0688,Th,17,59
POI0688,Th,18,89
POI0688,Th,19,100
POI0688,Th,20,78
POI0688,Th,21,47
POI0688,Th,23,0
POI0688,Fr,6,0
POI0688,Fr,7,0
POI0688,Fr,8,0
POI0688,Fr,9,0
POI0688,Fr,10,0
POI0688,Fr,11,26
POI0688,Fr,12,43
POI0688,Fr,13,45
POI0688,Fr,14,35
POI0688,Fr,15,26
POI0688,Fr,16,24
POI0688,Fr,17,38
POI0688,Fr,18,56
POI0688,Fr,19,71
POI0688,Fr,20,77
POI0688,Fr,21,66
POI0688,Fr,22,40
POI0688,Fr,23,0
POI0688,Sa,6,0
POI0688,Sa,7,0
POI0688,Sa,8,0
POI0688,Sa,9,0
POI0688,Sa,10,0
POI0688,Sa,11,26
POI0688,Sa,12,36
POI0688,Sa,13,56
POI0688,Sa,14,71
POI0688,Sa,15,73
POI0688,Sa,16,73
POI0688,Sa,17,78
POI0688,Sa,18,92
POI0688,Sa,19,89
POI0688,Sa,20,80
POI0688,Sa,21,59
POI0688,Sa,22,47
POI0688,Sa,23,0
POI0688,Su,6,0
POI0688,Su,7,0
POI0688,Su,8,0
POI0688,Su,9,0
POI0688,Su,10,0
POI0688,Su,11,24
POI0688,Su,12,31
POI0688,Su,13,38
POI0688,Su,14,42
POI0688,Su,15,40
POI0688,Su,16,45
POI0688,Su,17,56
POI0688,Su,18,66
POI0688,Su,19,66
POI0688,Su,20,63
POI0688,Su,21,56
POI0688,Su,22,35
POI0688,Su,23,0
POI0691,Mo,6,0
POI0691,Mo,7,0
POI0691,Mo,8,0
POI0691,Mo,9,0
POI0691,Mo,10,0
POI0691,Mo,11,0
POI0691,Mo,12,11
POI0691,Mo,13,11
POI0691,Mo,14,12
POI0691,Mo,15,12
POI0691,Mo,16,12
POI0691,Mo,17,17
POI0691,Mo,18,17
POI0691,Mo,19,18
POI0691,Mo,20,15
POI0691,Mo,21,15
POI0691,Mo,22,17
POI0691,Mo,23,15
POI0691,Tu,6,0
POI0691,Tu,7,0
POI0691,Tu,8,0
POI0691,Tu,9,0
POI0691,Tu,10,0
POI0691,Tu,11,0
POI0691,Tu,12,13
POI0691,Tu,13,17
POI0691,Tu,14,21
POI0691,Tu,15,17
POI0691,Tu,16,16
POI0691,Tu,17,17
POI0691,Tu,18,17
POI0691,Tu,19,16
POI0691,Tu,20,13
POI0691,Tu,21,11
POI0691,Tu,22,11
POI0691,Tu,23,10
POI0691,We,6,0
POI0691,We,7,0
POI0691,We,8,0
POI0691,We,9,0
POI0691,We,10,0
POI0691,We,11,0
POI0691,We,12,10
POI0691,We,13,11
POI0691,We,14,13
POI0691,We,15,16
POI0691,We,16,17
POI0691,We,17,10
POI0691,We,18,8
POI0691,We,19,8
POI0691,We,20,15
POI0691,We,21,17
POI0691,We,22,11
POI0691,We,23,7
POI0691,Th,6,0
POI0691,Th,7,0
POI0691,Th,8,0
POI0691,Th,9,0
POI0691,Th,10,0
POI0691,Th,11,0
POI0691,Th,12,6
POI0691,Th,13,8
POI0691,Th,14,13
POI0691,Th,15,15
POI0691,Th,16,18
POI0691,Th,17,15
POI0691,Th,18,17
POI0691,Th,19,15
POI0691,Th,20,13
POI0691,Th,21,16
POI0691,Th,23,15
POI0691,Fr,0,15
POI0691,Fr,1,13
POI0691,Fr,2,12
POI0691,Fr,6,0
POI0691,Fr,7,0
POI0691,Fr,8,0
POI0691,Fr,9,0
POI0691,Fr,10,0
POI0691,Fr,11,0
POI0691,Fr,12,11
POI0691,Fr,13,13
POI0691,Fr,14,17
POI0691,Fr,15,17
POI0691,Fr,16,11
POI0691,Fr,17,11
POI0691,Fr,18,25
POI0691,Fr,19,45
POI0691,Fr,20,75
POI0691,Fr,21,74
POI0691,Fr,22,49
POI0691,Fr,23,29
POI0691,Sa,0,25
POI0691,Sa,1,15
POI0691,Sa,2,10
POI0691,Sa,6,0
POI0691,Sa,7,0
POI0691,Sa,8,0
POI0691,Sa,9,0
POI0691,Sa,10,0
POI0691,Sa,11,0
POI0691,Sa,12,8
POI0691,Sa,13,8
POI0691,Sa,14,10
POI0691,Sa,15,16
POI0691,Sa,16,22
POI0691,Sa,17,24
POI0691,Sa,18,27
POI0691,Sa,19,48
POI0691,Sa,20,86
POI0691,Sa,21,100
POI0691,Sa,22,83
POI0691,Sa,23,51
POI0691,Su,6,0
POI0691,Su,7,0
POI0691,Su,8,0
POI0691,Su,9,0
POI0691,Su,10,0
POI0691,Su,11,0
POI0691,Su,12,7
POI0691,Su,13,7
POI0691,Su,14,6
POI0691,Su,15,10
POI0691,Su,16,12
POI0691,Su,17,15
POI0691,Su,18,18
POI0691,Su,19,18
POI0691,Su,20,16
POI0691,Su,21,12
POI0691,Su,22,12
POI0691,Su,23,12
POI0692,Fr,0,77
POI0692,Fr,1,55
POI0692,Fr,2,32
POI0692,Fr,3,18
POI0692,Fr,4,9
POI0692,Fr,6,0
POI0692,Fr,7,0
POI0692,Fr,8,0
POI0692,Fr,9,0
POI0692,Fr,10,0
POI0692,Fr,11,0
POI0692,Fr,12,0
POI0692,Fr,13,0
POI0692,Fr,14,0
POI0692,Fr,15,0
POI0692,Fr,16,0
POI0692,Fr,17,0
POI0692,Fr,18,0
POI0692,Fr,19,0
POI0692,Fr,20,0
POI0692,Fr,21,66
POI0692,Fr,22,92
POI0692,Fr,23,100
POI0692,Sa,0,62
POI0692,Sa,1,46
POI0692,Sa,2,29
POI0692,Sa,3,18
POI0692,Sa,4,0
POI0692,Sa,6,0
POI0692,Sa,7,0
POI0692,Sa,8,0
POI0692,Sa,9,0
POI0692,Sa,10,0
POI0692,Sa,11,0
POI0692,Sa,12,0
POI0692,Sa,13,0
POI0692,Sa,14,0
POI0692,Sa,15,0
POI0692,Sa,16,0
POI0692,Sa,17,0
POI0692,Sa,18,0
POI0692,Sa,19,0
POI0692,Sa,20,0
POI0692,Sa,21,44
POI0692,Sa,22,66
POI0692,Sa,23,77
POI0695,Fr,6,0
POI0695,Fr,7,0
POI0695,Fr,8,0
POI0695,Fr,9,0
POI0695,Fr,10,0
POI0695,Fr,11,0
POI0695,Fr,12,0
POI0695,Fr,13,0
POI0695,Fr,14,0
POI0695,Fr,15,0
POI0695,Fr,16,0
POI0695,Fr,17,0
POI0695,Fr,18,0
POI0695,Fr,19,0
POI0695,Fr,20,0
POI0695,Fr,21,0
POI0695,Fr,22,0
POI0695,Fr,23,90
POI0695,Sa,0,92
POI0695,Sa,1,88
POI0695,Sa,2,75
POI0695,Sa,3,67
POI0695,Sa,4,43
POI0695,Sa,5,44
POI0695,Sa,6,37
POI0695,Sa,7,27
POI0695,Sa,8,19
POI0695,Sa,9,13
POI0695,Sa,10,6
POI0695,Sa,11,5
POI0695,Sa,12,6
POI0695,Sa,13,0
POI0695,Sa,14,0
POI0695,Sa,15,0
POI0695,Sa,16,0
POI0695,Sa,17,0
POI0695,Sa,18,0
POI0695,Sa,19,0
POI0695,Sa,20,0
POI0695,Sa,21,0
POI0695,Sa,22,0
POI0695,Sa,23,100
POI0696,Tu,0,7
POI0696,Tu,6,0
POI0696,Tu,7,0
POI0696,Tu,8,0
POI0696,Tu,9,0
POI0696,Tu,10,0
POI0696,Tu,11,0
POI0696,Tu,12,0
POI0696,Tu,13,0
POI0696,Tu,14,0
POI0696,Tu,15,0
POI0696,Tu,16,0
POI0696,Tu,17,0
POI0696,Tu,18,0
POI0696,Tu,19,0
POI0696,Tu,20,20
POI0696,Tu,21,24
POI0696,Tu,22,23
POI0696,Tu,23,14
POI0696,We,0,46
POI0696,We,6,0
POI0696,We,7,0
POI0696,We,8,0
POI0696,We,9,0
POI0696,We,10,0
POI0696,We,11,0
POI0696,We,12,0
POI0696,We,13,0
POI0696,We,14,0
POI0696,We,15,0
POI0696,We,16,0
POI0696,We,17,0
POI0696,We,18,0
POI0696,We,19,0
POI0696,We,20,71
POI0696,We,21,99
POI0696,We,22,100
POI0696,We,23,79
POI0696,Th,0,13
POI0696,Th,6,0
POI0696,Th,7,0
POI0696,Th,8,0
POI0696,Th,9,0
POI0696,Th,10,0
POI0696,Th,11,0
POI0696,Th,12,0
POI0696,Th,13,0
POI0696,Th,14,0
POI0696,Th,15,0
POI0696,Th,16,0
POI0696,Th,17,0
POI0696,Th,18,0
POI0696,Th,19,0
POI0696,Th,20,37
POI0696,Th,21,47
POI0696,Th,23,28
POI0696,Fr,0,23
POI0696,Fr,6,0
POI0696,Fr,7,0
POI0696,Fr,8,0
POI0696,Fr,9,0
POI0696,Fr,10,0
POI0696,Fr,11,0
POI0696,Fr,12,0
POI0696,Fr,13,0
POI0696,Fr,14,0
POI0696,Fr,15,0
POI0696,Fr,16,0
POI0696,Fr,17,0
POI0696,Fr,18,0
POI0696,Fr,19,0
POI0696,Fr,20,49
POI0696,Fr,21,60
POI0696,Fr,22,55
POI0696,Fr,23,46
POI0696,Sa,0,26
POI0696,Sa,6,0
POI0696,Sa,7,0
POI0696,Sa,8,0
POI0696,Sa,9,0
POI0696,Sa,10,0
POI0696,Sa,11,0
POI0696,Sa,12,0
POI0696,Sa,13,0
POI0696,Sa,14,0
POI0696,Sa,15,0
POI0696,Sa,16,0
POI0696,Sa,17,0
POI0696,Sa,18,0
POI0696,Sa,19,0
POI0696,Sa,20,50
POI0696,Sa,21,63
POI0696,Sa,22,60
POI0696,Sa,23,46
POI0696,Su,0,12
POI0696,Su,6,0
POI0696,Su,7,0
POI0696,Su,8,0
POI0696,Su,9,0
POI0696,Su,10,0
POI0696,Su,11,0
POI0696,Su,12,0
POI0696,Su,13,0
POI0696,Su,14,0
POI0696,Su,15,0
POI0696,Su,16,0
POI0696,Su,17,0
POI0696,Su,18,0
POI0696,Su,19,0
POI0696,Su,20,25
POI0696,Su,21,30
POI0696,Su,22,30
POI0696,Su,23,24
POI0699,Mo,0,7
POI0699,Mo,1,9
POI0699,Mo,6,0
POI0699,Mo,7,0
POI0699,Mo,8,0
POI0699,Mo,9,0
POI0699,Mo,10,0
POI0699,Mo,11,15
POI0699,Mo,12,12
POI0699,Mo,13,7
POI0699,Mo,14,6
POI0699,Mo,15,4
POI0699,Mo,16,4
POI0699,Mo,17,6
POI0699,Mo,18,6
POI0699,Mo,19,6
POI0699,Mo,20,9
POI0699,Mo,21,15
POI0699,Mo,22,12
POI0699,Mo,23,12
POI0699,Tu,0,23
POI0699,Tu,1,15
POI0699,Tu,6,0
POI0699,Tu,7,0
POI0699,Tu,8,0
POI0699,Tu,9,0
POI0699,Tu,10,0
POI0699,Tu,11,10
POI0699,Tu,12,10
POI0699,Tu,13,10
POI0699,Tu,14,7
POI0699,Tu,15,6
POI0699,Tu,16,9
POI0699,Tu,17,20
POI0699,Tu,18,30
POI0699,Tu,19,41
POI0699,Tu,20,46
POI0699,Tu,21,46
POI0699,Tu,22,46
POI0699,Tu,23,38
POI0699,We,0,30
POI0699,We,1,18
POI0699,We,6,0
POI0699,We,7,0
POI0699,We,8,0
POI0699,We,9,0
POI0699,We,10,0
POI0699,We,11,6
POI0699,We,12,10
POI0699,We,13,10
POI0699,We,14,10
POI0699,We,15,13
POI0699,We,16,20
POI0699,We,17,24
POI0699,We,18,33
POI0699,We,19,41
POI0699,We,20,47
POI0699,We,21,60
POI0699,We,22,61
POI0699,We,23,56
POI0699,Th,0,26
POI0699,Th,1,18
POI0699,Th,6,0
POI0699,Th,7,0
POI0699,Th,8,0
POI0699,Th,9,0
POI0699,Th,10,0
POI0699,Th,11,15
POI0699,Th,12,21
POI0699,Th,13,20
POI0699,Th,14,18
POI0699,Th,15,18
POI0699,Th,16,29
POI0699,Th,17,40
POI0699,Th,18,49
POI0699,Th,19,44
POI0699,Th,20,46
POI0699,Th,21,46
POI0699,Th,23,35
POI0699,Fr,0,72
POI0699,Fr,1,41
POI0699,Fr,2,21
POI0699,Fr,6,0
POI0699,Fr,7,0
POI0699,Fr,8,0
POI0699,Fr,9,0
POI0699,Fr,10,0
POI0699,Fr,11,12
POI0699,Fr,12,12
POI0699,Fr,13,15
POI0699,Fr,14,13
POI0699,Fr,15,20
POI0699,Fr,16,18
POI0699,Fr,17,33
POI0699,Fr,18,44
POI0699,Fr,19,56
POI0699,Fr,20,66
POI0699,Fr,21,81
POI0699,Fr,22,96
POI0699,Fr,23,100
POI0699,Sa,0,43
POI0699,Sa,1,24
POI0699,Sa,2,15
POI0699,Sa,6,0
POI0699,Sa,7,0
POI0699,Sa,8,0
POI0699,Sa,9,0
POI0699,Sa,10,13
POI0699,Sa,11,13
POI0699,Sa,12,13
POI0699,Sa,13,15
POI0699,Sa,14,24
POI0699,Sa,15,27
POI0699,Sa,16,35
POI0699,Sa,17,29
POI0699,Sa,18,38
POI0699,Sa,19,44
POI0699,Sa,20,64
POI0699,Sa,21,78
POI0699,Sa,22,80
POI0699,Sa,23,66
POI0699,Su,6,0
POI0699,Su,7,0
POI0699,Su,8,0
POI0699,Su,9,0
POI0699,Su,10,0
POI0699,Su,11,6
POI0699,Su,12,10
POI0699,Su,13,10
POI0699,Su,14,15
POI0699,Su,15,16
POI0699,Su,16,15
POI0699,Su,17,18
POI0699,Su,18,18
POI0699,Su,19,18
POI0699,Su,20,15
POI0699,Su,21,15
POI0699,Su,22,18
POI0699,Su,23,21
